{
    "name": "root",
    "gauges": {
        "3DBall.Policy.Entropy.mean": {
            "value": 1.3991467952728271,
            "min": 1.3991467952728271,
            "max": 1.418938159942627,
            "count": 4
        },
        "3DBall.Policy.Entropy.sum": {
            "value": 16739.392578125,
            "min": 16739.392578125,
            "max": 17180.50390625,
            "count": 4
        },
        "3DBall.Environment.EpisodeLength.mean": {
            "value": 29.664961636828643,
            "min": 22.296511627906977,
            "max": 29.664961636828643,
            "count": 4
        },
        "3DBall.Environment.EpisodeLength.sum": {
            "value": 11599.0,
            "min": 11491.0,
            "max": 11599.0,
            "count": 4
        },
        "3DBall.Step.mean": {
            "value": 47977.0,
            "min": 11991.0,
            "max": 47977.0,
            "count": 4
        },
        "3DBall.Step.sum": {
            "value": 47977.0,
            "min": 11991.0,
            "max": 47977.0,
            "count": 4
        },
        "3DBall.Policy.ExtrinsicValueEstimate.mean": {
            "value": 0.40891072154045105,
            "min": -0.013752264901995659,
            "max": 0.40891072154045105,
            "count": 4
        },
        "3DBall.Policy.ExtrinsicValueEstimate.sum": {
            "value": 159.88409423828125,
            "min": -7.082416534423828,
            "max": 159.88409423828125,
            "count": 4
        },
        "3DBall.Environment.CumulativeReward.mean": {
            "value": 1.9649615495101265,
            "min": 1.2283494847492107,
            "max": 1.9649615495101265,
            "count": 4
        },
        "3DBall.Environment.CumulativeReward.sum": {
            "value": 768.2999658584595,
            "min": 632.5999846458435,
            "max": 768.2999658584595,
            "count": 4
        },
        "3DBall.Policy.ExtrinsicReward.mean": {
            "value": 1.9649615495101265,
            "min": 1.2283494847492107,
            "max": 1.9649615495101265,
            "count": 4
        },
        "3DBall.Policy.ExtrinsicReward.sum": {
            "value": 768.2999658584595,
            "min": 632.5999846458435,
            "max": 768.2999658584595,
            "count": 4
        },
        "3DBall.IsTraining.mean": {
            "value": 1.0,
            "min": 1.0,
            "max": 1.0,
            "count": 4
        },
        "3DBall.IsTraining.sum": {
            "value": 1.0,
            "min": 1.0,
            "max": 1.0,
            "count": 4
        },
        "3DBall.Losses.PolicyLoss.mean": {
            "value": 0.21117993071040864,
            "min": 0.21117993071040864,
            "max": 0.21764186123099463,
            "count": 2
        },
        "3DBall.Losses.PolicyLoss.sum": {
            "value": 0.21117993071040864,
            "min": 0.21117993071040864,
            "max": 0.21764186123099463,
            "count": 2
        },
        "3DBall.Losses.ValueLoss.mean": {
            "value": 0.2432776501234703,
            "min": 0.2242735684347327,
            "max": 0.2432776501234703,
            "count": 2
        },
        "3DBall.Losses.ValueLoss.sum": {
            "value": 0.2432776501234703,
            "min": 0.2242735684347327,
            "max": 0.2432776501234703,
            "count": 2
        },
        "3DBall.Policy.LearningRate.mean": {
            "value": 0.00018646360676819994,
            "min": 0.00018646360676819994,
            "max": 0.00019322840338579998,
            "count": 2
        },
        "3DBall.Policy.LearningRate.sum": {
            "value": 0.00018646360676819994,
            "min": 0.00018646360676819994,
            "max": 0.00019322840338579998,
            "count": 2
        },
        "3DBall.Policy.Epsilon.mean": {
            "value": 0.23984769999999994,
            "min": 0.23984769999999994,
            "max": 0.2449213000000001,
            "count": 2
        },
        "3DBall.Policy.Epsilon.sum": {
            "value": 0.23984769999999994,
            "min": 0.23984769999999994,
            "max": 0.2449213000000001,
            "count": 2
        },
        "3DBall.Policy.Beta.mean": {
            "value": 0.0011194584200000003,
            "min": 0.0011194584200000003,
            "max": 0.0011597089799999997,
            "count": 2
        },
        "3DBall.Policy.Beta.sum": {
            "value": 0.0011194584200000003,
            "min": 0.0011194584200000003,
            "max": 0.0011597089799999997,
            "count": 2
        }
    },
    "metadata": {
        "timer_format_version": "0.1.0",
        "start_time_seconds": "1764960782",
        "python_version": "3.10.11 (tags/v3.10.11:7d4cc5a, Apr  5 2023, 00:38:17) [MSC v.1929 64 bit (AMD64)]",
        "command_line_arguments": "C:\\Users\\moebn\\Documents\\University\\Project 2-1\\project_2_1_group_7\\venv\\Scripts\\mlagents-learn Config/training_config.yaml --run-id=run_batch_size14_buffer_size16900_learning_rate0.0002_beta0.0012_epsilon0.25 --time-scale=20 --env=3DBall_environment/UnityEnvironment.exe --no-graphics",
        "mlagents_version": "1.0.0",
        "mlagents_envs_version": "1.0.0",
        "communication_protocol_version": "1.5.0",
        "pytorch_version": "2.9.1+cpu",
        "numpy_version": "1.23.5",
        "end_time_seconds": "1764960818"
    },
    "total": 35.55665710000176,
    "count": 1,
    "self": 0.15441150000333437,
    "children": {
        "run_training.setup": {
            "total": 0.06674159999965923,
            "count": 1,
            "self": 0.06674159999965923
        },
        "TrainerController.start_learning": {
            "total": 35.335503999998764,
            "count": 1,
            "self": 0.04864849982550368,
            "children": {
                "TrainerController._reset_env": {
                    "total": 3.3455897999992885,
                    "count": 1,
                    "self": 3.3455897999992885
                },
                "TrainerController.advance": {
                    "total": 31.934709500175813,
                    "count": 5660,
                    "self": 0.047800300279050134,
                    "children": {
                        "env_step": {
                            "total": 14.048315399915737,
                            "count": 5660,
                            "self": 12.494543299762881,
                            "children": {
                                "SubprocessEnvManager._take_step": {
                                    "total": 1.5201719000688172,
                                    "count": 5660,
                                    "self": 0.12266360021021683,
                                    "children": {
                                        "TorchPolicy.evaluate": {
                                            "total": 1.3975082998586004,
                                            "count": 4183,
                                            "self": 1.3975082998586004
                                        }
                                    }
                                },
                                "workers": {
                                    "total": 0.03360020008403808,
                                    "count": 5660,
                                    "self": 0.0,
                                    "children": {
                                        "worker_root": {
                                            "total": 32.50513089984452,
                                            "count": 5660,
                                            "is_parallel": true,
                                            "self": 22.974777799983713,
                                            "children": {
                                                "steps_from_proto": {
                                                    "total": 0.00027259999842499383,