{
    "name": "root",
    "gauges": {
        "3DBall.Policy.Entropy.mean": {
            "value": 1.3810334205627441,
            "min": 1.3810334205627441,
            "max": 1.4180415868759155,
            "count": 4
        },
        "3DBall.Policy.Entropy.sum": {
            "value": 21925.287109375,
            "min": 17004.484375,
            "max": 21925.287109375,
            "count": 4
        },
        "3DBall.Environment.EpisodeLength.mean": {
            "value": 271.6170212765957,
            "min": 22.16377649325626,
            "max": 271.6170212765957,
            "count": 4
        },
        "3DBall.Environment.EpisodeLength.sum": {
            "value": 12766.0,
            "min": 11503.0,
            "max": 12766.0,
            "count": 4
        },
        "3DBall.Step.mean": {
            "value": 47841.0,
            "min": 11994.0,
            "max": 47841.0,
            "count": 4
        },
        "3DBall.Step.sum": {
            "value": 47841.0,
            "min": 11994.0,
            "max": 47841.0,
            "count": 4
        },
        "3DBall.Policy.ExtrinsicValueEstimate.mean": {
            "value": 3.456693649291992,
            "min": 0.3080403208732605,
            "max": 3.456693649291992,
            "count": 4
        },
        "3DBall.Policy.ExtrinsicValueEstimate.sum": {
            "value": 162.464599609375,
            "min": 156.4891815185547,
            "max": 220.98086547851562,
            "count": 4
        },
        "3DBall.Environment.CumulativeReward.mean": {
            "value": 24.52766332220524,
            "min": 1.2154439733755635,
            "max": 24.52766332220524,
            "count": 4
        },
        "3DBall.Environment.CumulativeReward.sum": {
            "value": 1152.8001761436462,
            "min": 629.5999782085419,
            "max": 1152.8001761436462,
            "count": 4
        },
        "3DBall.Policy.ExtrinsicReward.mean": {
            "value": 24.52766332220524,
            "min": 1.2154439733755635,
            "max": 24.52766332220524,
            "count": 4
        },
        "3DBall.Policy.ExtrinsicReward.sum": {
            "value": 1152.8001761436462,
            "min": 629.5999782085419,
            "max": 1152.8001761436462,
            "count": 4
        },
        "3DBall.Losses.PolicyLoss.mean": {
            "value": 0.12235308912109297,
            "min": 0.11970241565548581,
            "max": 0.12736474313324433,
            "count": 4
        },
        "3DBall.Losses.PolicyLoss.sum": {
            "value": 0.24470617824218593,
            "min": 0.23940483131097162,
            "max": 0.3805594854849895,
            "count": 4
        },
        "3DBall.Losses.ValueLoss.mean": {
            "value": 3.095298063616007,
            "min": 0.3629995770179792,
            "max": 3.095298063616007,
            "count": 4
        },
        "3DBall.Losses.ValueLoss.sum": {
            "value": 6.190596127232014,
            "min": 0.7259991540359584,
            "max": 6.190596127232014,
            "count": 4
        },
        "3DBall.Policy.LearningRate.mean": {
            "value": 0.00018304460847769997,
            "min": 0.00018304460847769997,
            "max": 0.00019704860147570004,
            "count": 4
        },
        "3DBall.Policy.LearningRate.sum": {
            "value": 0.00036608921695539993,
            "min": 0.00036608921695539993,
            "max": 0.0005645672177163999,
            "count": 4
        },
        "3DBall.Policy.Epsilon.mean": {
            "value": 0.23728344999999995,
            "min": 0.23728344999999995,
            "max": 0.24778645,
            "count": 4
        },
        "3DBall.Policy.Epsilon.sum": {
            "value": 0.4745668999999999,
            "min": 0.4745668999999999,
            "max": 0.7234253999999999,
            "count": 4
        },
        "3DBall.Policy.Beta.mean": {
            "value": 0.00119063767,
            "min": 0.00119063767,
            "max": 0.00128096347,
            "count": 4
        },
        "3DBall.Policy.Beta.sum": {
            "value": 0.00238127534,
            "min": 0.00238127534,
            "max": 0.00367145844,
            "count": 4
        },
        "3DBall.IsTraining.mean": {
            "value": 1.0,
            "min": 1.0,
            "max": 1.0,
            "count": 4
        },
        "3DBall.IsTraining.sum": {
            "value": 1.0,
            "min": 1.0,
            "max": 1.0,
            "count": 4
        }
    },
    "metadata": {
        "timer_format_version": "0.1.0",
        "start_time_seconds": "1765094645",
        "python_version": "3.10.11 (tags/v3.10.11:7d4cc5a, Apr  5 2023, 00:38:17) [MSC v.1929 64 bit (AMD64)]",
        "command_line_arguments": "C:\\Users\\moebn\\Documents\\University\\Project 2-1\\project_2_1_group_7\\venv\\Scripts\\mlagents-learn Config/training_config.yaml --run-id=run_batch_size40_buffer_size4900_learning_rate0.0002_beta0.0013_epsilon0.25 --time-scale=20 --env=3DBall_environment/UnityEnvironment.exe --no-graphics",
        "mlagents_version": "1.0.0",
        "mlagents_envs_version": "1.0.0",
        "communication_protocol_version": "1.5.0",
        "pytorch_version": "2.9.1+cpu",
        "numpy_version": "1.23.5",
        "end_time_seconds": "1765094675"
    },
    "total": 30.054127599985804,
    "count": 1,
    "self": 0.15673319998313673,
    "children": {
        "run_training.setup": {
            "total": 0.06952109999838285,
            "count": 1,
            "self": 0.06952109999838285
        },
        "TrainerController.start_learning": {
            "total": 29.827873300004285,
            "count": 1,
            "self": 0.04594270113739185,
            "children": {
                "TrainerController._reset_env": {
                    "total": 3.455252700019628,
                    "count": 1,
                    "self": 3.455252700019628
                },
                "TrainerController.advance": {
                    "total": 26.32033109886106,
                    "count": 5448,
                    "self": 0.04548099925159477,
                    "children": {
                        "env_step": {
                            "total": 14.78059029977885,
                            "count": 5448,
                            "self": 13.057002899848158,
                            "children": {
                                "SubprocessEnvManager._take_step": {
                                    "total": 1.692063099500956,
                                    "count": 5448,
                                    "self": 0.1275904997892212,
                                    "children": {
                                        "TorchPolicy.evaluate": {
                                            "total": 1.5644725997117348,
                                            "count": 4549,
                                            "self": 1.5644725997117348
                                        }
                                    }
                                },
                                "workers": {
                                    "total": 0.031524300429737195,
                                    "count": 5448,
                                    "self": 0.0,
                                    "children": {
                                        "worker_root": {
                                            "total": 26.899504198227078,
                                            "count": 5448,
                                            "is_parallel": true,
                                            "self": 16.835433496715268,
                                            "children": {
                                                "steps_from_proto": {
                                                    "total": 0.00025320000713691115,
                                                    "count": 1,