{
    "name": "root",
    "gauges": {
        "3DBall.Policy.Entropy.mean": {
            "value": 1.3929219245910645,
            "min": 1.391298770904541,
            "max": 1.418536901473999,
            "count": 41
        },
        "3DBall.Policy.Entropy.sum": {
            "value": 16715.0625,
            "min": 15205.4453125,
            "max": 19813.546875,
            "count": 41
        },
        "3DBall.Environment.EpisodeLength.mean": {
            "value": 999.0,
            "min": 21.56390977443609,
            "max": 999.0,
            "count": 41
        },
        "3DBall.Environment.EpisodeLength.sum": {
            "value": 11988.0,
            "min": 11472.0,
            "max": 12575.0,
            "count": 41
        },
        "3DBall.Step.mean": {
            "value": 491034.0,
            "min": 11977.0,
            "max": 491034.0,
            "count": 41
        },
        "3DBall.Step.sum": {
            "value": 491034.0,
            "min": 11977.0,
            "max": 491034.0,
            "count": 41
        },
        "3DBall.Policy.ExtrinsicValueEstimate.mean": {
            "value": 10.000167846679688,
            "min": 0.22996406257152557,
            "max": 10.000167846679688,
            "count": 41
        },
        "3DBall.Policy.ExtrinsicValueEstimate.sum": {
            "value": 120.00201416015625,
            "min": 104.96538543701172,
            "max": 223.00003051757812,
            "count": 41
        },
        "3DBall.Environment.CumulativeReward.mean": {
            "value": 100.00001525878906,
            "min": 1.1555555204662675,
            "max": 100.00001525878906,
            "count": 41
        },
        "3DBall.Environment.CumulativeReward.sum": {
            "value": 1200.0001831054688,
            "min": 613.599981367588,
            "max": 1256.700192451477,
            "count": 41
        },
        "3DBall.Policy.ExtrinsicReward.mean": {
            "value": 100.00001525878906,
            "min": 1.1555555204662675,
            "max": 100.00001525878906,
            "count": 41
        },
        "3DBall.Policy.ExtrinsicReward.sum": {
            "value": 1200.0001831054688,
            "min": 613.599981367588,
            "max": 1256.700192451477,
            "count": 41
        },
        "3DBall.Losses.PolicyLoss.mean": {
            "value": 0.14131384049591963,
            "min": 0.126603506214382,
            "max": 0.1454980968504803,
            "count": 41
        },
        "3DBall.Losses.PolicyLoss.sum": {
            "value": 0.14131384049591963,
            "min": 0.126603506214382,
            "max": 0.28449949262515795,
            "count": 41
        },
        "3DBall.Losses.ValueLoss.mean": {
            "value": 0.0038422700726816017,
            "min": 0.0035067321427447074,
            "max": 4.804780043136002,
            "count": 41
        },
        "3DBall.Losses.ValueLoss.sum": {
            "value": 0.0038422700726816017,
            "min": 0.0035067321427447074,
            "max": 9.609560086272005,
            "count": 41
        },
        "3DBall.Policy.LearningRate.mean": {
            "value": 1.5966968067999976e-06,
            "min": 1.5966968067999976e-06,
            "max": 4.91797016406e-05,
            "count": 41
        },
        "3DBall.Policy.LearningRate.sum": {
            "value": 1.5966968067999976e-06,
            "min": 1.5966968067999976e-06,
            "max": 9.42507114986e-05,
            "count": 41
        },
        "3DBall.Policy.Epsilon.mean": {
            "value": 0.1095796,
            "min": 0.1095796,
            "max": 0.3950782,
            "count": 41
        },
        "3DBall.Policy.Epsilon.sum": {
            "value": 0.1095796,
            "min": 0.1095796,
            "max": 0.7655042000000002,
            "count": 41
        },
        "3DBall.Policy.Beta.mean": {
            "value": 1.2873880000000003e-05,
            "min": 1.2873880000000003e-05,
            "max": 9.852346e-05,
            "count": 41
        },
        "3DBall.Policy.Beta.sum": {
            "value": 1.2873880000000003e-05,
            "min": 1.2873880000000003e-05,
            "max": 0.00018965126,
            "count": 41
        },
        "3DBall.IsTraining.mean": {
            "value": 1.0,
            "min": 1.0,
            "max": 1.0,
            "count": 41
        },
        "3DBall.IsTraining.sum": {
            "value": 1.0,
            "min": 1.0,
            "max": 1.0,
            "count": 41
        }
    },
    "metadata": {
        "timer_format_version": "0.1.0",
        "start_time_seconds": "1767781893",
        "python_version": "3.10.11 (tags/v3.10.11:7d4cc5a, Apr  5 2023, 00:38:17) [MSC v.1929 64 bit (AMD64)]",
        "command_line_arguments": "C:\\Users\\atoz\\Documents\\01_2025_2026_year_2\\semester_1\\project_2_1\\code\\project_2_1_group_7\\venv\\Scripts\\mlagents-learn Config/training_config.yaml --run-id=omar-run324 --time-scale=20 --env=3DBall_environment/UnityEnvironment.exe --no-graphics",
        "mlagents_version": "1.0.0",
        "mlagents_envs_version": "1.0.0",
        "communication_protocol_version": "1.5.0",
        "pytorch_version": "1.13.1+cpu",
        "numpy_version": "1.23.5",
        "end_time_seconds": "1767782794"
    },
    "total": 900.6996211000369,
    "count": 1,
    "self": 0.7397578000091016,
    "children": {
        "run_training.setup": {
            "total": 0.27828949998365715,
            "count": 1,
            "self": 0.27828949998365715
        },
        "TrainerController.start_learning": {
            "total": 899.6815738000441,
            "count": 1,
            "self": 0.9924987976555713,
            "children": {
                "TrainerController._reset_env": {
                    "total": 16.72931340005016,
                    "count": 1,
                    "self": 16.72931340005016
                },
                "TrainerController.advance": {
                    "total": 881.836922902381,
                    "count": 44147,
                    "self": 0.9467060072347522,
                    "children": {
                        "env_step": {
                            "total": 278.5460451929248,
                            "count": 44147,
                            "self": 230.6080265888013,
                            "children": {
                                "SubprocessEnvManager._take_step": {
                                    "total": 47.285646809090395,
                                    "count": 44147,
                                    "self": 3.5304566046688706,
                                    "children": {
                                        "TorchPolicy.evaluate": {
                                            "total": 43.755190204421524,
                                            "count": 42209,
                                            "self": 43.755190204421524
                                        }
                                    }
                                },
                                "workers": {
                                    "total": 0.6523717950331047,
                                    "count": 44147,
                                    "self": 0.0,
                                    "children": {
                                        "worker_root": {
                                            "total": 881.2756086940644,
                                            "count": 44147,
                                            "is_parallel": true,
                                            "self": 719.6348372927168,
                                            "children": {
                                                "steps_from_proto": {
                                                    "total": 0.0006531000253744423,
                                                    "count": 1,
                                                    "is_parallel": true,