{
    "name": "root",
    "gauges": {
        "3DBall.Policy.Entropy.mean": {
            "value": 1.3512662649154663,
            "min": 1.3512662649154663,
            "max": 1.4226369857788086,
            "count": 4
        },
        "3DBall.Policy.Entropy.sum": {
            "value": 16215.1953125,
            "min": 16215.1953125,
            "max": 20473.173828125,
            "count": 4
        },
        "3DBall.Environment.EpisodeLength.mean": {
            "value": 984.1666666666666,
            "min": 24.98701298701299,
            "max": 984.1666666666666,
            "count": 4
        },
        "3DBall.Environment.EpisodeLength.sum": {
            "value": 11810.0,
            "min": 11544.0,
            "max": 12333.0,
            "count": 4
        },
        "3DBall.Step.mean": {
            "value": 47435.0,
            "min": 11974.0,
            "max": 47435.0,
            "count": 4
        },
        "3DBall.Step.sum": {
            "value": 47435.0,
            "min": 11974.0,
            "max": 47435.0,
            "count": 4
        },
        "3DBall.Policy.ExtrinsicValueEstimate.mean": {
            "value": 9.517692565917969,
            "min": 0.19746237993240356,
            "max": 9.517692565917969,
            "count": 4
        },
        "3DBall.Policy.ExtrinsicValueEstimate.sum": {
            "value": 114.21231079101562,
            "min": 91.03015899658203,
            "max": 265.08349609375,
            "count": 4
        },
        "3DBall.Environment.CumulativeReward.mean": {
            "value": 98.42501576741536,
            "min": 1.497396926559233,
            "max": 98.42501576741536,
            "count": 4
        },
        "3DBall.Environment.CumulativeReward.sum": {
            "value": 1181.1001892089844,
            "min": 690.2999831438065,
            "max": 1181.1001892089844,
            "count": 4
        },
        "3DBall.Policy.ExtrinsicReward.mean": {
            "value": 98.42501576741536,
            "min": 1.497396926559233,
            "max": 98.42501576741536,
            "count": 4
        },
        "3DBall.Policy.ExtrinsicReward.sum": {
            "value": 1181.1001892089844,
            "min": 690.2999831438065,
            "max": 1181.1001892089844,
            "count": 4
        },
        "3DBall.Losses.PolicyLoss.mean": {
            "value": 0.20450106511366317,
            "min": 0.20450106511366317,
            "max": 0.2170234927802911,
            "count": 4
        },
        "3DBall.Losses.PolicyLoss.sum": {
            "value": 0.8180042604546527,
            "min": 0.8180042604546527,
            "max": 1.0679683718297557,
            "count": 4
        },
        "3DBall.Losses.ValueLoss.mean": {
            "value": 0.30701949398359546,
            "min": 0.30701949398359546,
            "max": 1.7938854117266718,
            "count": 4
        },
        "3DBall.Losses.ValueLoss.sum": {
            "value": 1.2280779759343818,
            "min": 1.2280779759343818,
            "max": 7.944421032093314,
            "count": 4
        },
        "3DBall.Policy.LearningRate.mean": {
            "value": 0.00027478560840479995,
            "min": 0.00027478560840479995,
            "max": 0.00029622165125945,
            "count": 4
        },
        "3DBall.Policy.LearningRate.sum": {
            "value": 0.0010991424336191998,
            "min": 0.0010991424336191998,
            "max": 0.0014469534176822,
            "count": 4
        },
        "3DBall.Policy.Epsilon.mean": {
            "value": 0.19159520000000002,
            "min": 0.19159520000000002,
            "max": 0.19874055000000002,
            "count": 4
        },
        "3DBall.Policy.Epsilon.sum": {
            "value": 0.7663808000000001,
            "min": 0.7663808000000001,
            "max": 0.9823178000000001,
            "count": 4
        },
        "3DBall.Policy.Beta.mean": {
            "value": 0.00109998288,
            "min": 0.00109998288,
            "max": 0.001185012545,
            "count": 4
        },
        "3DBall.Policy.Beta.sum": {
            "value": 0.00439993152,
            "min": 0.00439993152,
            "max": 0.00578958182,
            "count": 4
        },
        "3DBall.IsTraining.mean": {
            "value": 1.0,
            "min": 1.0,
            "max": 1.0,
            "count": 4
        },
        "3DBall.IsTraining.sum": {
            "value": 1.0,
            "min": 1.0,
            "max": 1.0,
            "count": 4
        }
    },
    "metadata": {
        "timer_format_version": "0.1.0",
        "start_time_seconds": "1764913081",
        "python_version": "3.10.11 (tags/v3.10.11:7d4cc5a, Apr  5 2023, 00:38:17) [MSC v.1929 64 bit (AMD64)]",
        "command_line_arguments": "C:\\Users\\moebn\\Documents\\University\\Project 2-1\\project_2_1_group_7\\venv\\Scripts\\mlagents-learn Config/training_config.yaml --run-id=run_batch_size14_buffer_size2500_learning_rate0.0003_beta0.0012_epsilon0.2 --time-scale=20 --env=3DBall_environment/UnityEnvironment.exe --no-graphics",
        "mlagents_version": "1.0.0",
        "mlagents_envs_version": "1.0.0",
        "communication_protocol_version": "1.5.0",
        "pytorch_version": "2.9.1+cpu",
        "numpy_version": "1.23.5",
        "end_time_seconds": "1764913125"
    },
    "total": 44.069694799996796,
    "count": 1,
    "self": 0.1930968000087887,
    "children": {
        "run_training.setup": {
            "total": 0.06813809998857323,
            "count": 1,
            "self": 0.06813809998857323
        },
        "TrainerController.start_learning": {
            "total": 43.808459899999434,
            "count": 1,
            "self": 0.04514960045344196,
            "children": {
                "TrainerController._reset_env": {
                    "total": 3.415147400010028,
                    "count": 1,
                    "self": 3.415147400010028
                },
                "TrainerController.advance": {
                    "total": 40.34164079952461,
                    "count": 5265,
                    "self": 0.043155899620614946,
                    "children": {
                        "env_step": {
                            "total": 14.70390239979315,
                            "count": 5265,
                            "self": 13.031594599087839,
                            "children": {
                                "SubprocessEnvManager._take_step": {
                                    "total": 1.6407508004485862,
                                    "count": 5265,
                                    "self": 0.13498740026261657,
                                    "children": {
                                        "TorchPolicy.evaluate": {
                                            "total": 1.5057634001859697,
                                            "count": 4730,
                                            "self": 1.5057634001859697
                                        }
                                    }
                                },
                                "workers": {
                                    "total": 0.03155700025672559,
                                    "count": 5265,
                                    "self": 0.0,
                                    "children": {
                                        "worker_root": {
                                            "total": 40.8665479002957,
                                            "count": 5265,
                                            "is_parallel": true,
                                            "self": 30.824653400908574,
                                            "children": {
                                                "steps_from_proto": {
                                                    "total": 0.00027239999326411635,
                                                    "count": 1,