{
    "name": "root",
    "gauges": {
        "3DBall.Policy.Entropy.mean": {
            "value": 1.3790676593780518,
            "min": 1.3790676593780518,
            "max": 1.4189382791519165,
            "count": 4
        },
        "3DBall.Policy.Entropy.sum": {
            "value": 16631.556640625,
            "min": 16631.556640625,
            "max": 17248.61328125,
            "count": 4
        },
        "3DBall.Environment.EpisodeLength.mean": {
            "value": 24.35940803382664,
            "min": 21.770398481973434,
            "max": 24.35940803382664,
            "count": 4
        },
        "3DBall.Environment.EpisodeLength.sum": {
            "value": 11522.0,
            "min": 11473.0,
            "max": 11522.0,
            "count": 4
        },
        "3DBall.Step.mean": {
            "value": 47976.0,
            "min": 11981.0,
            "max": 47976.0,
            "count": 4
        },
        "3DBall.Step.sum": {
            "value": 47976.0,
            "min": 11981.0,
            "max": 47976.0,
            "count": 4
        },
        "3DBall.Policy.ExtrinsicValueEstimate.mean": {
            "value": 0.22839701175689697,
            "min": -0.12576600909233093,
            "max": 0.22839701175689697,
            "count": 4
        },
        "3DBall.Policy.ExtrinsicValueEstimate.sum": {
            "value": 108.03178405761719,
            "min": -65.52409362792969,
            "max": 108.03178405761719,
            "count": 4
        },
        "3DBall.Environment.CumulativeReward.mean": {
            "value": 1.4344608287226575,
            "min": 1.1762808018436468,
            "max": 1.4344608287226575,
            "count": 4
        },
        "3DBall.Environment.CumulativeReward.sum": {
            "value": 678.499971985817,
            "min": 619.8999825716019,
            "max": 678.499971985817,
            "count": 4
        },
        "3DBall.Policy.ExtrinsicReward.mean": {
            "value": 1.4344608287226575,
            "min": 1.1762808018436468,
            "max": 1.4344608287226575,
            "count": 4
        },
        "3DBall.Policy.ExtrinsicReward.sum": {
            "value": 678.499971985817,
            "min": 619.8999825716019,
            "max": 678.499971985817,
            "count": 4
        },
        "3DBall.IsTraining.mean": {
            "value": 1.0,
            "min": 1.0,
            "max": 1.0,
            "count": 4
        },
        "3DBall.IsTraining.sum": {
            "value": 1.0,
            "min": 1.0,
            "max": 1.0,
            "count": 4
        },
        "3DBall.Losses.PolicyLoss.mean": {
            "value": 0.7153965627909114,
            "min": 0.7153965627909114,
            "max": 0.7721757180928492,
            "count": 2
        },
        "3DBall.Losses.PolicyLoss.sum": {
            "value": 0.7153965627909114,
            "min": 0.7153965627909114,
            "max": 0.7721757180928492,
            "count": 2
        },
        "3DBall.Losses.ValueLoss.mean": {
            "value": 0.13325786796326766,
            "min": 0.13325786796326766,
            "max": 0.15391113917714364,
            "count": 2
        },
        "3DBall.Losses.ValueLoss.sum": {
            "value": 0.13325786796326766,
            "min": 0.13325786796326766,
            "max": 0.15391113917714364,
            "count": 2
        },
        "3DBall.Policy.LearningRate.mean": {
            "value": 0.00027681900772699985,
            "min": 0.00027681900772699985,
            "max": 0.0002884062038646,
            "count": 2
        },
        "3DBall.Policy.LearningRate.sum": {
            "value": 0.00027681900772699985,
            "min": 0.00027681900772699985,
            "max": 0.0002884062038646,
            "count": 2
        },
        "3DBall.Policy.Epsilon.mean": {
            "value": 0.1922730000000001,
            "min": 0.1922730000000001,
            "max": 0.19613540000000002,
            "count": 2
        },
        "3DBall.Policy.Epsilon.sum": {
            "value": 0.1922730000000001,
            "min": 0.1922730000000001,
            "max": 0.19613540000000002,
            "count": 2
        },
        "3DBall.Policy.Beta.mean": {
            "value": 0.0011080486999999995,
            "min": 0.0011080486999999995,
            "max": 0.0011540112600000002,
            "count": 2
        },
        "3DBall.Policy.Beta.sum": {
            "value": 0.0011080486999999995,
            "min": 0.0011080486999999995,
            "max": 0.0011540112600000002,
            "count": 2
        }
    },
    "metadata": {
        "timer_format_version": "0.1.0",
        "start_time_seconds": "1764856939",
        "python_version": "3.10.11 (tags/v3.10.11:7d4cc5a, Apr  5 2023, 00:38:17) [MSC v.1929 64 bit (AMD64)]",
        "command_line_arguments": "C:\\Users\\moebn\\Documents\\University\\Project 2-1\\project_2_1_group_7\\venv\\Scripts\\mlagents-learn Config/training_config.yaml --run-id=run_batch_size1_buffer_size19300_learning_rate0.0003_beta0.0012_epsilon0.2 --time-scale=20 --env=3DBall_environment/UnityEnvironment.exe --no-graphics",
        "mlagents_version": "1.0.0",
        "mlagents_envs_version": "1.0.0",
        "communication_protocol_version": "1.5.0",
        "pytorch_version": "2.9.1+cpu",
        "numpy_version": "1.23.5",
        "end_time_seconds": "1764857175"
    },
    "total": 235.95317000000068,
    "count": 1,
    "self": 0.15597560000242083,
    "children": {
        "run_training.setup": {
            "total": 0.06285209999987273,
            "count": 1,
            "self": 0.06285209999987273
        },
        "TrainerController.start_learning": {
            "total": 235.7343422999984,
            "count": 1,
            "self": 0.05041070002698689,
            "children": {
                "TrainerController._reset_env": {
                    "total": 3.3276860999976634,
                    "count": 1,
                    "self": 3.3276860999976634
                },
                "TrainerController.advance": {
                    "total": 232.3496386999759,
                    "count": 5801,
                    "self": 0.046957300437497906,
                    "children": {
                        "env_step": {
                            "total": 14.023076599722117,
                            "count": 5801,
                            "self": 12.500046399705752,
                            "children": {
                                "SubprocessEnvManager._take_step": {
                                    "total": 1.4893461999708961,
                                    "count": 5801,
                                    "self": 0.12209659979271237,
                                    "children": {
                                        "TorchPolicy.evaluate": {
                                            "total": 1.3672496001781838,
                                            "count": 4185,
                                            "self": 1.3672496001781838
                                        }
                                    }
                                },
                                "workers": {
                                    "total": 0.033684000045468565,
                                    "count": 5801,
                                    "self": 0.0,
                                    "children": {
                                        "worker_root": {
                                            "total": 232.8436716000033,
                                            "count": 5801,
                                            "is_parallel": true,
                                            "self": 223.3195889999588,
                                            "children": {
                                                "steps_from_proto": {
                                                    "total": 0.0002683000020624604,
                                                    "count": 1,