{
    "name": "root",
    "gauges": {
        "3DBall.Policy.Entropy.mean": {
            "value": 1.4054865837097168,
            "min": 1.4054865837097168,
            "max": 1.4208993911743164,
            "count": 4
        },
        "3DBall.Policy.Entropy.sum": {
            "value": 17742.86328125,
            "min": 17119.921875,
            "max": 17742.86328125,
            "count": 4
        },
        "3DBall.Environment.EpisodeLength.mean": {
            "value": 49.17226890756302,
            "min": 21.291280148423006,
            "max": 49.17226890756302,
            "count": 4
        },
        "3DBall.Environment.EpisodeLength.sum": {
            "value": 11703.0,
            "min": 11476.0,
            "max": 11703.0,
            "count": 4
        },
        "3DBall.Step.mean": {
            "value": 47926.0,
            "min": 11995.0,
            "max": 47926.0,
            "count": 4
        },
        "3DBall.Step.sum": {
            "value": 47926.0,
            "min": 11995.0,
            "max": 47926.0,
            "count": 4
        },
        "3DBall.Policy.ExtrinsicValueEstimate.mean": {
            "value": 1.1615935564041138,
            "min": -0.09401100128889084,
            "max": 1.1615935564041138,
            "count": 4
        },
        "3DBall.Policy.ExtrinsicValueEstimate.sum": {
            "value": 276.4592590332031,
            "min": -50.577919006347656,
            "max": 276.4592590332031,
            "count": 4
        },
        "3DBall.Environment.CumulativeReward.mean": {
            "value": 3.915126338225453,
            "min": 1.129553874407559,
            "max": 3.915126338225453,
            "count": 4
        },
        "3DBall.Environment.CumulativeReward.sum": {
            "value": 931.8000684976578,
            "min": 607.6999844312668,
            "max": 931.8000684976578,
            "count": 4
        },
        "3DBall.Policy.ExtrinsicReward.mean": {
            "value": 3.915126338225453,
            "min": 1.129553874407559,
            "max": 3.915126338225453,
            "count": 4
        },
        "3DBall.Policy.ExtrinsicReward.sum": {
            "value": 931.8000684976578,
            "min": 607.6999844312668,
            "max": 931.8000684976578,
            "count": 4
        },
        "3DBall.Losses.PolicyLoss.mean": {
            "value": 0.12636049390567564,
            "min": 0.12333189536586928,
            "max": 0.12636049390567564,
            "count": 4
        },
        "3DBall.Losses.PolicyLoss.sum": {
            "value": 0.25272098781135127,
            "min": 0.24666379073173855,
            "max": 0.37310993275590076,
            "count": 4
        },
        "3DBall.Losses.ValueLoss.mean": {
            "value": 1.0643259518133488,
            "min": 0.23802376338000833,
            "max": 1.0643259518133488,
            "count": 4
        },
        "3DBall.Losses.ValueLoss.sum": {
            "value": 2.1286519036266975,
            "min": 0.47604752676001666,
            "max": 2.1286519036266975,
            "count": 4
        },
        "3DBall.Policy.LearningRate.mean": {
            "value": 0.00018329000835500006,
            "min": 0.00018329000835500006,
            "max": 0.00019704900147550004,
            "count": 4
        },
        "3DBall.Policy.LearningRate.sum": {
            "value": 0.0003665800167100001,
            "min": 0.0003665800167100001,
            "max": 0.0005646080176959999,
            "count": 4
        },
        "3DBall.Policy.Epsilon.mean": {
            "value": 0.14582249999999997,
            "min": 0.14582249999999997,
            "max": 0.14926225000000004,
            "count": 4
        },
        "3DBall.Policy.Epsilon.sum": {
            "value": 0.29164499999999993,
            "min": 0.29164499999999993,
            "max": 0.441152,
            "count": 4
        },
        "3DBall.Policy.Beta.mean": {
            "value": 0.0011922204999999996,
            "min": 0.0011922204999999996,
            "max": 0.0012809660500000004,
            "count": 4
        },
        "3DBall.Policy.Beta.sum": {
            "value": 0.0023844409999999993,
            "min": 0.0023844409999999993,
            "max": 0.0036717216,
            "count": 4
        },
        "3DBall.IsTraining.mean": {
            "value": 1.0,
            "min": 1.0,
            "max": 1.0,
            "count": 4
        },
        "3DBall.IsTraining.sum": {
            "value": 1.0,
            "min": 1.0,
            "max": 1.0,
            "count": 4
        }
    },
    "metadata": {
        "timer_format_version": "0.1.0",
        "start_time_seconds": "1765094576",
        "python_version": "3.10.11 (tags/v3.10.11:7d4cc5a, Apr  5 2023, 00:38:17) [MSC v.1929 64 bit (AMD64)]",
        "command_line_arguments": "C:\\Users\\moebn\\Documents\\University\\Project 2-1\\project_2_1_group_7\\venv\\Scripts\\mlagents-learn Config/training_config.yaml --run-id=run_batch_size40_buffer_size4900_learning_rate0.0002_beta0.0013_epsilon0.15 --time-scale=20 --env=3DBall_environment/UnityEnvironment.exe --no-graphics",
        "mlagents_version": "1.0.0",
        "mlagents_envs_version": "1.0.0",
        "communication_protocol_version": "1.5.0",
        "pytorch_version": "2.9.1+cpu",
        "numpy_version": "1.23.5",
        "end_time_seconds": "1765094607"
    },
    "total": 30.709439600002952,
    "count": 1,
    "self": 0.16025750001426786,
    "children": {
        "run_training.setup": {
            "total": 0.06782810000004247,
            "count": 1,
            "self": 0.06782810000004247
        },
        "TrainerController.start_learning": {
            "total": 30.48135399998864,
            "count": 1,
            "self": 0.04759830088005401,
            "children": {
                "TrainerController._reset_env": {
                    "total": 3.4221213000128046,
                    "count": 1,
                    "self": 3.4221213000128046
                },
                "TrainerController.advance": {
                    "total": 27.00507049911539,
                    "count": 5487,
                    "self": 0.04587309746420942,
                    "children": {
                        "env_step": {
                            "total": 13.99459210166242,
                            "count": 5487,
                            "self": 12.498346501874039,
                            "children": {
                                "SubprocessEnvManager._take_step": {
                                    "total": 1.4635579000751022,
                                    "count": 5487,
                                    "self": 0.11991210049018264,
                                    "children": {
                                        "TorchPolicy.evaluate": {
                                            "total": 1.3436457995849196,
                                            "count": 4214,
                                            "self": 1.3436457995849196
                                        }
                                    }
                                },
                                "workers": {
                                    "total": 0.03268769971327856,
                                    "count": 5487,
                                    "self": 0.0,
                                    "children": {
                                        "worker_root": {
                                            "total": 27.59663219936192,
                                            "count": 5487,
                                            "is_parallel": true,
                                            "self": 18.001360900030704,
                                            "children": {
                                                "steps_from_proto": {
                                                    "total": 0.00025809998624026775,
                                                    "count": 1,