{
    "name": "root",
    "gauges": {
        "3DBall.Policy.Entropy.mean": {
            "value": 1.419058918952942,
            "min": 1.4189382791519165,
            "max": 1.4295588731765747,
            "count": 4
        },
        "3DBall.Policy.Entropy.sum": {
            "value": 17011.677734375,
            "min": 17011.677734375,
            "max": 17299.6953125,
            "count": 4
        },
        "3DBall.Environment.EpisodeLength.mean": {
            "value": 29.05513784461153,
            "min": 22.015325670498083,
            "max": 29.05513784461153,
            "count": 4
        },
        "3DBall.Environment.EpisodeLength.sum": {
            "value": 11593.0,
            "min": 11492.0,
            "max": 11593.0,
            "count": 4
        },
        "3DBall.Step.mean": {
            "value": 47981.0,
            "min": 11992.0,
            "max": 47981.0,
            "count": 4
        },
        "3DBall.Step.sum": {
            "value": 47981.0,
            "min": 11992.0,
            "max": 47981.0,
            "count": 4
        },
        "3DBall.Policy.ExtrinsicValueEstimate.mean": {
            "value": 0.3934633731842041,
            "min": 0.27184969186782837,
            "max": 0.5118209719657898,
            "count": 4
        },
        "3DBall.Policy.ExtrinsicValueEstimate.sum": {
            "value": 156.99188232421875,
            "min": 133.4781951904297,
            "max": 266.6587219238281,
            "count": 4
        },
        "3DBall.Environment.CumulativeReward.mean": {
            "value": 1.9097743742448046,
            "min": 1.201727420492044,
            "max": 1.9097743742448046,
            "count": 4
        },
        "3DBall.Environment.CumulativeReward.sum": {
            "value": 761.9999753236771,
            "min": 626.099986076355,
            "max": 761.9999753236771,
            "count": 4
        },
        "3DBall.Policy.ExtrinsicReward.mean": {
            "value": 1.9097743742448046,
            "min": 1.201727420492044,
            "max": 1.9097743742448046,
            "count": 4
        },
        "3DBall.Policy.ExtrinsicReward.sum": {
            "value": 761.9999753236771,
            "min": 626.099986076355,
            "max": 761.9999753236771,
            "count": 4
        },
        "3DBall.IsTraining.mean": {
            "value": 1.0,
            "min": 1.0,
            "max": 1.0,
            "count": 4
        },
        "3DBall.IsTraining.sum": {
            "value": 1.0,
            "min": 1.0,
            "max": 1.0,
            "count": 4
        },
        "3DBall.Losses.PolicyLoss.mean": {
            "value": 0.21356478320902295,
            "min": 0.2129639358851235,
            "max": 0.21422928981999934,
            "count": 3
        },
        "3DBall.Losses.PolicyLoss.sum": {
            "value": 0.21356478320902295,
            "min": 0.2129639358851235,
            "max": 0.21422928981999934,
            "count": 3
        },
        "3DBall.Losses.ValueLoss.mean": {
            "value": 0.2547684209242039,
            "min": 0.2186389094207845,
            "max": 0.31201400912444416,
            "count": 3
        },
        "3DBall.Losses.ValueLoss.sum": {
            "value": 0.2547684209242039,
            "min": 0.2186389094207845,
            "max": 0.31201400912444416,
            "count": 3
        },
        "3DBall.Policy.LearningRate.mean": {
            "value": 0.0001854612072694,
            "min": 0.0001854612072694,
            "max": 0.0001951576024212,
            "count": 3
        },
        "3DBall.Policy.LearningRate.sum": {
            "value": 0.0001854612072694,
            "min": 0.0001854612072694,
            "max": 0.0001951576024212,
            "count": 3
        },
        "3DBall.Policy.Epsilon.mean": {
            "value": 0.1463653,
            "min": 0.1463653,
            "max": 0.14878940000000002,
            "count": 3
        },
        "3DBall.Policy.Epsilon.sum": {
            "value": 0.1463653,
            "min": 0.1463653,
            "max": 0.14878940000000002,
            "count": 3
        },
        "3DBall.Policy.Beta.mean": {
            "value": 0.0011134941400000001,
            "min": 0.0011134941400000001,
            "max": 0.0011711877199999997,
            "count": 3
        },
        "3DBall.Policy.Beta.sum": {
            "value": 0.0011134941400000001,
            "min": 0.0011134941400000001,
            "max": 0.0011711877199999997,
            "count": 3
        }
    },
    "metadata": {
        "timer_format_version": "0.1.0",
        "start_time_seconds": "1764935680",
        "python_version": "3.10.11 (tags/v3.10.11:7d4cc5a, Apr  5 2023, 00:38:17) [MSC v.1929 64 bit (AMD64)]",
        "command_line_arguments": "C:\\Users\\moebn\\Documents\\University\\Project 2-1\\project_2_1_group_7\\venv\\Scripts\\mlagents-learn Config/training_config.yaml --run-id=run_batch_size14_buffer_size12100_learning_rate0.0002_beta0.0012_epsilon0.15 --time-scale=20 --env=3DBall_environment/UnityEnvironment.exe --no-graphics",
        "mlagents_version": "1.0.0",
        "mlagents_envs_version": "1.0.0",
        "communication_protocol_version": "1.5.0",
        "pytorch_version": "2.9.1+cpu",
        "numpy_version": "1.23.5",
        "end_time_seconds": "1764935723"
    },
    "total": 42.616149499997846,
    "count": 1,
    "self": 0.1714302000182215,
    "children": {
        "run_training.setup": {
            "total": 0.06950479999068193,
            "count": 1,
            "self": 0.06950479999068193
        },
        "TrainerController.start_learning": {
            "total": 42.37521449998894,
            "count": 1,
            "self": 0.04940370039548725,
            "children": {
                "TrainerController._reset_env": {
                    "total": 3.363325199999963,
                    "count": 1,
                    "self": 3.363325199999963
                },
                "TrainerController.advance": {
                    "total": 38.95617019958445,
                    "count": 5656,
                    "self": 0.046996600096463226,
                    "children": {
                        "env_step": {
                            "total": 13.984845799350296,
                            "count": 5656,
                            "self": 12.452297098832787,
                            "children": {
                                "SubprocessEnvManager._take_step": {
                                    "total": 1.498576400030288,
                                    "count": 5656,
                                    "self": 0.12183300046308432,
                                    "children": {
                                        "TorchPolicy.evaluate": {
                                            "total": 1.3767433995672036,
                                            "count": 4185,
                                            "self": 1.3767433995672036
                                        }
                                    }
                                },
                                "workers": {
                                    "total": 0.03397230048722122,
                                    "count": 5656,
                                    "self": 0.0,
                                    "children": {
                                        "worker_root": {
                                            "total": 39.50996720085095,
                                            "count": 5656,
                                            "is_parallel": true,
                                            "self": 30.001460200510337,
                                            "children": {
                                                "steps_from_proto": {
                                                    "total": 0.00023299999884329736,
                                                    "count": 1,