{
    "name": "root",
    "gauges": {
        "3DBall.Policy.Entropy.mean": {
            "value": 1.3939629793167114,
            "min": 1.3939629793167114,
            "max": 1.4208595752716064,
            "count": 4
        },
        "3DBall.Policy.Entropy.sum": {
            "value": 17363.203125,
            "min": 16886.03515625,
            "max": 17363.203125,
            "count": 4
        },
        "3DBall.Environment.EpisodeLength.mean": {
            "value": 34.60650887573964,
            "min": 22.134874759152215,
            "max": 34.60650887573964,
            "count": 4
        },
        "3DBall.Environment.EpisodeLength.sum": {
            "value": 11697.0,
            "min": 11488.0,
            "max": 11697.0,
            "count": 4
        },
        "3DBall.Step.mean": {
            "value": 47995.0,
            "min": 11985.0,
            "max": 47995.0,
            "count": 4
        },
        "3DBall.Step.sum": {
            "value": 47995.0,
            "min": 11985.0,
            "max": 47995.0,
            "count": 4
        },
        "3DBall.Policy.ExtrinsicValueEstimate.mean": {
            "value": 0.5036367177963257,
            "min": 0.08006671071052551,
            "max": 0.5036367177963257,
            "count": 4
        },
        "3DBall.Policy.ExtrinsicValueEstimate.sum": {
            "value": 170.22921752929688,
            "min": 41.47455596923828,
            "max": 170.22921752929688,
            "count": 4
        },
        "3DBall.Environment.CumulativeReward.mean": {
            "value": 2.456508881241612,
            "min": 1.2137065200732022,
            "max": 2.456508881241612,
            "count": 4
        },
        "3DBall.Environment.CumulativeReward.sum": {
            "value": 830.3000018596649,
            "min": 628.6999773979187,
            "max": 830.3000018596649,
            "count": 4
        },
        "3DBall.Policy.ExtrinsicReward.mean": {
            "value": 2.456508881241612,
            "min": 1.2137065200732022,
            "max": 2.456508881241612,
            "count": 4
        },
        "3DBall.Policy.ExtrinsicReward.sum": {
            "value": 830.3000018596649,
            "min": 628.6999773979187,
            "max": 830.3000018596649,
            "count": 4
        },
        "3DBall.IsTraining.mean": {
            "value": 1.0,
            "min": 1.0,
            "max": 1.0,
            "count": 4
        },
        "3DBall.IsTraining.sum": {
            "value": 1.0,
            "min": 1.0,
            "max": 1.0,
            "count": 4
        },
        "3DBall.Losses.PolicyLoss.mean": {
            "value": 0.10094675735121145,
            "min": 0.09503439055473821,
            "max": 0.10094675735121145,
            "count": 3
        },
        "3DBall.Losses.PolicyLoss.sum": {
            "value": 0.10094675735121145,
            "min": 0.09503439055473821,
            "max": 0.10094675735121145,
            "count": 3
        },
        "3DBall.Losses.ValueLoss.mean": {
            "value": 0.5283440374966824,
            "min": 0.21717845916158351,
            "max": 0.5283440374966824,
            "count": 3
        },
        "3DBall.Losses.ValueLoss.sum": {
            "value": 0.5283440374966824,
            "min": 0.21717845916158351,
            "max": 0.5283440374966824,
            "count": 3
        },
        "3DBall.Policy.LearningRate.mean": {
            "value": 0.0004564370087125998,
            "min": 0.0004564370087125998,
            "max": 0.0004854940029012,
            "count": 3
        },
        "3DBall.Policy.LearningRate.sum": {
            "value": 0.0004564370087125998,
            "min": 0.0004564370087125998,
            "max": 0.0004854940029012,
            "count": 3
        },
        "3DBall.Policy.Epsilon.mean": {
            "value": 0.28257479999999996,
            "min": 0.28257479999999996,
            "max": 0.29419759999999995,
            "count": 3
        },
        "3DBall.Policy.Epsilon.sum": {
            "value": 0.28257479999999996,
            "min": 0.28257479999999996,
            "max": 0.29419759999999995,
            "count": 3
        },
        "3DBall.Policy.Beta.mean": {
            "value": 0.00100503266,
            "min": 0.00100503266,
            "max": 0.0010683769199999998,
            "count": 3
        },
        "3DBall.Policy.Beta.sum": {
            "value": 0.00100503266,
            "min": 0.00100503266,
            "max": 0.0010683769199999998,
            "count": 3
        }
    },
    "metadata": {
        "timer_format_version": "0.1.0",
        "start_time_seconds": "1765220095",
        "python_version": "3.10.11 (tags/v3.10.11:7d4cc5a, Apr  5 2023, 00:38:17) [MSC v.1929 64 bit (AMD64)]",
        "command_line_arguments": "C:\\Users\\moebn\\Documents\\University\\Project 2-1\\project_2_1_group_7\\venv\\Scripts\\mlagents-learn Config/training_config.yaml --run-id=run_batch_size66_buffer_size14500_learning_rate0.0005_beta0.0011_epsilon0.3 --time-scale=20 --env=3DBall_environment/UnityEnvironment.exe --no-graphics",
        "mlagents_version": "1.0.0",
        "mlagents_envs_version": "1.0.0",
        "communication_protocol_version": "1.5.0",
        "pytorch_version": "2.9.1+cpu",
        "numpy_version": "1.23.5",
        "end_time_seconds": "1765220126"
    },
    "total": 30.43838589999359,
    "count": 1,
    "self": 0.21412639998015948,
    "children": {
        "run_training.setup": {
            "total": 0.0880823000043165,
            "count": 1,
            "self": 0.0880823000043165
        },
        "TrainerController.start_learning": {
            "total": 30.136177200009115,
            "count": 1,
            "self": 0.049980899289948866,
            "children": {
                "TrainerController._reset_env": {
                    "total": 6.871294399985345,
                    "count": 1,
                    "self": 6.871294399985345
                },
                "TrainerController.advance": {
                    "total": 23.20856810073019,
                    "count": 5584,
                    "self": 0.047626401646994054,
                    "children": {
                        "env_step": {
                            "total": 14.003220899321605,
                            "count": 5584,
                            "self": 12.499670099234208,
                            "children": {
                                "SubprocessEnvManager._take_step": {
                                    "total": 1.4696176000288688,
                                    "count": 5584,
                                    "self": 0.1239080993400421,
                                    "children": {
                                        "TorchPolicy.evaluate": {
                                            "total": 1.3457095006888267,
                                            "count": 4199,
                                            "self": 1.3457095006888267
                                        }
                                    }
                                },
                                "workers": {
                                    "total": 0.03393320005852729,
                                    "count": 5584,
                                    "self": 0.0,
                                    "children": {
                                        "worker_root": {
                                            "total": 23.820402102399385,
                                            "count": 5584,
                                            "is_parallel": true,
                                            "self": 14.31042870201054,
                                            "children": {
                                                "steps_from_proto": {
                                                    "total": 0.00027359998784959316,
                                                    "count": 1,