{
    "name": "root",
    "gauges": {
        "3DBall.Policy.Entropy.mean": {
            "value": 1.4120571613311768,
            "min": 1.4120571613311768,
            "max": 1.418938159942627,
            "count": 4
        },
        "3DBall.Policy.Entropy.sum": {
            "value": 16910.796875,
            "min": 16910.796875,
            "max": 17163.4765625,
            "count": 4
        },
        "3DBall.Environment.EpisodeLength.mean": {
            "value": 24.842672413793103,
            "min": 22.46484375,
            "max": 24.842672413793103,
            "count": 4
        },
        "3DBall.Environment.EpisodeLength.sum": {
            "value": 11527.0,
            "min": 11486.0,
            "max": 11537.0,
            "count": 4
        },
        "3DBall.Step.mean": {
            "value": 47985.0,
            "min": 11990.0,
            "max": 47985.0,
            "count": 4
        },
        "3DBall.Step.sum": {
            "value": 47985.0,
            "min": 11990.0,
            "max": 47985.0,
            "count": 4
        },
        "3DBall.Policy.ExtrinsicValueEstimate.mean": {
            "value": 0.28271856904029846,
            "min": 0.233957901597023,
            "max": 0.28271856904029846,
            "count": 4
        },
        "3DBall.Policy.ExtrinsicValueEstimate.sum": {
            "value": 131.18141174316406,
            "min": 118.28477478027344,
            "max": 131.18141174316406,
            "count": 4
        },
        "3DBall.Environment.CumulativeReward.mean": {
            "value": 1.488793031922702,
            "min": 1.2463796059446093,
            "max": 1.488793031922702,
            "count": 4
        },
        "3DBall.Environment.CumulativeReward.sum": {
            "value": 690.7999668121338,
            "min": 636.8999786376953,
            "max": 690.7999668121338,
            "count": 4
        },
        "3DBall.Policy.ExtrinsicReward.mean": {
            "value": 1.488793031922702,
            "min": 1.2463796059446093,
            "max": 1.488793031922702,
            "count": 4
        },
        "3DBall.Policy.ExtrinsicReward.sum": {
            "value": 690.7999668121338,
            "min": 636.8999786376953,
            "max": 690.7999668121338,
            "count": 4
        },
        "3DBall.IsTraining.mean": {
            "value": 1.0,
            "min": 1.0,
            "max": 1.0,
            "count": 4
        },
        "3DBall.IsTraining.sum": {
            "value": 1.0,
            "min": 1.0,
            "max": 1.0,
            "count": 4
        },
        "3DBall.Losses.PolicyLoss.mean": {
            "value": 0.12577528810088878,
            "min": 0.12288678850027747,
            "max": 0.12577528810088878,
            "count": 2
        },
        "3DBall.Losses.PolicyLoss.sum": {
            "value": 0.12577528810088878,
            "min": 0.12288678850027747,
            "max": 0.12577528810088878,
            "count": 2
        },
        "3DBall.Losses.ValueLoss.mean": {
            "value": 0.1897845496249644,
            "min": 0.1897845496249644,
            "max": 0.19164707239866668,
            "count": 2
        },
        "3DBall.Losses.ValueLoss.sum": {
            "value": 0.1897845496249644,
            "min": 0.1897845496249644,
            "max": 0.19164707239866668,
            "count": 2
        },
        "3DBall.Policy.LearningRate.mean": {
            "value": 0.00046137000772599986,
            "min": 0.00046137000772599986,
            "max": 0.0004806880038624,
            "count": 2
        },
        "3DBall.Policy.LearningRate.sum": {
            "value": 0.00046137000772599986,
            "min": 0.00046137000772599986,
            "max": 0.0004806880038624,
            "count": 2
        },
        "3DBall.Policy.Epsilon.mean": {
            "value": 0.09999999999999999,
            "min": 0.09999999999999999,
            "max": 0.09999999999999999,
            "count": 2
        },
        "3DBall.Policy.Epsilon.sum": {
            "value": 0.09999999999999999,
            "min": 0.09999999999999999,
            "max": 0.09999999999999999,
            "count": 2
        },
        "3DBall.Policy.Beta.mean": {
            "value": 0.0012003346,
            "min": 0.0012003346,
            "max": 0.0012501750399999997,
            "count": 2
        },
        "3DBall.Policy.Beta.sum": {
            "value": 0.0012003346,
            "min": 0.0012003346,
            "max": 0.0012501750399999997,
            "count": 2
        }
    },
    "metadata": {
        "timer_format_version": "0.1.0",
        "start_time_seconds": "1765122197",
        "python_version": "3.10.11 (tags/v3.10.11:7d4cc5a, Apr  5 2023, 00:38:17) [MSC v.1929 64 bit (AMD64)]",
        "command_line_arguments": "C:\\Users\\moebn\\Documents\\University\\Project 2-1\\project_2_1_group_7\\venv\\Scripts\\mlagents-learn Config/training_config.yaml --run-id=run_batch_size40_buffer_size19300_learning_rate0.0005_beta0.0013_epsilon0.1 --time-scale=20 --env=3DBall_environment/UnityEnvironment.exe --no-graphics",
        "mlagents_version": "1.0.0",
        "mlagents_envs_version": "1.0.0",
        "communication_protocol_version": "1.5.0",
        "pytorch_version": "2.9.1+cpu",
        "numpy_version": "1.23.5",
        "end_time_seconds": "1765122225"
    },
    "total": 28.594365500001004,
    "count": 1,
    "self": 0.1477887999790255,
    "children": {
        "run_training.setup": {
            "total": 0.07230890000937507,
            "count": 1,
            "self": 0.07230890000937507
        },
        "TrainerController.start_learning": {
            "total": 28.374267800012603,
            "count": 1,
            "self": 0.04915349796647206,
            "children": {
                "TrainerController._reset_env": {
                    "total": 3.449971199996071,
                    "count": 1,
                    "self": 3.449971199996071
                },
                "TrainerController.advance": {
                    "total": 24.867995702050393,
                    "count": 5723,
                    "self": 0.04695640504360199,
                    "children": {
                        "env_step": {
                            "total": 14.182092097966233,
                            "count": 5723,
                            "self": 12.674193497281522,
                            "children": {
                                "SubprocessEnvManager._take_step": {
                                    "total": 1.4742372015607543,
                                    "count": 5723,
                                    "self": 0.11925990111194551,
                                    "children": {
                                        "TorchPolicy.evaluate": {
                                            "total": 1.3549773004488088,
                                            "count": 4180,
                                            "self": 1.3549773004488088
                                        }
                                    }
                                },
                                "workers": {
                                    "total": 0.03366139912395738,
                                    "count": 5723,
                                    "self": 0.0,
                                    "children": {
                                        "worker_root": {
                                            "total": 25.430492199608125,
                                            "count": 5723,
                                            "is_parallel": true,
                                            "self": 15.736512900068192,
                                            "children": {
                                                "steps_from_proto": {
                                                    "total": 0.00023259999579750001,
                                                    "count": 1,