{
    "name": "root",
    "gauges": {
        "3DBall.Policy.Entropy.mean": {
            "value": 1.398987889289856,
            "min": 1.398987889289856,
            "max": 1.4180432558059692,
            "count": 4
        },
        "3DBall.Policy.Entropy.sum": {
            "value": 16771.06640625,
            "min": 16771.06640625,
            "max": 17322.81640625,
            "count": 4
        },
        "3DBall.Environment.EpisodeLength.mean": {
            "value": 37.659163987138264,
            "min": 23.150905432595575,
            "max": 37.659163987138264,
            "count": 4
        },
        "3DBall.Environment.EpisodeLength.sum": {
            "value": 11712.0,
            "min": 11506.0,
            "max": 11712.0,
            "count": 4
        },
        "3DBall.Step.mean": {
            "value": 47963.0,
            "min": 11969.0,
            "max": 47963.0,
            "count": 4
        },
        "3DBall.Step.sum": {
            "value": 47963.0,
            "min": 11969.0,
            "max": 47963.0,
            "count": 4
        },
        "3DBall.Policy.ExtrinsicValueEstimate.mean": {
            "value": 0.6955982446670532,
            "min": -0.034482840448617935,
            "max": 0.6955982446670532,
            "count": 4
        },
        "3DBall.Policy.ExtrinsicValueEstimate.sum": {
            "value": 216.3310546875,
            "min": -17.10348892211914,
            "max": 216.3310546875,
            "count": 4
        },
        "3DBall.Environment.CumulativeReward.mean": {
            "value": 2.752090056609494,
            "min": 1.3131047939100573,
            "max": 2.752090056609494,
            "count": 4
        },
        "3DBall.Environment.CumulativeReward.sum": {
            "value": 855.9000076055527,
            "min": 651.2999777793884,
            "max": 855.9000076055527,
            "count": 4
        },
        "3DBall.Policy.ExtrinsicReward.mean": {
            "value": 2.752090056609494,
            "min": 1.3131047939100573,
            "max": 2.752090056609494,
            "count": 4
        },
        "3DBall.Policy.ExtrinsicReward.sum": {
            "value": 855.9000076055527,
            "min": 651.2999777793884,
            "max": 855.9000076055527,
            "count": 4
        },
        "3DBall.Losses.PolicyLoss.mean": {
            "value": 0.15231500494147374,
            "min": 0.15158249523263764,
            "max": 0.15744224062260584,
            "count": 4
        },
        "3DBall.Losses.PolicyLoss.sum": {
            "value": 0.15231500494147374,
            "min": 0.15158249523263764,
            "max": 0.15744224062260584,
            "count": 4
        },
        "3DBall.Losses.ValueLoss.mean": {
            "value": 0.4926342741620761,
            "min": 0.2347596622692177,
            "max": 0.4926342741620761,
            "count": 4
        },
        "3DBall.Losses.ValueLoss.sum": {
            "value": 0.4926342741620761,
            "min": 0.2347596622692177,
            "max": 0.4926342741620761,
            "count": 4
        },
        "3DBall.Policy.LearningRate.mean": {
            "value": 0.0003689008077747999,
            "min": 0.0003689008077747999,
            "max": 0.000392236001941,
            "count": 4
        },
        "3DBall.Policy.LearningRate.sum": {
            "value": 0.0003689008077747999,
            "min": 0.0003689008077747999,
            "max": 0.000392236001941,
            "count": 4
        },
        "3DBall.Policy.Epsilon.mean": {
            "value": 0.14611259999999993,
            "min": 0.14611259999999993,
            "max": 0.14902949999999995,
            "count": 4
        },
        "3DBall.Policy.Epsilon.sum": {
            "value": 0.14611259999999993,
            "min": 0.14611259999999993,
            "max": 0.14902949999999995,
            "count": 4
        },
        "3DBall.Policy.Beta.mean": {
            "value": 0.00101525468,
            "min": 0.00101525468,
            "max": 0.0010788431000000002,
            "count": 4
        },
        "3DBall.Policy.Beta.sum": {
            "value": 0.00101525468,
            "min": 0.00101525468,
            "max": 0.0010788431000000002,
            "count": 4
        },
        "3DBall.IsTraining.mean": {
            "value": 1.0,
            "min": 1.0,
            "max": 1.0,
            "count": 4
        },
        "3DBall.IsTraining.sum": {
            "value": 1.0,
            "min": 1.0,
            "max": 1.0,
            "count": 4
        }
    },
    "metadata": {
        "timer_format_version": "0.1.0",
        "start_time_seconds": "1765055442",
        "python_version": "3.10.11 (tags/v3.10.11:7d4cc5a, Apr  5 2023, 00:38:17) [MSC v.1929 64 bit (AMD64)]",
        "command_line_arguments": "C:\\Users\\moebn\\Documents\\University\\Project 2-1\\project_2_1_group_7\\venv\\Scripts\\mlagents-learn Config/training_config.yaml --run-id=run_batch_size27_buffer_size9700_learning_rate0.0004_beta0.0011_epsilon0.15 --time-scale=20 --env=3DBall_environment/UnityEnvironment.exe --no-graphics",
        "mlagents_version": "1.0.0",
        "mlagents_envs_version": "1.0.0",
        "communication_protocol_version": "1.5.0",
        "pytorch_version": "2.9.1+cpu",
        "numpy_version": "1.23.5",
        "end_time_seconds": "1765055479"
    },
    "total": 36.86606299999403,
    "count": 1,
    "self": 0.1970992999849841,
    "children": {
        "run_training.setup": {
            "total": 0.06542310000804719,
            "count": 1,
            "self": 0.06542310000804719
        },
        "TrainerController.start_learning": {
            "total": 36.603540600001,
            "count": 1,
            "self": 0.04772299983596895,
            "children": {
                "TrainerController._reset_env": {
                    "total": 6.5609620999894105,
                    "count": 1,
                    "self": 6.5609620999894105
                },
                "TrainerController.advance": {
                    "total": 29.988676300185034,
                    "count": 5487,
                    "self": 0.047405199555214494,
                    "children": {
                        "env_step": {
                            "total": 14.080167700114544,
                            "count": 5487,
                            "self": 12.551519901244319,
                            "children": {
                                "SubprocessEnvManager._take_step": {
                                    "total": 1.4956639991141856,
                                    "count": 5487,
                                    "self": 0.12047599867219105,
                                    "children": {
                                        "TorchPolicy.evaluate": {
                                            "total": 1.3751880004419945,
                                            "count": 4200,
                                            "self": 1.3751880004419945
                                        }
                                    }
                                },
                                "workers": {
                                    "total": 0.032983799756038934,
                                    "count": 5487,
                                    "self": 0.0,
                                    "children": {
                                        "worker_root": {
                                            "total": 30.551363500169828,
                                            "count": 5487,
                                            "is_parallel": true,
                                            "self": 20.969259000004968,
                                            "children": {
                                                "steps_from_proto": {
                                                    "total": 0.0002398000069661066,
                                                    "count": 1,