{
    "name": "root",
    "gauges": {
        "3DBall.Policy.Entropy.mean": {
            "value": 1.3759653568267822,
            "min": 1.3759653568267822,
            "max": 1.416505217552185,
            "count": 4
        },
        "3DBall.Policy.Entropy.sum": {
            "value": 21960.40625,
            "min": 17183.44921875,
            "max": 21960.40625,
            "count": 4
        },
        "3DBall.Environment.EpisodeLength.mean": {
            "value": 569.5909090909091,
            "min": 23.274747474747475,
            "max": 569.5909090909091,
            "count": 4
        },
        "3DBall.Environment.EpisodeLength.sum": {
            "value": 12531.0,
            "min": 11521.0,
            "max": 12531.0,
            "count": 4
        },
        "3DBall.Step.mean": {
            "value": 47849.0,
            "min": 11991.0,
            "max": 47849.0,
            "count": 4
        },
        "3DBall.Step.sum": {
            "value": 47849.0,
            "min": 11991.0,
            "max": 47849.0,
            "count": 4
        },
        "3DBall.Policy.ExtrinsicValueEstimate.mean": {
            "value": 5.693541526794434,
            "min": 0.17035292088985443,
            "max": 5.693541526794434,
            "count": 4
        },
        "3DBall.Policy.ExtrinsicValueEstimate.sum": {
            "value": 125.2579116821289,
            "min": 84.15434265136719,
            "max": 278.2914123535156,
            "count": 4
        },
        "3DBall.Environment.CumulativeReward.mean": {
            "value": 54.10909873789007,
            "min": 1.3273278851258128,
            "max": 54.10909873789007,
            "count": 4
        },
        "3DBall.Environment.CumulativeReward.sum": {
            "value": 1190.4001722335815,
            "min": 655.6999752521515,
            "max": 1190.4001722335815,
            "count": 4
        },
        "3DBall.Policy.ExtrinsicReward.mean": {
            "value": 54.10909873789007,
            "min": 1.3273278851258128,
            "max": 54.10909873789007,
            "count": 4
        },
        "3DBall.Policy.ExtrinsicReward.sum": {
            "value": 1190.4001722335815,
            "min": 655.6999752521515,
            "max": 1190.4001722335815,
            "count": 4
        },
        "3DBall.Losses.PolicyLoss.mean": {
            "value": 0.14849079641268265,
            "min": 0.14849079641268265,
            "max": 0.15776092790096868,
            "count": 4
        },
        "3DBall.Losses.PolicyLoss.sum": {
            "value": 0.5939631856507306,
            "min": 0.5939631856507306,
            "max": 0.7888046395048434,
            "count": 4
        },
        "3DBall.Losses.ValueLoss.mean": {
            "value": 2.8804676242628067,
            "min": 0.5318804457116084,
            "max": 3.448297912934187,
            "count": 4
        },
        "3DBall.Losses.ValueLoss.sum": {
            "value": 11.521870497051227,
            "min": 2.1275217828464337,
            "max": 17.241489564670935,
            "count": 4
        },
        "3DBall.Policy.LearningRate.mean": {
            "value": 9.14951085049e-05,
            "min": 9.14951085049e-05,
            "max": 9.874055125945e-05,
            "count": 4
        },
        "3DBall.Policy.LearningRate.sum": {
            "value": 0.0003659804340196,
            "min": 0.0003659804340196,
            "max": 0.0004823582176418,
            "count": 4
        },
        "3DBall.Policy.Epsilon.mean": {
            "value": 0.28299019999999997,
            "min": 0.28299019999999997,
            "max": 0.29748110000000005,
            "count": 4
        },
        "3DBall.Policy.Epsilon.sum": {
            "value": 1.1319607999999999,
            "min": 1.1319607999999999,
            "max": 1.4647164000000001,
            "count": 4
        },
        "3DBall.Policy.Beta.mean": {
            "value": 0.0009158014899999999,
            "min": 0.0009158014899999999,
            "max": 0.000987531445,
            "count": 4
        },
        "3DBall.Policy.Beta.sum": {
            "value": 0.0036632059599999997,
            "min": 0.0036632059599999997,
            "max": 0.0048253461800000005,
            "count": 4
        },
        "3DBall.IsTraining.mean": {
            "value": 1.0,
            "min": 1.0,
            "max": 1.0,
            "count": 4
        },
        "3DBall.IsTraining.sum": {
            "value": 1.0,
            "min": 1.0,
            "max": 1.0,
            "count": 4
        }
    },
    "metadata": {
        "timer_format_version": "0.1.0",
        "start_time_seconds": "1765037854",
        "python_version": "3.10.11 (tags/v3.10.11:7d4cc5a, Apr  5 2023, 00:38:17) [MSC v.1929 64 bit (AMD64)]",
        "command_line_arguments": "C:\\Users\\moebn\\Documents\\University\\Project 2-1\\project_2_1_group_7\\venv\\Scripts\\mlagents-learn Config/training_config.yaml --run-id=run_batch_size27_buffer_size2500_learning_rate0.0001_beta0.001_epsilon0.3 --time-scale=20 --env=3DBall_environment/UnityEnvironment.exe --no-graphics",
        "mlagents_version": "1.0.0",
        "mlagents_envs_version": "1.0.0",
        "communication_protocol_version": "1.5.0",
        "pytorch_version": "2.9.1+cpu",
        "numpy_version": "1.23.5",
        "end_time_seconds": "1765037889"
    },
    "total": 35.19559949998802,
    "count": 1,
    "self": 0.1438132999901427,
    "children": {
        "run_training.setup": {
            "total": 0.06544469999789726,
            "count": 1,
            "self": 0.06544469999789726
        },
        "TrainerController.start_learning": {
            "total": 34.98634149999998,
            "count": 1,
            "self": 0.04506370001763571,
            "children": {
                "TrainerController._reset_env": {
                    "total": 3.419485000005807,
                    "count": 1,
                    "self": 3.419485000005807
                },
                "TrainerController.advance": {
                    "total": 31.515358499978902,
                    "count": 5410,
                    "self": 0.04342890028783586,
                    "children": {
                        "env_step": {
                            "total": 14.59090980012843,
                            "count": 5410,
                            "self": 12.815464898958453,
                            "children": {
                                "SubprocessEnvManager._take_step": {
                                    "total": 1.743851500650635,
                                    "count": 5410,
                                    "self": 0.12865210096060764,
                                    "children": {
                                        "TorchPolicy.evaluate": {
                                            "total": 1.6151993996900273,
                                            "count": 4643,
                                            "self": 1.6151993996900273
                                        }
                                    }
                                },
                                "workers": {
                                    "total": 0.03159340051934123,
                                    "count": 5410,
                                    "self": 0.0,
                                    "children": {
                                        "worker_root": {
                                            "total": 32.09759760000452,
                                            "count": 5410,
                                            "is_parallel": true,
                                            "self": 22.216177600173978,
                                            "children": {
                                                "steps_from_proto": {
                                                    "total": 0.0002386999985901639,
                                                    "count": 1,