{
    "name": "root",
    "gauges": {
        "3DBall.Policy.Entropy.mean": {
            "value": 1.4070379734039307,
            "min": 1.4070379734039307,
            "max": 1.4189382791519165,
            "count": 4
        },
        "3DBall.Policy.Entropy.sum": {
            "value": 16901.33984375,
            "min": 16898.48828125,
            "max": 17214.55859375,
            "count": 4
        },
        "3DBall.Environment.EpisodeLength.mean": {
            "value": 25.91255605381166,
            "min": 21.865019011406844,
            "max": 25.91255605381166,
            "count": 4
        },
        "3DBall.Environment.EpisodeLength.sum": {
            "value": 11557.0,
            "min": 11494.0,
            "max": 11557.0,
            "count": 4
        },
        "3DBall.Step.mean": {
            "value": 47991.0,
            "min": 11998.0,
            "max": 47991.0,
            "count": 4
        },
        "3DBall.Step.sum": {
            "value": 47991.0,
            "min": 11998.0,
            "max": 47991.0,
            "count": 4
        },
        "3DBall.Policy.ExtrinsicValueEstimate.mean": {
            "value": 0.2927245795726776,
            "min": -0.14817726612091064,
            "max": 0.2927245795726776,
            "count": 4
        },
        "3DBall.Policy.ExtrinsicValueEstimate.sum": {
            "value": 130.55516052246094,
            "min": -77.7930679321289,
            "max": 130.55516052246094,
            "count": 4
        },
        "3DBall.Environment.CumulativeReward.mean": {
            "value": 1.591255529044455,
            "min": 1.1853332898730324,
            "max": 1.591255529044455,
            "count": 4
        },
        "3DBall.Environment.CumulativeReward.sum": {
            "value": 709.6999659538269,
            "min": 622.299977183342,
            "max": 709.6999659538269,
            "count": 4
        },
        "3DBall.Policy.ExtrinsicReward.mean": {
            "value": 1.591255529044455,
            "min": 1.1853332898730324,
            "max": 1.591255529044455,
            "count": 4
        },
        "3DBall.Policy.ExtrinsicReward.sum": {
            "value": 709.6999659538269,
            "min": 622.299977183342,
            "max": 709.6999659538269,
            "count": 4
        },
        "3DBall.IsTraining.mean": {
            "value": 1.0,
            "min": 1.0,
            "max": 1.0,
            "count": 4
        },
        "3DBall.IsTraining.sum": {
            "value": 1.0,
            "min": 1.0,
            "max": 1.0,
            "count": 4
        },
        "3DBall.Losses.PolicyLoss.mean": {
            "value": 0.14657022808530187,
            "min": 0.14304371389183265,
            "max": 0.14657022808530187,
            "count": 2
        },
        "3DBall.Losses.PolicyLoss.sum": {
            "value": 0.14657022808530187,
            "min": 0.14304371389183265,
            "max": 0.14657022808530187,
            "count": 2
        },
        "3DBall.Losses.ValueLoss.mean": {
            "value": 0.21154996203748802,
            "min": 0.21154996203748802,
            "max": 0.279441435947471,
            "count": 2
        },
        "3DBall.Losses.ValueLoss.sum": {
            "value": 0.21154996203748802,
            "min": 0.21154996203748802,
            "max": 0.279441435947471,
            "count": 2
        },
        "3DBall.Policy.LearningRate.mean": {
            "value": 0.00010318806560400003,
            "min": 0.00010318806560400003,
            "max": 0.00020169003276999999,
            "count": 2
        },
        "3DBall.Policy.LearningRate.sum": {
            "value": 0.00010318806560400003,
            "min": 0.00010318806560400003,
            "max": 0.00020169003276999999,
            "count": 2
        },
        "3DBall.Policy.Epsilon.mean": {
            "value": 0.134396,
            "min": 0.134396,
            "max": 0.16723,
            "count": 2
        },
        "3DBall.Policy.Epsilon.sum": {
            "value": 0.134396,
            "min": 0.134396,
            "max": 0.16723,
            "count": 2
        },
        "3DBall.Policy.Beta.mean": {
            "value": 0.0003505204000000001,
            "min": 0.0003505204000000001,
            "max": 0.000675577,
            "count": 2
        },
        "3DBall.Policy.Beta.sum": {
            "value": 0.0003505204000000001,
            "min": 0.0003505204000000001,
            "max": 0.000675577,
            "count": 2
        }
    },
    "metadata": {
        "timer_format_version": "0.1.0",
        "start_time_seconds": "1767787360",
        "python_version": "3.10.11 (tags/v3.10.11:7d4cc5a, Apr  5 2023, 00:38:17) [MSC v.1929 64 bit (AMD64)]",
        "command_line_arguments": "C:\\Users\\atoz\\Documents\\01_2025_2026_year_2\\semester_1\\project_2_1\\code\\project_2_1_group_7\\venv\\Scripts\\mlagents-learn Config/training_config.yaml --run-id=omar-run366 --time-scale=20 --env=3DBall_environment/UnityEnvironment.exe --no-graphics",
        "mlagents_version": "1.0.0",
        "mlagents_envs_version": "1.0.0",
        "communication_protocol_version": "1.5.0",
        "pytorch_version": "1.13.1+cpu",
        "numpy_version": "1.23.5",
        "end_time_seconds": "1767787402"
    },
    "total": 41.89380139997229,
    "count": 1,
    "self": 0.31354269990697503,
    "children": {
        "run_training.setup": {
            "total": 0.14282420004019514,
            "count": 1,
            "self": 0.14282420004019514
        },
        "TrainerController.start_learning": {
            "total": 41.43743450002512,
            "count": 1,
            "self": 0.10467449942370877,
            "children": {
                "TrainerController._reset_env": {
                    "total": 3.1416335999965668,
                    "count": 1,
                    "self": 3.1416335999965668
                },
                "TrainerController.advance": {
                    "total": 38.15206720062997,
                    "count": 5727,
                    "self": 0.08883600094122812,
                    "children": {
                        "env_step": {
                            "total": 21.45436170155881,
                            "count": 5727,
                            "self": 18.37013529741671,
                            "children": {
                                "SubprocessEnvManager._take_step": {
                                    "total": 3.0249654032522812,
                                    "count": 5727,
                                    "self": 0.23013790318509564,
                                    "children": {
                                        "TorchPolicy.evaluate": {
                                            "total": 2.7948275000671856,
                                            "count": 4183,
                                            "self": 2.7948275000671856
                                        }
                                    }
                                },
                                "workers": {
                                    "total": 0.059261000889819115,
                                    "count": 5727,
                                    "self": 0.0,
                                    "children": {
                                        "worker_root": {
                                            "total": 38.077368499012664,
                                            "count": 5727,
                                            "is_parallel": true,
                                            "self": 24.947087795299012,
                                            "children": {
                                                "steps_from_proto": {
                                                    "total": 0.00042240001494064927,
                                                    "count": 1,
                                                    "is_parallel": true,