{
    "name": "root",
    "gauges": {
        "3DBall.Policy.Entropy.mean": {
            "value": 1.4125313758850098,
            "min": 1.4125313758850098,
            "max": 1.4298673868179321,
            "count": 4
        },
        "3DBall.Policy.Entropy.sum": {
            "value": 17035.12890625,
            "min": 17035.12890625,
            "max": 17248.61328125,
            "count": 4
        },
        "3DBall.Environment.EpisodeLength.mean": {
            "value": 28.705445544554454,
            "min": 21.355679702048416,
            "max": 28.705445544554454,
            "count": 4
        },
        "3DBall.Environment.EpisodeLength.sum": {
            "value": 11597.0,
            "min": 11468.0,
            "max": 11597.0,
            "count": 4
        },
        "3DBall.Step.mean": {
            "value": 47965.0,
            "min": 11983.0,
            "max": 47965.0,
            "count": 4
        },
        "3DBall.Step.sum": {
            "value": 47965.0,
            "min": 11983.0,
            "max": 47965.0,
            "count": 4
        },
        "3DBall.Policy.ExtrinsicValueEstimate.mean": {
            "value": 0.35865306854248047,
            "min": 0.19089002907276154,
            "max": 0.35865306854248047,
            "count": 4
        },
        "3DBall.Policy.ExtrinsicValueEstimate.sum": {
            "value": 144.89584350585938,
            "min": 102.31705474853516,
            "max": 144.89584350585938,
            "count": 4
        },
        "3DBall.Environment.CumulativeReward.mean": {
            "value": 1.8668316160098162,
            "min": 1.1356342997568756,
            "max": 1.8668316160098162,
            "count": 4
        },
        "3DBall.Environment.CumulativeReward.sum": {
            "value": 754.1999728679657,
            "min": 608.6999846696854,
            "max": 754.1999728679657,
            "count": 4
        },
        "3DBall.Policy.ExtrinsicReward.mean": {
            "value": 1.8668316160098162,
            "min": 1.1356342997568756,
            "max": 1.8668316160098162,
            "count": 4
        },
        "3DBall.Policy.ExtrinsicReward.sum": {
            "value": 754.1999728679657,
            "min": 608.6999846696854,
            "max": 754.1999728679657,
            "count": 4
        },
        "3DBall.IsTraining.mean": {
            "value": 1.0,
            "min": 1.0,
            "max": 1.0,
            "count": 4
        },
        "3DBall.IsTraining.sum": {
            "value": 1.0,
            "min": 1.0,
            "max": 1.0,
            "count": 4
        },
        "3DBall.Losses.PolicyLoss.mean": {
            "value": 0.6643393375173862,
            "min": 0.6643393375173862,
            "max": 0.7698652910498412,
            "count": 3
        },
        "3DBall.Losses.PolicyLoss.sum": {
            "value": 0.6643393375173862,
            "min": 0.6643393375173862,
            "max": 0.7698652910498412,
            "count": 3
        },
        "3DBall.Losses.ValueLoss.mean": {
            "value": 0.18660831418486434,
            "min": 0.13916109838955773,
            "max": 0.18660831418486434,
            "count": 3
        },
        "3DBall.Losses.ValueLoss.sum": {
            "value": 0.18660831418486434,
            "min": 0.13916109838955773,
            "max": 0.18660831418486434,
            "count": 3
        },
        "3DBall.Policy.LearningRate.mean": {
            "value": 0.0004636540072692,
            "min": 0.0004636540072692,
            "max": 0.00048788900242219984,
            "count": 3
        },
        "3DBall.Policy.LearningRate.sum": {
            "value": 0.0004636540072692,
            "min": 0.0004636540072692,
            "max": 0.00048788900242219984,
            "count": 3
        },
        "3DBall.Policy.Epsilon.mean": {
            "value": 0.19273080000000006,
            "min": 0.19273080000000006,
            "max": 0.1975778,
            "count": 3
        },
        "3DBall.Policy.Epsilon.sum": {
            "value": 0.19273080000000006,
            "min": 0.19273080000000006,
            "max": 0.1975778,
            "count": 3
        },
        "3DBall.Policy.Beta.mean": {
            "value": 0.00129895812,
            "min": 0.00129895812,
            "max": 0.0013663314199999995,
            "count": 3
        },
        "3DBall.Policy.Beta.sum": {
            "value": 0.00129895812,
            "min": 0.00129895812,
            "max": 0.0013663314199999995,
            "count": 3
        }
    },
    "metadata": {
        "timer_format_version": "0.1.0",
        "start_time_seconds": "1764776341",
        "python_version": "3.10.11 (tags/v3.10.11:7d4cc5a, Apr  5 2023, 00:38:17) [MSC v.1929 64 bit (AMD64)]",
        "command_line_arguments": "C:\\Users\\moebn\\Documents\\University\\Project 2-1\\project_2_1_group_7\\venv\\Scripts\\mlagents-learn Config/training_config.yaml --run-id=run_batch_size1_buffer_size12100_learning_rate0.0005_beta0.0014_epsilon0.2 --time-scale=20 --env=3DBall_environment/UnityEnvironment.exe --no-graphics",
        "mlagents_version": "1.0.0",
        "mlagents_envs_version": "1.0.0",
        "communication_protocol_version": "1.5.0",
        "pytorch_version": "2.9.1+cpu",
        "numpy_version": "1.23.5",
        "end_time_seconds": "1764776609"
    },
    "total": 267.2748336000077,
    "count": 1,
    "self": 0.14493419998325408,
    "children": {
        "run_training.setup": {
            "total": 0.06723630000487901,
            "count": 1,
            "self": 0.06723630000487901
        },
        "TrainerController.start_learning": {
            "total": 267.06266310001956,
            "count": 1,
            "self": 0.049272501142695546,
            "children": {
                "TrainerController._reset_env": {
                    "total": 3.3947562999965157,
                    "count": 1,
                    "self": 3.3947562999965157
                },
                "TrainerController.advance": {
                    "total": 263.6121719988878,
                    "count": 5713,
                    "self": 0.04915810006787069,
                    "children": {
                        "env_step": {
                            "total": 14.19856159898336,
                            "count": 5713,
                            "self": 12.69219620001968,
                            "children": {
                                "SubprocessEnvManager._take_step": {
                                    "total": 1.4721717993088532,
                                    "count": 5713,
                                    "self": 0.12033719843020663,
                                    "children": {
                                        "TorchPolicy.evaluate": {
                                            "total": 1.3518346008786466,
                                            "count": 4197,
                                            "self": 1.3518346008786466
                                        }
                                    }
                                },
                                "workers": {
                                    "total": 0.03419359965482727,
                                    "count": 5713,
                                    "self": 0.0,
                                    "children": {
                                        "worker_root": {
                                            "total": 264.1888236005034,
                                            "count": 5713,
                                            "is_parallel": true,
                                            "self": 254.48903710130253,
                                            "children": {
                                                "steps_from_proto": {
                                                    "total": 0.00029749999521300197,
                                                    "count": 1,