{
    "name": "root",
    "gauges": {
        "3DBall.Policy.Entropy.mean": {
            "value": 1.4064218997955322,
            "min": 1.4064218997955322,
            "max": 1.418045163154602,
            "count": 4
        },
        "3DBall.Policy.Entropy.sum": {
            "value": 17923.44140625,
            "min": 16983.611328125,
            "max": 17923.44140625,
            "count": 4
        },
        "3DBall.Environment.EpisodeLength.mean": {
            "value": 51.44347826086957,
            "min": 21.768939393939394,
            "max": 51.44347826086957,
            "count": 4
        },
        "3DBall.Environment.EpisodeLength.sum": {
            "value": 11832.0,
            "min": 11494.0,
            "max": 11832.0,
            "count": 4
        },
        "3DBall.Step.mean": {
            "value": 47964.0,
            "min": 11980.0,
            "max": 47964.0,
            "count": 4
        },
        "3DBall.Step.sum": {
            "value": 47964.0,
            "min": 11980.0,
            "max": 47964.0,
            "count": 4
        },
        "3DBall.Policy.ExtrinsicValueEstimate.mean": {
            "value": 0.8975265026092529,
            "min": 0.05404640734195709,
            "max": 0.8975265026092529,
            "count": 4
        },
        "3DBall.Policy.ExtrinsicValueEstimate.sum": {
            "value": 206.43109130859375,
            "min": 28.48245620727539,
            "max": 206.43109130859375,
            "count": 4
        },
        "3DBall.Environment.CumulativeReward.mean": {
            "value": 4.134782981354257,
            "min": 1.173244743464794,
            "max": 4.134782981354257,
            "count": 4
        },
        "3DBall.Environment.CumulativeReward.sum": {
            "value": 951.0000857114792,
            "min": 618.2999798059464,
            "max": 951.0000857114792,
            "count": 4
        },
        "3DBall.Policy.ExtrinsicReward.mean": {
            "value": 4.134782981354257,
            "min": 1.173244743464794,
            "max": 4.134782981354257,
            "count": 4
        },
        "3DBall.Policy.ExtrinsicReward.sum": {
            "value": 951.0000857114792,
            "min": 618.2999798059464,
            "max": 951.0000857114792,
            "count": 4
        },
        "3DBall.Losses.PolicyLoss.mean": {
            "value": 0.09823735999505781,
            "min": 0.09628353042606867,
            "max": 0.10188544116072908,
            "count": 4
        },
        "3DBall.Losses.PolicyLoss.sum": {
            "value": 0.19647471999011562,
            "min": 0.09628353042606867,
            "max": 0.19647471999011562,
            "count": 4
        },
        "3DBall.Losses.ValueLoss.mean": {
            "value": 1.3269258186274007,
            "min": 0.3158376321993888,
            "max": 1.3269258186274007,
            "count": 4
        },
        "3DBall.Losses.ValueLoss.sum": {
            "value": 2.6538516372548013,
            "min": 0.5926246698554214,
            "max": 2.6538516372548013,
            "count": 4
        },
        "3DBall.Policy.LearningRate.mean": {
            "value": 9.194710805290001e-05,
            "min": 9.194710805290001e-05,
            "max": 9.853920146080003e-05,
            "count": 4
        },
        "3DBall.Policy.LearningRate.sum": {
            "value": 0.00018389421610580001,
            "min": 9.4146005854e-05,
            "max": 0.000192684007316,
            "count": 4
        },
        "3DBall.Policy.Epsilon.mean": {
            "value": 0.2838942,
            "min": 0.2838942,
            "max": 0.2970784,
            "count": 4
        },
        "3DBall.Policy.Epsilon.sum": {
            "value": 0.5677884,
            "min": 0.288292,
            "max": 0.5853679999999999,
            "count": 4
        },
        "3DBall.Policy.Beta.mean": {
            "value": 0.00128806469,
            "min": 0.00128806469,
            "max": 0.0013796948800000005,
            "count": 4
        },
        "3DBall.Policy.Beta.sum": {
            "value": 0.00257612938,
            "min": 0.0013186294,
            "max": 0.0026983076,
            "count": 4
        },
        "3DBall.IsTraining.mean": {
            "value": 1.0,
            "min": 1.0,
            "max": 1.0,
            "count": 4
        },
        "3DBall.IsTraining.sum": {
            "value": 1.0,
            "min": 1.0,
            "max": 1.0,
            "count": 4
        }
    },
    "metadata": {
        "timer_format_version": "0.1.0",
        "start_time_seconds": "1765203376",
        "python_version": "3.10.11 (tags/v3.10.11:7d4cc5a, Apr  5 2023, 00:38:17) [MSC v.1929 64 bit (AMD64)]",
        "command_line_arguments": "C:\\Users\\moebn\\Documents\\University\\Project 2-1\\project_2_1_group_7\\venv\\Scripts\\mlagents-learn Config/training_config.yaml --run-id=run_batch_size66_buffer_size7300_learning_rate0.0001_beta0.0014_epsilon0.3 --time-scale=20 --env=3DBall_environment/UnityEnvironment.exe --no-graphics",
        "mlagents_version": "1.0.0",
        "mlagents_envs_version": "1.0.0",
        "communication_protocol_version": "1.5.0",
        "pytorch_version": "2.9.1+cpu",
        "numpy_version": "1.23.5",
        "end_time_seconds": "1765203405"
    },
    "total": 28.45934900001157,
    "count": 1,
    "self": 0.2151949999970384,
    "children": {
        "run_training.setup": {
            "total": 0.09423960000276566,
            "count": 1,
            "self": 0.09423960000276566
        },
        "TrainerController.start_learning": {
            "total": 28.149914400011767,
            "count": 1,
            "self": 0.04842489925795235,
            "children": {
                "TrainerController._reset_env": {
                    "total": 3.940047099982621,
                    "count": 1,
                    "self": 3.940047099982621
                },
                "TrainerController.advance": {
                    "total": 24.154869700782,
                    "count": 5472,
                    "self": 0.04650610146927647,
                    "children": {
                        "env_step": {
                            "total": 14.084556399844587,
                            "count": 5472,
                            "self": 12.411113601527177,
                            "children": {
                                "SubprocessEnvManager._take_step": {
                                    "total": 1.6397019000141881,
                                    "count": 5472,
                                    "self": 0.18639400097890757,
                                    "children": {
                                        "TorchPolicy.evaluate": {
                                            "total": 1.4533078990352806,
                                            "count": 4231,
                                            "self": 1.4533078990352806
                                        }
                                    }
                                },
                                "workers": {
                                    "total": 0.03374089830322191,
                                    "count": 5472,
                                    "self": 0.0,
                                    "children": {
                                        "worker_root": {
                                            "total": 25.029757800191874,
                                            "count": 5472,
                                            "is_parallel": true,
                                            "self": 15.57875779925962,
                                            "children": {
                                                "steps_from_proto": {
                                                    "total": 0.0018948999932035804,
                                                    "count": 1,
                                                    "is_parallel": true,