{
    "name": "root",
    "gauges": {
        "3DBall.Policy.Entropy.mean": {
            "value": 1.235972285270691,
            "min": 1.235972285270691,
            "max": 1.425502896308899,
            "count": 4
        },
        "3DBall.Policy.Entropy.sum": {
            "value": 16537.30859375,
            "min": 16537.30859375,
            "max": 22400.13671875,
            "count": 4
        },
        "3DBall.Environment.EpisodeLength.mean": {
            "value": 860.6,
            "min": 22.335922330097087,
            "max": 860.6,
            "count": 4
        },
        "3DBall.Environment.EpisodeLength.sum": {
            "value": 12909.0,
            "min": 11503.0,
            "max": 12909.0,
            "count": 4
        },
        "3DBall.Step.mean": {
            "value": 47959.0,
            "min": 11990.0,
            "max": 47959.0,
            "count": 4
        },
        "3DBall.Step.sum": {
            "value": 47959.0,
            "min": 11990.0,
            "max": 47959.0,
            "count": 4
        },
        "3DBall.Policy.ExtrinsicValueEstimate.mean": {
            "value": 7.604666709899902,
            "min": 0.08099077641963959,
            "max": 7.604666709899902,
            "count": 4
        },
        "3DBall.Policy.ExtrinsicValueEstimate.sum": {
            "value": 114.06999969482422,
            "min": 41.62925720214844,
            "max": 194.81866455078125,
            "count": 4
        },
        "3DBall.Environment.CumulativeReward.mean": {
            "value": 81.1200121084849,
            "min": 1.232684783898439,
            "max": 81.1200121084849,
            "count": 4
        },
        "3DBall.Environment.CumulativeReward.sum": {
            "value": 1216.8001816272736,
            "min": 633.5999789237976,
            "max": 1216.8001816272736,
            "count": 4
        },
        "3DBall.Policy.ExtrinsicReward.mean": {
            "value": 81.1200121084849,
            "min": 1.232684783898439,
            "max": 81.1200121084849,
            "count": 4
        },
        "3DBall.Policy.ExtrinsicReward.sum": {
            "value": 1216.8001816272736,
            "min": 633.5999789237976,
            "max": 1216.8001816272736,
            "count": 4
        },
        "3DBall.Losses.PolicyLoss.mean": {
            "value": 0.6147652608502433,
            "min": 0.6147652608502433,
            "max": 0.7987558742585446,
            "count": 4
        },
        "3DBall.Losses.PolicyLoss.sum": {
            "value": 1.2295305217004866,
            "min": 1.2295305217004866,
            "max": 2.3962676227756337,
            "count": 4
        },
        "3DBall.Losses.ValueLoss.mean": {
            "value": 0.7378683237820851,
            "min": 0.15850307141508435,
            "max": 1.8845434361120728,
            "count": 4
        },
        "3DBall.Losses.ValueLoss.sum": {
            "value": 1.4757366475641702,
            "min": 0.3170061428301687,
            "max": 5.6536303083362185,
            "count": 4
        },
        "3DBall.Policy.LearningRate.mean": {
            "value": 0.00045709500858099987,
            "min": 0.00045709500858099987,
            "max": 0.0004926165014767,
            "count": 4
        },
        "3DBall.Policy.LearningRate.sum": {
            "value": 0.0009141900171619997,
            "min": 0.0009141900171619997,
            "max": 0.0014103440179312,
            "count": 4
        },
        "3DBall.Policy.Epsilon.mean": {
            "value": 0.2828379999999999,
            "min": 0.2828379999999999,
            "max": 0.29704659999999994,
            "count": 4
        },
        "3DBall.Policy.Epsilon.sum": {
            "value": 0.5656759999999998,
            "min": 0.5656759999999998,
            "max": 0.8641376,
            "count": 4
        },
        "3DBall.Policy.Beta.mean": {
            "value": 0.0010978861000000002,
            "min": 0.0010978861000000002,
            "max": 0.00118242727,
            "count": 4
        },
        "3DBall.Policy.Beta.sum": {
            "value": 0.0021957722000000004,
            "min": 0.0021957722000000004,
            "max": 0.0033866187199999994,
            "count": 4
        },
        "3DBall.IsTraining.mean": {
            "value": 1.0,
            "min": 1.0,
            "max": 1.0,
            "count": 4
        },
        "3DBall.IsTraining.sum": {
            "value": 1.0,
            "min": 1.0,
            "max": 1.0,
            "count": 4
        }
    },
    "metadata": {
        "timer_format_version": "0.1.0",
        "start_time_seconds": "1764669919",
        "python_version": "3.10.11 (tags/v3.10.11:7d4cc5a, Apr  5 2023, 00:38:17) [MSC v.1929 64 bit (AMD64)]",
        "command_line_arguments": "C:\\Users\\moebn\\Documents\\University\\Project 2-1\\project_2_1_group_7\\venv\\Scripts\\mlagents-learn Config/training_config.yaml --run-id=run_batch_size1_buffer_size4900_learning_rate0.0005_beta0.0012_epsilon0.3 --time-scale=20 --env=3DBall_environment/UnityEnvironment.exe --no-graphics",
        "mlagents_version": "1.0.0",
        "mlagents_envs_version": "1.0.0",
        "communication_protocol_version": "1.5.0",
        "pytorch_version": "2.9.1+cpu",
        "numpy_version": "1.23.5",
        "end_time_seconds": "1764670184"
    },
    "total": 265.0472776000024,
    "count": 1,
    "self": 0.18114620000415016,
    "children": {
        "run_training.setup": {
            "total": 0.06235509999532951,
            "count": 1,
            "self": 0.06235509999532951
        },
        "TrainerController.start_learning": {
            "total": 264.80377630000294,
            "count": 1,
            "self": 0.04595990001689643,
            "children": {
                "TrainerController._reset_env": {
                    "total": 7.085686800004623,
                    "count": 1,
                    "self": 7.085686800004623
                },
                "TrainerController.advance": {
                    "total": 257.6656380999775,
                    "count": 5455,
                    "self": 0.04751850048342021,
                    "children": {
                        "env_step": {
                            "total": 15.246653599948331,
                            "count": 5455,
                            "self": 13.414721199456835,
                            "children": {
                                "SubprocessEnvManager._take_step": {
                                    "total": 1.7994080002172268,
                                    "count": 5455,
                                    "self": 0.133832000035909,
                                    "children": {
                                        "TorchPolicy.evaluate": {
                                            "total": 1.6655760001813178,
                                            "count": 4751,
                                            "self": 1.6655760001813178
                                        }
                                    }
                                },
                                "workers": {
                                    "total": 0.03252440027426928,
                                    "count": 5455,
                                    "self": 0.0,
                                    "children": {
                                        "worker_root": {
                                            "total": 258.17498030031857,
                                            "count": 5455,
                                            "is_parallel": true,
                                            "self": 247.78437280034268,
                                            "children": {
                                                "steps_from_proto": {
                                                    "total": 0.00028839999868068844,
                                                    "count": 1,