{
    "name": "root",
    "gauges": {
        "3DBall.Policy.Entropy.mean": {
            "value": 1.3120207786560059,
            "min": 1.3120207786560059,
            "max": 1.4106228351593018,
            "count": 4
        },
        "3DBall.Policy.Entropy.sum": {
            "value": 18499.4921875,
            "min": 15914.810546875,
            "max": 21507.4296875,
            "count": 4
        },
        "3DBall.Environment.EpisodeLength.mean": {
            "value": 919.3846153846154,
            "min": 24.96976241900648,
            "max": 919.3846153846154,
            "count": 4
        },
        "3DBall.Environment.EpisodeLength.sum": {
            "value": 11952.0,
            "min": 11561.0,
            "max": 12351.0,
            "count": 4
        },
        "3DBall.Step.mean": {
            "value": 47636.0,
            "min": 11998.0,
            "max": 47636.0,
            "count": 4
        },
        "3DBall.Step.sum": {
            "value": 47636.0,
            "min": 11998.0,
            "max": 47636.0,
            "count": 4
        },
        "3DBall.Policy.ExtrinsicValueEstimate.mean": {
            "value": 9.097559928894043,
            "min": 0.04648534581065178,
            "max": 9.097559928894043,
            "count": 4
        },
        "3DBall.Policy.ExtrinsicValueEstimate.sum": {
            "value": 118.26828002929688,
            "min": 21.47623062133789,
            "max": 256.10064697265625,
            "count": 4
        },
        "3DBall.Environment.CumulativeReward.mean": {
            "value": 91.70001426109901,
            "min": 1.496969639480888,
            "max": 91.70001426109901,
            "count": 4
        },
        "3DBall.Environment.CumulativeReward.sum": {
            "value": 1192.100185394287,
            "min": 691.5999734401703,
            "max": 1192.100185394287,
            "count": 4
        },
        "3DBall.Policy.ExtrinsicReward.mean": {
            "value": 91.70001426109901,
            "min": 1.496969639480888,
            "max": 91.70001426109901,
            "count": 4
        },
        "3DBall.Policy.ExtrinsicReward.sum": {
            "value": 1192.100185394287,
            "min": 691.5999734401703,
            "max": 1192.100185394287,
            "count": 4
        },
        "3DBall.Losses.PolicyLoss.mean": {
            "value": 0.10262671690788835,
            "min": 0.10107213862745976,
            "max": 0.10865326179316692,
            "count": 4
        },
        "3DBall.Losses.PolicyLoss.sum": {
            "value": 0.4105068676315534,
            "min": 0.404288554509839,
            "max": 0.5432663089658346,
            "count": 4
        },
        "3DBall.Losses.ValueLoss.mean": {
            "value": 1.2474207956822805,
            "min": 0.35805932071773294,
            "max": 2.356981030534712,
            "count": 4
        },
        "3DBall.Losses.ValueLoss.sum": {
            "value": 4.989683182729122,
            "min": 1.4322372828709318,
            "max": 9.427924122138847,
            "count": 4
        },
        "3DBall.Policy.LearningRate.mean": {
            "value": 0.00045884175823164997,
            "min": 0.00045884175823164997,
            "max": 0.00049373125125375,
            "count": 4
        },
        "3DBall.Policy.LearningRate.sum": {
            "value": 0.0018353670329265999,
            "min": 0.0018353670329265999,
            "max": 0.0024119120176175997,
            "count": 4
        },
        "3DBall.Policy.Epsilon.mean": {
            "value": 0.19176834999999998,
            "min": 0.19176834999999998,
            "max": 0.19874625,
            "count": 4
        },
        "3DBall.Policy.Epsilon.sum": {
            "value": 0.7670733999999999,
            "min": 0.7670733999999999,
            "max": 0.9823824,
            "count": 4
        },
        "3DBall.Policy.Beta.mean": {
            "value": 0.001010275015,
            "min": 0.001010275015,
            "max": 0.001086334125,
            "count": 4
        },
        "3DBall.Policy.Beta.sum": {
            "value": 0.00404110006,
            "min": 0.00404110006,
            "max": 0.00530796816,
            "count": 4
        },
        "3DBall.IsTraining.mean": {
            "value": 1.0,
            "min": 1.0,
            "max": 1.0,
            "count": 4
        },
        "3DBall.IsTraining.sum": {
            "value": 1.0,
            "min": 1.0,
            "max": 1.0,
            "count": 4
        }
    },
    "metadata": {
        "timer_format_version": "0.1.0",
        "start_time_seconds": "1765134312",
        "python_version": "3.10.11 (tags/v3.10.11:7d4cc5a, Apr  5 2023, 00:38:17) [MSC v.1929 64 bit (AMD64)]",
        "command_line_arguments": "C:\\Users\\moebn\\Documents\\University\\Project 2-1\\project_2_1_group_7\\venv\\Scripts\\mlagents-learn Config/training_config.yaml --run-id=run_batch_size53_buffer_size2500_learning_rate0.0005_beta0.0011_epsilon0.2 --time-scale=20 --env=3DBall_environment/UnityEnvironment.exe --no-graphics",
        "mlagents_version": "1.0.0",
        "mlagents_envs_version": "1.0.0",
        "communication_protocol_version": "1.5.0",
        "pytorch_version": "2.9.1+cpu",
        "numpy_version": "1.23.5",
        "end_time_seconds": "1765134341"
    },
    "total": 29.01755410002079,
    "count": 1,
    "self": 0.15259969999897294,
    "children": {
        "run_training.setup": {
            "total": 0.0746934000053443,
            "count": 1,
            "self": 0.0746934000053443
        },
        "TrainerController.start_learning": {
            "total": 28.79026100001647,
            "count": 1,
            "self": 0.04367979898233898,
            "children": {
                "TrainerController._reset_env": {
                    "total": 3.451561199995922,
                    "count": 1,
                    "self": 3.451561199995922
                },
                "TrainerController.advance": {
                    "total": 25.28873950103298,
                    "count": 5237,
                    "self": 0.04237210121937096,
                    "children": {
                        "env_step": {
                            "total": 15.01232870068634,
                            "count": 5237,
                            "self": 13.037999200430932,
                            "children": {
                                "SubprocessEnvManager._take_step": {
                                    "total": 1.942978300532559,
                                    "count": 5237,
                                    "self": 0.13118280039634556,
                                    "children": {
                                        "TorchPolicy.evaluate": {
                                            "total": 1.8117955001362134,
                                            "count": 4702,
                                            "self": 1.8117955001362134
                                        }
                                    }
                                },
                                "workers": {
                                    "total": 0.03135119972284883,
                                    "count": 5237,
                                    "self": 0.0,
                                    "children": {
                                        "worker_root": {
                                            "total": 25.8832606987271,
                                            "count": 5237,
                                            "is_parallel": true,
                                            "self": 15.758387698733713,
                                            "children": {
                                                "steps_from_proto": {
                                                    "total": 0.0002476999943610281,
                                                    "count": 1,
                                                    "is_parallel": true,