{
    "name": "root",
    "gauges": {
        "3DBall.Policy.Entropy.mean": {
            "value": 1.406282663345337,
            "min": 1.406282663345337,
            "max": 1.4207558631896973,
            "count": 4
        },
        "3DBall.Policy.Entropy.sum": {
            "value": 16959.76953125,
            "min": 16959.76953125,
            "max": 17321.85546875,
            "count": 4
        },
        "3DBall.Environment.EpisodeLength.mean": {
            "value": 54.115207373271886,
            "min": 22.67258382642998,
            "max": 54.115207373271886,
            "count": 4
        },
        "3DBall.Environment.EpisodeLength.sum": {
            "value": 11743.0,
            "min": 11495.0,
            "max": 11743.0,
            "count": 4
        },
        "3DBall.Step.mean": {
            "value": 47996.0,
            "min": 11966.0,
            "max": 47996.0,
            "count": 4
        },
        "3DBall.Step.sum": {
            "value": 47996.0,
            "min": 11966.0,
            "max": 47996.0,
            "count": 4
        },
        "3DBall.Policy.ExtrinsicValueEstimate.mean": {
            "value": 1.377540111541748,
            "min": 0.07863050699234009,
            "max": 1.377540111541748,
            "count": 4
        },
        "3DBall.Policy.ExtrinsicValueEstimate.sum": {
            "value": 298.92620849609375,
            "min": 39.78703689575195,
            "max": 298.92620849609375,
            "count": 4
        },
        "3DBall.Environment.CumulativeReward.mean": {
            "value": 4.446544194551108,
            "min": 1.2648220912741106,
            "max": 4.446544194551108,
            "count": 4
        },
        "3DBall.Environment.CumulativeReward.sum": {
            "value": 964.9000902175903,
            "min": 639.9999781847,
            "max": 964.9000902175903,
            "count": 4
        },
        "3DBall.Policy.ExtrinsicReward.mean": {
            "value": 4.446544194551108,
            "min": 1.2648220912741106,
            "max": 4.446544194551108,
            "count": 4
        },
        "3DBall.Policy.ExtrinsicReward.sum": {
            "value": 964.9000902175903,
            "min": 639.9999781847,
            "max": 964.9000902175903,
            "count": 4
        },
        "3DBall.Losses.PolicyLoss.mean": {
            "value": 0.15476486343371249,
            "min": 0.14980081984697916,
            "max": 0.15476486343371249,
            "count": 4
        },
        "3DBall.Losses.PolicyLoss.sum": {
            "value": 0.30952972686742497,
            "min": 0.3043678282538401,
            "max": 0.4494024595409375,
            "count": 4
        },
        "3DBall.Losses.ValueLoss.mean": {
            "value": 1.3892457961736389,
            "min": 0.22211296626231178,
            "max": 1.3892457961736389,
            "count": 4
        },
        "3DBall.Losses.ValueLoss.sum": {
            "value": 2.7784915923472777,
            "min": 0.44422593252462356,
            "max": 2.7784915923472777,
            "count": 4
        },
        "3DBall.Policy.LearningRate.mean": {
            "value": 0.00027489510836829995,
            "min": 0.00027489510836829995,
            "max": 0.0002955825014725,
            "count": 4
        },
        "3DBall.Policy.LearningRate.sum": {
            "value": 0.0005497902167365999,
            "min": 0.0005497902167365999,
            "max": 0.0008469510176829999,
            "count": 4
        },
        "3DBall.Policy.Epsilon.mean": {
            "value": 0.09999999999999998,
            "min": 0.09999999999999998,
            "max": 0.09999999999999999,
            "count": 4
        },
        "3DBall.Policy.Epsilon.sum": {
            "value": 0.19999999999999996,
            "min": 0.19999999999999996,
            "max": 0.3,
            "count": 4
        },
        "3DBall.Policy.Beta.mean": {
            "value": 0.00128368063,
            "min": 0.00128368063,
            "max": 0.00137953225,
            "count": 4
        },
        "3DBall.Policy.Beta.sum": {
            "value": 0.00256736126,
            "min": 0.00256736126,
            "max": 0.003954206300000001,
            "count": 4
        },
        "3DBall.IsTraining.mean": {
            "value": 1.0,
            "min": 1.0,
            "max": 1.0,
            "count": 4
        },
        "3DBall.IsTraining.sum": {
            "value": 1.0,
            "min": 1.0,
            "max": 1.0,
            "count": 4
        }
    },
    "metadata": {
        "timer_format_version": "0.1.0",
        "start_time_seconds": "1765045148",
        "python_version": "3.10.11 (tags/v3.10.11:7d4cc5a, Apr  5 2023, 00:38:17) [MSC v.1929 64 bit (AMD64)]",
        "command_line_arguments": "C:\\Users\\moebn\\Documents\\University\\Project 2-1\\project_2_1_group_7\\venv\\Scripts\\mlagents-learn Config/training_config.yaml --run-id=run_batch_size27_buffer_size4900_learning_rate0.0003_beta0.0014_epsilon0.1 --time-scale=20 --env=3DBall_environment/UnityEnvironment.exe --no-graphics",
        "mlagents_version": "1.0.0",
        "mlagents_envs_version": "1.0.0",
        "communication_protocol_version": "1.5.0",
        "pytorch_version": "2.9.1+cpu",
        "numpy_version": "1.23.5",
        "end_time_seconds": "1765045182"
    },
    "total": 34.50883390000672,
    "count": 1,
    "self": 0.14576479999232106,
    "children": {
        "run_training.setup": {
            "total": 0.06656760000623763,
            "count": 1,
            "self": 0.06656760000623763
        },
        "TrainerController.start_learning": {
            "total": 34.29650150000816,
            "count": 1,
            "self": 0.04603710000810679,
            "children": {
                "TrainerController._reset_env": {
                    "total": 3.40813490000437,
                    "count": 1,
                    "self": 3.40813490000437
                },
                "TrainerController.advance": {
                    "total": 30.836013399995863,
                    "count": 5369,
                    "self": 0.04364500011433847,
                    "children": {
                        "env_step": {
                            "total": 13.680189199396409,
                            "count": 5369,
                            "self": 12.060878499381943,
                            "children": {
                                "SubprocessEnvManager._take_step": {
                                    "total": 1.587859900406329,
                                    "count": 5369,
                                    "self": 0.1193948006402934,
                                    "children": {
                                        "TorchPolicy.evaluate": {
                                            "total": 1.4684650997660356,
                                            "count": 4221,
                                            "self": 1.4684650997660356
                                        }
                                    }
                                },
                                "workers": {
                                    "total": 0.03145079960813746,
                                    "count": 5369,
                                    "self": 0.0,
                                    "children": {
                                        "worker_root": {
                                            "total": 31.413452799853985,
                                            "count": 5369,
                                            "is_parallel": true,
                                            "self": 22.124642800044967,
                                            "children": {
                                                "steps_from_proto": {
                                                    "total": 0.00027459999546408653,
                                                    "count": 1,
                                                    "is_parallel": true,