{
    "name": "root",
    "gauges": {
        "3DBall.Policy.Entropy.mean": {
            "value": 1.3404093980789185,
            "min": 1.3404093980789185,
            "max": 1.4119349718093872,
            "count": 4
        },
        "3DBall.Policy.Entropy.sum": {
            "value": 21650.29296875,
            "min": 16886.046875,
            "max": 21650.29296875,
            "count": 4
        },
        "3DBall.Environment.EpisodeLength.mean": {
            "value": 208.94736842105263,
            "min": 23.640657084188913,
            "max": 208.94736842105263,
            "count": 4
        },
        "3DBall.Environment.EpisodeLength.sum": {
            "value": 11910.0,
            "min": 11513.0,
            "max": 11910.0,
            "count": 4
        },
        "3DBall.Step.mean": {
            "value": 47439.0,
            "min": 11946.0,
            "max": 47439.0,
            "count": 4
        },
        "3DBall.Step.sum": {
            "value": 47439.0,
            "min": 11946.0,
            "max": 47439.0,
            "count": 4
        },
        "3DBall.Policy.ExtrinsicValueEstimate.mean": {
            "value": 3.2584855556488037,
            "min": 0.045945391058921814,
            "max": 3.2584855556488037,
            "count": 4
        },
        "3DBall.Policy.ExtrinsicValueEstimate.sum": {
            "value": 185.73367309570312,
            "min": 22.32946014404297,
            "max": 238.76370239257812,
            "count": 4
        },
        "3DBall.Environment.CumulativeReward.mean": {
            "value": 19.014037797325535,
            "min": 1.3580246361685389,
            "max": 19.014037797325535,
            "count": 4
        },
        "3DBall.Environment.CumulativeReward.sum": {
            "value": 1083.8001544475555,
            "min": 659.9999731779099,
            "max": 1083.8001544475555,
            "count": 4
        },
        "3DBall.Policy.ExtrinsicReward.mean": {
            "value": 19.014037797325535,
            "min": 1.3580246361685389,
            "max": 19.014037797325535,
            "count": 4
        },
        "3DBall.Policy.ExtrinsicReward.sum": {
            "value": 1083.8001544475555,
            "min": 659.9999731779099,
            "max": 1083.8001544475555,
            "count": 4
        },
        "3DBall.Losses.PolicyLoss.mean": {
            "value": 0.20694178755753595,
            "min": 0.20694178755753595,
            "max": 0.21795188948606198,
            "count": 4
        },
        "3DBall.Losses.PolicyLoss.sum": {
            "value": 0.4138835751150719,
            "min": 0.21338411570846652,
            "max": 0.43590377897212396,
            "count": 4
        },
        "3DBall.Losses.ValueLoss.mean": {
            "value": 2.6597019228306062,
            "min": 0.17643615522673206,
            "max": 2.6597019228306062,
            "count": 4
        },
        "3DBall.Losses.ValueLoss.sum": {
            "value": 5.3194038456612125,
            "min": 0.17643615522673206,
            "max": 5.3194038456612125,
            "count": 4
        },
        "3DBall.Policy.LearningRate.mean": {
            "value": 0.00045957500808499994,
            "min": 0.00045957500808499994,
            "max": 0.0004926500014700002,
            "count": 4
        },
        "3DBall.Policy.LearningRate.sum": {
            "value": 0.0009191500161699999,
            "min": 0.00047068900586220004,
            "max": 0.0009633220073356,
            "count": 4
        },
        "3DBall.Policy.Epsilon.mean": {
            "value": 0.2378725,
            "min": 0.2378725,
            "max": 0.24779499999999996,
            "count": 4
        },
        "3DBall.Policy.Epsilon.sum": {
            "value": 0.475745,
            "min": 0.24120670000000005,
            "max": 0.48899659999999995,
            "count": 4
        },
        "3DBall.Policy.Beta.mean": {
            "value": 0.0010118735000000003,
            "min": 0.0010118735000000003,
            "max": 0.0010839769999999999,
            "count": 4
        },
        "3DBall.Policy.Beta.sum": {
            "value": 0.0020237470000000007,
            "min": 0.0010361020200000005,
            "max": 0.002120041960000001,
            "count": 4
        },
        "3DBall.IsTraining.mean": {
            "value": 1.0,
            "min": 1.0,
            "max": 1.0,
            "count": 4
        },
        "3DBall.IsTraining.sum": {
            "value": 1.0,
            "min": 1.0,
            "max": 1.0,
            "count": 4
        }
    },
    "metadata": {
        "timer_format_version": "0.1.0",
        "start_time_seconds": "1764927388",
        "python_version": "3.10.11 (tags/v3.10.11:7d4cc5a, Apr  5 2023, 00:38:17) [MSC v.1929 64 bit (AMD64)]",
        "command_line_arguments": "C:\\Users\\moebn\\Documents\\University\\Project 2-1\\project_2_1_group_7\\venv\\Scripts\\mlagents-learn Config/training_config.yaml --run-id=run_batch_size14_buffer_size7300_learning_rate0.0005_beta0.0011_epsilon0.25 --time-scale=20 --env=3DBall_environment/UnityEnvironment.exe --no-graphics",
        "mlagents_version": "1.0.0",
        "mlagents_envs_version": "1.0.0",
        "communication_protocol_version": "1.5.0",
        "pytorch_version": "2.9.1+cpu",
        "numpy_version": "1.23.5",
        "end_time_seconds": "1764927430"
    },
    "total": 41.79643539999961,
    "count": 1,
    "self": 0.15491559999645688,
    "children": {
        "run_training.setup": {
            "total": 0.06910359999164939,
            "count": 1,
            "self": 0.06910359999164939
        },
        "TrainerController.start_learning": {
            "total": 41.5724162000115,
            "count": 1,
            "self": 0.04600109982129652,
            "children": {
                "TrainerController._reset_env": {
                    "total": 3.3698650000005728,
                    "count": 1,
                    "self": 3.3698650000005728
                },
                "TrainerController.advance": {
                    "total": 38.150246700199204,
                    "count": 5396,
                    "self": 0.04429890069877729,
                    "children": {
                        "env_step": {
                            "total": 14.340587500264519,
                            "count": 5396,
                            "self": 12.689884699590039,
                            "children": {
                                "SubprocessEnvManager._take_step": {
                                    "total": 1.6188848001911538,
                                    "count": 5396,
                                    "self": 0.1315300000278512,
                                    "children": {
                                        "TorchPolicy.evaluate": {
                                            "total": 1.4873548001633026,
                                            "count": 4533,
                                            "self": 1.4873548001633026
                                        }
                                    }
                                },
                                "workers": {
                                    "total": 0.031818000483326614,
                                    "count": 5396,
                                    "self": 0.0,
                                    "children": {
                                        "worker_root": {
                                            "total": 38.7031671996956,
                                            "count": 5396,
                                            "is_parallel": true,
                                            "self": 28.895874000125332,
                                            "children": {
                                                "steps_from_proto": {
                                                    "total": 0.0003070999955525622,
                                                    "count": 1,