{
    "name": "root",
    "gauges": {
        "3DBall.Policy.Entropy.mean": {
            "value": 1.392402172088623,
            "min": 1.392402172088623,
            "max": 1.4189382791519165,
            "count": 4
        },
        "3DBall.Policy.Entropy.sum": {
            "value": 16909.33203125,
            "min": 16909.33203125,
            "max": 17299.6953125,
            "count": 4
        },
        "3DBall.Environment.EpisodeLength.mean": {
            "value": 32.58495821727019,
            "min": 22.021072796934867,
            "max": 32.58495821727019,
            "count": 4
        },
        "3DBall.Environment.EpisodeLength.sum": {
            "value": 11698.0,
            "min": 11495.0,
            "max": 11698.0,
            "count": 4
        },
        "3DBall.Step.mean": {
            "value": 47888.0,
            "min": 11986.0,
            "max": 47888.0,
            "count": 4
        },
        "3DBall.Step.sum": {
            "value": 47888.0,
            "min": 11986.0,
            "max": 47888.0,
            "count": 4
        },
        "3DBall.Policy.ExtrinsicValueEstimate.mean": {
            "value": 0.4051835536956787,
            "min": -0.0013178198132663965,
            "max": 0.4051835536956787,
            "count": 4
        },
        "3DBall.Policy.ExtrinsicValueEstimate.sum": {
            "value": 145.4608917236328,
            "min": -0.6865841150283813,
            "max": 145.4608917236328,
            "count": 4
        },
        "3DBall.Environment.CumulativeReward.mean": {
            "value": 2.2153202723659846,
            "min": 1.2005757851930132,
            "max": 2.2153202723659846,
            "count": 4
        },
        "3DBall.Environment.CumulativeReward.sum": {
            "value": 795.2999777793884,
            "min": 625.4999840855598,
            "max": 795.2999777793884,
            "count": 4
        },
        "3DBall.Policy.ExtrinsicReward.mean": {
            "value": 2.2153202723659846,
            "min": 1.2005757851930132,
            "max": 2.2153202723659846,
            "count": 4
        },
        "3DBall.Policy.ExtrinsicReward.sum": {
            "value": 795.2999777793884,
            "min": 625.4999840855598,
            "max": 795.2999777793884,
            "count": 4
        },
        "3DBall.IsTraining.mean": {
            "value": 1.0,
            "min": 1.0,
            "max": 1.0,
            "count": 4
        },
        "3DBall.IsTraining.sum": {
            "value": 1.0,
            "min": 1.0,
            "max": 1.0,
            "count": 4
        },
        "3DBall.Losses.PolicyLoss.mean": {
            "value": 0.11268709893961769,
            "min": 0.11268709893961769,
            "max": 0.11269376102206276,
            "count": 2
        },
        "3DBall.Losses.PolicyLoss.sum": {
            "value": 0.11268709893961769,
            "min": 0.11268709893961769,
            "max": 0.11269376102206276,
            "count": 2
        },
        "3DBall.Losses.ValueLoss.mean": {
            "value": 0.25333367997691747,
            "min": 0.19463050402973817,
            "max": 0.25333367997691747,
            "count": 2
        },
        "3DBall.Losses.ValueLoss.sum": {
            "value": 0.25333367997691747,
            "min": 0.19463050402973817,
            "max": 0.25333367997691747,
            "count": 2
        },
        "3DBall.Policy.LearningRate.mean": {
            "value": 0.00046138000772400015,
            "min": 0.00046138000772400015,
            "max": 0.0004806910038618,
            "count": 2
        },
        "3DBall.Policy.LearningRate.sum": {
            "value": 0.00046138000772400015,
            "min": 0.00046138000772400015,
            "max": 0.0004806910038618,
            "count": 2
        },
        "3DBall.Policy.Epsilon.mean": {
            "value": 0.28455200000000014,
            "min": 0.28455200000000014,
            "max": 0.2922764,
            "count": 2
        },
        "3DBall.Policy.Epsilon.sum": {
            "value": 0.28455200000000014,
            "min": 0.28455200000000014,
            "max": 0.2922764,
            "count": 2
        },
        "3DBall.Policy.Beta.mean": {
            "value": 0.0010158084,
            "min": 0.0010158084,
            "max": 0.00105790638,
            "count": 2
        },
        "3DBall.Policy.Beta.sum": {
            "value": 0.0010158084,
            "min": 0.0010158084,
            "max": 0.00105790638,
            "count": 2
        }
    },
    "metadata": {
        "timer_format_version": "0.1.0",
        "start_time_seconds": "1765166940",
        "python_version": "3.10.11 (tags/v3.10.11:7d4cc5a, Apr  5 2023, 00:38:17) [MSC v.1929 64 bit (AMD64)]",
        "command_line_arguments": "C:\\Users\\moebn\\Documents\\University\\Project 2-1\\project_2_1_group_7\\venv\\Scripts\\mlagents-learn Config/training_config.yaml --run-id=run_batch_size53_buffer_size19300_learning_rate0.0005_beta0.0011_epsilon0.3 --time-scale=20 --env=3DBall_environment/UnityEnvironment.exe --no-graphics",
        "mlagents_version": "1.0.0",
        "mlagents_envs_version": "1.0.0",
        "communication_protocol_version": "1.5.0",
        "pytorch_version": "2.9.1+cpu",
        "numpy_version": "1.23.5",
        "end_time_seconds": "1765166970"
    },
    "total": 30.020650999998907,
    "count": 1,
    "self": 0.20369109997409396,
    "children": {
        "run_training.setup": {
            "total": 0.08023950000642799,
            "count": 1,
            "self": 0.08023950000642799
        },
        "TrainerController.start_learning": {
            "total": 29.736720400018385,
            "count": 1,
            "self": 0.04961100177024491,
            "children": {
                "TrainerController._reset_env": {
                    "total": 6.094136499974411,
                    "count": 1,
                    "self": 6.094136499974411
                },
                "TrainerController.advance": {
                    "total": 23.586302298295777,
                    "count": 5681,
                    "self": 0.04775609669741243,
                    "children": {
                        "env_step": {
                            "total": 14.177448900270974,
                            "count": 5681,
                            "self": 12.702687401935691,
                            "children": {
                                "SubprocessEnvManager._take_step": {
                                    "total": 1.4406272001506295,
                                    "count": 5681,
                                    "self": 0.1220000991015695,
                                    "children": {
                                        "TorchPolicy.evaluate": {
                                            "total": 1.31862710104906,
                                            "count": 4196,
                                            "self": 1.31862710104906
                                        }
                                    }
                                },
                                "workers": {
                                    "total": 0.034134298184653744,
                                    "count": 5681,
                                    "self": 0.0,
                                    "children": {
                                        "worker_root": {
                                            "total": 24.10342910059262,
                                            "count": 5681,
                                            "is_parallel": true,
                                            "self": 14.386382799159037,
                                            "children": {
                                                "steps_from_proto": {
                                                    "total": 0.0002902999985963106,
                                                    "count": 1,