{
    "name": "root",
    "gauges": {
        "3DBall.Policy.Entropy.mean": {
            "value": 1.4185312986373901,
            "min": 1.4185312986373901,
            "max": 1.423708200454712,
            "count": 4
        },
        "3DBall.Policy.Entropy.sum": {
            "value": 17022.375,
            "min": 17022.375,
            "max": 17169.1171875,
            "count": 4
        },
        "3DBall.Environment.EpisodeLength.mean": {
            "value": 24.52127659574468,
            "min": 21.112338858195212,
            "max": 24.52127659574468,
            "count": 4
        },
        "3DBall.Environment.EpisodeLength.sum": {
            "value": 11525.0,
            "min": 11464.0,
            "max": 11525.0,
            "count": 4
        },
        "3DBall.Step.mean": {
            "value": 47992.0,
            "min": 11988.0,
            "max": 47992.0,
            "count": 4
        },
        "3DBall.Step.sum": {
            "value": 47992.0,
            "min": 11988.0,
            "max": 47992.0,
            "count": 4
        },
        "3DBall.Policy.ExtrinsicValueEstimate.mean": {
            "value": 0.24627667665481567,
            "min": -0.5960918664932251,
            "max": 0.24627667665481567,
            "count": 4
        },
        "3DBall.Policy.ExtrinsicValueEstimate.sum": {
            "value": 115.75003814697266,
            "min": -323.081787109375,
            "max": 115.75003814697266,
            "count": 4
        },
        "3DBall.Environment.CumulativeReward.mean": {
            "value": 1.4540424988624898,
            "min": 1.111808094371289,
            "max": 1.4540424988624898,
            "count": 4
        },
        "3DBall.Environment.CumulativeReward.sum": {
            "value": 683.3999744653702,
            "min": 602.5999871492386,
            "max": 683.3999744653702,
            "count": 4
        },
        "3DBall.Policy.ExtrinsicReward.mean": {
            "value": 1.4540424988624898,
            "min": 1.111808094371289,
            "max": 1.4540424988624898,
            "count": 4
        },
        "3DBall.Policy.ExtrinsicReward.sum": {
            "value": 683.3999744653702,
            "min": 602.5999871492386,
            "max": 683.3999744653702,
            "count": 4
        },
        "3DBall.IsTraining.mean": {
            "value": 1.0,
            "min": 1.0,
            "max": 1.0,
            "count": 4
        },
        "3DBall.IsTraining.sum": {
            "value": 1.0,
            "min": 1.0,
            "max": 1.0,
            "count": 4
        },
        "3DBall.Losses.PolicyLoss.mean": {
            "value": 0.21755389064033565,
            "min": 0.2116424822450469,
            "max": 0.21755389064033565,
            "count": 2
        },
        "3DBall.Losses.PolicyLoss.sum": {
            "value": 0.21755389064033565,
            "min": 0.2116424822450469,
            "max": 0.21755389064033565,
            "count": 2
        },
        "3DBall.Losses.ValueLoss.mean": {
            "value": 0.19614010168059828,
            "min": 0.17619670719851113,
            "max": 0.19614010168059828,
            "count": 2
        },
        "3DBall.Losses.ValueLoss.sum": {
            "value": 0.19614010168059828,
            "min": 0.17619670719851113,
            "max": 0.19614010168059828,
            "count": 2
        },
        "3DBall.Policy.LearningRate.mean": {
            "value": 0.00018454920772539995,
            "min": 0.00018454920772539995,
            "max": 0.000192276003862,
            "count": 2
        },
        "3DBall.Policy.LearningRate.sum": {
            "value": 0.00018454920772539995,
            "min": 0.00018454920772539995,
            "max": 0.000192276003862,
            "count": 2
        },
        "3DBall.Policy.Epsilon.mean": {
            "value": 0.14613729999999997,
            "min": 0.14613729999999997,
            "max": 0.148069,
            "count": 2
        },
        "3DBall.Policy.Epsilon.sum": {
            "value": 0.14613729999999997,
            "min": 0.14613729999999997,
            "max": 0.148069,
            "count": 2
        },
        "3DBall.Policy.Beta.mean": {
            "value": 0.0012003423399999998,
            "min": 0.0012003423399999998,
            "max": 0.0012501801999999997,
            "count": 2
        },
        "3DBall.Policy.Beta.sum": {
            "value": 0.0012003423399999998,
            "min": 0.0012003423399999998,
            "max": 0.0012501801999999997,
            "count": 2
        }
    },
    "metadata": {
        "timer_format_version": "0.1.0",
        "start_time_seconds": "1765023868",
        "python_version": "3.10.11 (tags/v3.10.11:7d4cc5a, Apr  5 2023, 00:38:17) [MSC v.1929 64 bit (AMD64)]",
        "command_line_arguments": "C:\\Users\\moebn\\Documents\\University\\Project 2-1\\project_2_1_group_7\\venv\\Scripts\\mlagents-learn Config/training_config.yaml --run-id=run_batch_size14_buffer_size19300_learning_rate0.0002_beta0.0013_epsilon0.15 --time-scale=20 --env=3DBall_environment/UnityEnvironment.exe --no-graphics",
        "mlagents_version": "1.0.0",
        "mlagents_envs_version": "1.0.0",
        "communication_protocol_version": "1.5.0",
        "pytorch_version": "2.9.1+cpu",
        "numpy_version": "1.23.5",
        "end_time_seconds": "1765023908"
    },
    "total": 39.07053309999901,
    "count": 1,
    "self": 0.16053629999805707,
    "children": {
        "run_training.setup": {
            "total": 0.0647739999985788,
            "count": 1,
            "self": 0.0647739999985788
        },
        "TrainerController.start_learning": {
            "total": 38.845222800002375,
            "count": 1,
            "self": 0.05115999999543419,
            "children": {
                "TrainerController._reset_env": {
                    "total": 3.4400920000043698,
                    "count": 1,
                    "self": 3.4400920000043698
                },
                "TrainerController.advance": {
                    "total": 35.34684090000519,
                    "count": 5793,
                    "self": 0.048460899692145176,
                    "children": {
                        "env_step": {
                            "total": 13.965970700250182,
                            "count": 5793,
                            "self": 12.45409170059429,
                            "children": {
                                "SubprocessEnvManager._take_step": {
                                    "total": 1.4774759000138147,
                                    "count": 5793,
                                    "self": 0.11980460003542248,
                                    "children": {
                                        "TorchPolicy.evaluate": {
                                            "total": 1.3576712999783922,
                                            "count": 4184,
                                            "self": 1.3576712999783922
                                        }
                                    }
                                },
                                "workers": {
                                    "total": 0.034403099642076995,
                                    "count": 5793,
                                    "self": 0.0,
                                    "children": {
                                        "worker_root": {
                                            "total": 35.88007300031313,
                                            "count": 5793,
                                            "is_parallel": true,
                                            "self": 26.357241799516487,
                                            "children": {
                                                "steps_from_proto": {
                                                    "total": 0.0002448999948683195,
                                                    "count": 1,