{
    "name": "root",
    "gauges": {
        "3DBall.Policy.Entropy.mean": {
            "value": 1.4065430164337158,
            "min": 1.4065430164337158,
            "max": 1.4189382791519165,
            "count": 4
        },
        "3DBall.Policy.Entropy.sum": {
            "value": 16743.48828125,
            "min": 16743.48828125,
            "max": 17197.53125,
            "count": 4
        },
        "3DBall.Environment.EpisodeLength.mean": {
            "value": 25.745535714285715,
            "min": 22.107899807321772,
            "max": 25.745535714285715,
            "count": 4
        },
        "3DBall.Environment.EpisodeLength.sum": {
            "value": 11534.0,
            "min": 11474.0,
            "max": 11540.0,
            "count": 4
        },
        "3DBall.Step.mean": {
            "value": 47976.0,
            "min": 11994.0,
            "max": 47976.0,
            "count": 4
        },
        "3DBall.Step.sum": {
            "value": 47976.0,
            "min": 11994.0,
            "max": 47976.0,
            "count": 4
        },
        "3DBall.Policy.ExtrinsicValueEstimate.mean": {
            "value": 0.32568874955177307,
            "min": -0.17544381320476532,
            "max": 0.32568874955177307,
            "count": 4
        },
        "3DBall.Policy.ExtrinsicValueEstimate.sum": {
            "value": 145.90855407714844,
            "min": -90.35356140136719,
            "max": 145.90855407714844,
            "count": 4
        },
        "3DBall.Environment.CumulativeReward.mean": {
            "value": 1.5734374283679895,
            "min": 1.211175302090213,
            "max": 1.5734374283679895,
            "count": 4
        },
        "3DBall.Environment.CumulativeReward.sum": {
            "value": 704.8999679088593,
            "min": 628.5999817848206,
            "max": 704.8999679088593,
            "count": 4
        },
        "3DBall.Policy.ExtrinsicReward.mean": {
            "value": 1.5734374283679895,
            "min": 1.211175302090213,
            "max": 1.5734374283679895,
            "count": 4
        },
        "3DBall.Policy.ExtrinsicReward.sum": {
            "value": 704.8999679088593,
            "min": 628.5999817848206,
            "max": 704.8999679088593,
            "count": 4
        },
        "3DBall.IsTraining.mean": {
            "value": 1.0,
            "min": 1.0,
            "max": 1.0,
            "count": 4
        },
        "3DBall.IsTraining.sum": {
            "value": 1.0,
            "min": 1.0,
            "max": 1.0,
            "count": 4
        },
        "3DBall.Losses.PolicyLoss.mean": {
            "value": 0.0925384685338211,
            "min": 0.0925384685338211,
            "max": 0.09739626272065069,
            "count": 3
        },
        "3DBall.Losses.PolicyLoss.sum": {
            "value": 0.0925384685338211,
            "min": 0.0925384685338211,
            "max": 0.09739626272065069,
            "count": 3
        },
        "3DBall.Losses.ValueLoss.mean": {
            "value": 0.2911423553614856,
            "min": 0.25172888978612656,
            "max": 0.31693298548822896,
            "count": 3
        },
        "3DBall.Losses.ValueLoss.sum": {
            "value": 0.2911423553614856,
            "min": 0.25172888978612656,
            "max": 0.31693298548822896,
            "count": 3
        },
        "3DBall.Policy.LearningRate.mean": {
            "value": 0.0003651608087098,
            "min": 0.0003651608087098,
            "max": 0.0003883888029028,
            "count": 3
        },
        "3DBall.Policy.LearningRate.sum": {
            "value": 0.0003651608087098,
            "min": 0.0003651608087098,
            "max": 0.0003883888029028,
            "count": 3
        },
        "3DBall.Policy.Epsilon.mean": {
            "value": 0.14564510000000003,
            "min": 0.14564510000000003,
            "max": 0.14854860000000003,
            "count": 3
        },
        "3DBall.Policy.Epsilon.sum": {
            "value": 0.14564510000000003,
            "min": 0.14564510000000003,
            "max": 0.14854860000000003,
            "count": 3
        },
        "3DBall.Policy.Beta.mean": {
            "value": 0.00109635338,
            "min": 0.00109635338,
            "max": 0.0011654566799999997,
            "count": 3
        },
        "3DBall.Policy.Beta.sum": {
            "value": 0.00109635338,
            "min": 0.00109635338,
            "max": 0.0011654566799999997,
            "count": 3
        }
    },
    "metadata": {
        "timer_format_version": "0.1.0",
        "start_time_seconds": "1765219273",
        "python_version": "3.10.11 (tags/v3.10.11:7d4cc5a, Apr  5 2023, 00:38:17) [MSC v.1929 64 bit (AMD64)]",
        "command_line_arguments": "C:\\Users\\moebn\\Documents\\University\\Project 2-1\\project_2_1_group_7\\venv\\Scripts\\mlagents-learn Config/training_config.yaml --run-id=run_batch_size66_buffer_size14500_learning_rate0.0004_beta0.0012_epsilon0.15 --time-scale=20 --env=3DBall_environment/UnityEnvironment.exe --no-graphics",
        "mlagents_version": "1.0.0",
        "mlagents_envs_version": "1.0.0",
        "communication_protocol_version": "1.5.0",
        "pytorch_version": "2.9.1+cpu",
        "numpy_version": "1.23.5",
        "end_time_seconds": "1765219301"
    },
    "total": 27.976646099996287,
    "count": 1,
    "self": 0.23171910000382923,
    "children": {
        "run_training.setup": {
            "total": 0.08899270000983961,
            "count": 1,
            "self": 0.08899270000983961
        },
        "TrainerController.start_learning": {
            "total": 27.65593429998262,
            "count": 1,
            "self": 0.05161370034329593,
            "children": {
                "TrainerController._reset_env": {
                    "total": 3.7017983999976423,
                    "count": 1,
                    "self": 3.7017983999976423
                },
                "TrainerController.advance": {
                    "total": 23.895612699649064,
                    "count": 5747,
                    "self": 0.049385400634491816,
                    "children": {
                        "env_step": {
                            "total": 14.428850999829592,
                            "count": 5747,
                            "self": 12.777337001578417,
                            "children": {
                                "SubprocessEnvManager._take_step": {
                                    "total": 1.615871600311948,
                                    "count": 5747,
                                    "self": 0.122686100541614,
                                    "children": {
                                        "TorchPolicy.evaluate": {
                                            "total": 1.493185499770334,
                                            "count": 4184,
                                            "self": 1.493185499770334
                                        }
                                    }
                                },
                                "workers": {
                                    "total": 0.03564239793922752,
                                    "count": 5747,
                                    "self": 0.0,
                                    "children": {
                                        "worker_root": {
                                            "total": 24.587118100433145,
                                            "count": 5747,
                                            "is_parallel": true,
                                            "self": 14.934510999562917,
                                            "children": {
                                                "steps_from_proto": {
                                                    "total": 0.0011738000030163676,
                                                    "count": 1,