{
    "name": "root",
    "gauges": {
        "3DBall.Policy.Entropy.mean": {
            "value": 1.392788052558899,
            "min": 1.392788052558899,
            "max": 1.4197927713394165,
            "count": 4
        },
        "3DBall.Policy.Entropy.sum": {
            "value": 16830.451171875,
            "min": 16830.451171875,
            "max": 17224.92578125,
            "count": 4
        },
        "3DBall.Environment.EpisodeLength.mean": {
            "value": 39.261744966442954,
            "min": 22.346303501945524,
            "max": 39.261744966442954,
            "count": 4
        },
        "3DBall.Environment.EpisodeLength.sum": {
            "value": 11700.0,
            "min": 11486.0,
            "max": 11700.0,
            "count": 4
        },
        "3DBall.Step.mean": {
            "value": 47938.0,
            "min": 11962.0,
            "max": 47938.0,
            "count": 4
        },
        "3DBall.Step.sum": {
            "value": 47938.0,
            "min": 11962.0,
            "max": 47938.0,
            "count": 4
        },
        "3DBall.Policy.ExtrinsicValueEstimate.mean": {
            "value": 0.7129679322242737,
            "min": 0.26159733533859253,
            "max": 0.7129679322242737,
            "count": 4
        },
        "3DBall.Policy.ExtrinsicValueEstimate.sum": {
            "value": 212.46444702148438,
            "min": 133.20025634765625,
            "max": 212.46444702148438,
            "count": 4
        },
        "3DBall.Environment.CumulativeReward.mean": {
            "value": 2.912416174907812,
            "min": 1.2317738465630752,
            "max": 2.912416174907812,
            "count": 4
        },
        "3DBall.Environment.CumulativeReward.sum": {
            "value": 867.9000201225281,
            "min": 631.8999832868576,
            "max": 867.9000201225281,
            "count": 4
        },
        "3DBall.Policy.ExtrinsicReward.mean": {
            "value": 2.912416174907812,
            "min": 1.2317738465630752,
            "max": 2.912416174907812,
            "count": 4
        },
        "3DBall.Policy.ExtrinsicReward.sum": {
            "value": 867.9000201225281,
            "min": 631.8999832868576,
            "max": 867.9000201225281,
            "count": 4
        },
        "3DBall.Losses.PolicyLoss.mean": {
            "value": 0.10306051473327357,
            "min": 0.09310258283944274,
            "max": 0.10306051473327357,
            "count": 4
        },
        "3DBall.Losses.PolicyLoss.sum": {
            "value": 0.10306051473327357,
            "min": 0.09310258283944274,
            "max": 0.10306051473327357,
            "count": 4
        },
        "3DBall.Losses.ValueLoss.mean": {
            "value": 0.5330185705031397,
            "min": 0.174081828259354,
            "max": 0.5330185705031397,
            "count": 4
        },
        "3DBall.Losses.ValueLoss.sum": {
            "value": 0.5330185705031397,
            "min": 0.174081828259354,
            "max": 0.5330185705031397,
            "count": 4
        },
        "3DBall.Policy.LearningRate.mean": {
            "value": 0.00046116100776780005,
            "min": 0.00046116100776780005,
            "max": 0.0004902980019404001,
            "count": 4
        },
        "3DBall.Policy.LearningRate.sum": {
            "value": 0.00046116100776780005,
            "min": 0.00046116100776780005,
            "max": 0.0004902980019404001,
            "count": 4
        },
        "3DBall.Policy.Epsilon.mean": {
            "value": 0.23834830000000004,
            "min": 0.23834830000000004,
            "max": 0.2470894000000001,
            "count": 4
        },
        "3DBall.Policy.Epsilon.sum": {
            "value": 0.23834830000000004,
            "min": 0.23834830000000004,
            "max": 0.2470894000000001,
            "count": 4
        },
        "3DBall.Policy.Beta.mean": {
            "value": 0.00119979538,
            "min": 0.00119979538,
            "max": 0.00127496884,
            "count": 4
        },
        "3DBall.Policy.Beta.sum": {
            "value": 0.00119979538,
            "min": 0.00119979538,
            "max": 0.00127496884,
            "count": 4
        },
        "3DBall.IsTraining.mean": {
            "value": 1.0,
            "min": 1.0,
            "max": 1.0,
            "count": 4
        },
        "3DBall.IsTraining.sum": {
            "value": 1.0,
            "min": 1.0,
            "max": 1.0,
            "count": 4
        }
    },
    "metadata": {
        "timer_format_version": "0.1.0",
        "start_time_seconds": "1765211254",
        "python_version": "3.10.11 (tags/v3.10.11:7d4cc5a, Apr  5 2023, 00:38:17) [MSC v.1929 64 bit (AMD64)]",
        "command_line_arguments": "C:\\Users\\moebn\\Documents\\University\\Project 2-1\\project_2_1_group_7\\venv\\Scripts\\mlagents-learn Config/training_config.yaml --run-id=run_batch_size66_buffer_size9700_learning_rate0.0005_beta0.0013_epsilon0.25 --time-scale=20 --env=3DBall_environment/UnityEnvironment.exe --no-graphics",
        "mlagents_version": "1.0.0",
        "mlagents_envs_version": "1.0.0",
        "communication_protocol_version": "1.5.0",
        "pytorch_version": "2.9.1+cpu",
        "numpy_version": "1.23.5",
        "end_time_seconds": "1765211283"
    },
    "total": 29.03188389999559,
    "count": 1,
    "self": 0.2256300000299234,
    "children": {
        "run_training.setup": {
            "total": 0.08578689998830669,
            "count": 1,
            "self": 0.08578689998830669
        },
        "TrainerController.start_learning": {
            "total": 28.72046699997736,
            "count": 1,
            "self": 0.0506160995864775,
            "children": {
                "TrainerController._reset_env": {
                    "total": 3.911090500012506,
                    "count": 1,
                    "self": 3.911090500012506
                },
                "TrainerController.advance": {
                    "total": 24.751918500405736,
                    "count": 5581,
                    "self": 0.04919060185784474,
                    "children": {
                        "env_step": {
                            "total": 14.093883398978505,
                            "count": 5581,
                            "self": 12.52405079966411,
                            "children": {
                                "SubprocessEnvManager._take_step": {
                                    "total": 1.5358132005494554,
                                    "count": 5581,
                                    "self": 0.12319709992152639,
                                    "children": {
                                        "TorchPolicy.evaluate": {
                                            "total": 1.412616100627929,
                                            "count": 4223,
                                            "self": 1.412616100627929
                                        }
                                    }
                                },
                                "workers": {
                                    "total": 0.03401939876493998,
                                    "count": 5581,
                                    "self": 0.0,
                                    "children": {
                                        "worker_root": {
                                            "total": 25.6450885006343,
                                            "count": 5581,
                                            "is_parallel": true,
                                            "self": 16.10013369974331,
                                            "children": {
                                                "steps_from_proto": {
                                                    "total": 0.00025129999266937375,
                                                    "count": 1,