{
    "name": "root",
    "gauges": {
        "3DBall.Policy.Entropy.mean": {
            "value": 1.3379555940628052,
            "min": 1.3379555940628052,
            "max": 1.4251837730407715,
            "count": 41
        },
        "3DBall.Policy.Entropy.sum": {
            "value": 16055.4677734375,
            "min": 14987.814453125,
            "max": 19765.60546875,
            "count": 41
        },
        "3DBall.Environment.EpisodeLength.mean": {
            "value": 999.0,
            "min": 21.348230912476723,
            "max": 999.0,
            "count": 41
        },
        "3DBall.Environment.EpisodeLength.sum": {
            "value": 11988.0,
            "min": 11363.0,
            "max": 12786.0,
            "count": 41
        },
        "3DBall.Step.mean": {
            "value": 491821.0,
            "min": 11984.0,
            "max": 491821.0,
            "count": 41
        },
        "3DBall.Step.sum": {
            "value": 491821.0,
            "min": 11984.0,
            "max": 491821.0,
            "count": 41
        },
        "3DBall.Policy.ExtrinsicValueEstimate.mean": {
            "value": 10.000594139099121,
            "min": 0.011386195197701454,
            "max": 10.001546859741211,
            "count": 41
        },
        "3DBall.Policy.ExtrinsicValueEstimate.sum": {
            "value": 120.00712585449219,
            "min": 6.103000640869141,
            "max": 372.9298400878906,
            "count": 41
        },
        "3DBall.Environment.CumulativeReward.mean": {
            "value": 100.00001525878906,
            "min": 1.135820864741482,
            "max": 100.00001525878906,
            "count": 41
        },
        "3DBall.Environment.CumulativeReward.sum": {
            "value": 1200.0001831054688,
            "min": 608.7999835014343,
            "max": 1253.2001934051514,
            "count": 41
        },
        "3DBall.Policy.ExtrinsicReward.mean": {
            "value": 100.00001525878906,
            "min": 1.135820864741482,
            "max": 100.00001525878906,
            "count": 41
        },
        "3DBall.Policy.ExtrinsicReward.sum": {
            "value": 1200.0001831054688,
            "min": 608.7999835014343,
            "max": 1253.2001934051514,
            "count": 41
        },
        "3DBall.Losses.PolicyLoss.mean": {
            "value": 0.1318206097283918,
            "min": 0.1285732663161933,
            "max": 0.14986201800962184,
            "count": 41
        },
        "3DBall.Losses.PolicyLoss.sum": {
            "value": 0.2636412194567836,
            "min": 0.2571465326323866,
            "max": 0.44958605402886553,
            "count": 41
        },
        "3DBall.Losses.ValueLoss.mean": {
            "value": 0.0005800078576153943,
            "min": 0.0004964830462311386,
            "max": 4.1810333734953415,
            "count": 41
        },
        "3DBall.Losses.ValueLoss.sum": {
            "value": 0.0011600157152307886,
            "min": 0.0009929660924622773,
            "max": 12.543100120486024,
            "count": 41
        },
        "3DBall.Policy.LearningRate.mean": {
            "value": 2.735897264199999e-06,
            "min": 2.735897264199999e-06,
            "max": 9.876620123379999e-05,
            "count": 41
        },
        "3DBall.Policy.LearningRate.sum": {
            "value": 5.471794528399998e-06,
            "min": 5.471794528399998e-06,
            "max": 0.00029009940990060005,
            "count": 41
        },
        "3DBall.Policy.Epsilon.mean": {
            "value": 0.0986321,
            "min": 0.05061689999999999,
            "max": 0.0986321,
            "count": 41
        },
        "3DBall.Policy.Epsilon.sum": {
            "value": 0.1972642,
            "min": 0.10123379999999998,
            "max": 0.29214629999999997,
            "count": 41
        },
        "3DBall.Policy.Beta.mean": {
            "value": 3.708442e-05,
            "min": 3.708442e-05,
            "max": 0.00098778538,
            "count": 41
        },
        "3DBall.Policy.Beta.sum": {
            "value": 7.416884e-05,
            "min": 7.416884e-05,
            "max": 0.00290198406,
            "count": 41
        },
        "3DBall.IsTraining.mean": {
            "value": 1.0,
            "min": 1.0,
            "max": 1.0,
            "count": 41
        },
        "3DBall.IsTraining.sum": {
            "value": 1.0,
            "min": 1.0,
            "max": 1.0,
            "count": 41
        }
    },
    "metadata": {
        "timer_format_version": "0.1.0",
        "start_time_seconds": "1767755417",
        "python_version": "3.10.11 (tags/v3.10.11:7d4cc5a, Apr  5 2023, 00:38:17) [MSC v.1929 64 bit (AMD64)]",
        "command_line_arguments": "C:\\Users\\atoz\\Documents\\01_2025_2026_year_2\\semester_1\\project_2_1\\code\\project_2_1_group_7\\venv\\Scripts\\mlagents-learn Config/training_config.yaml --run-id=omar-run295 --time-scale=20 --env=3DBall_environment/UnityEnvironment.exe --no-graphics",
        "mlagents_version": "1.0.0",
        "mlagents_envs_version": "1.0.0",
        "communication_protocol_version": "1.5.0",
        "pytorch_version": "1.13.1+cpu",
        "numpy_version": "1.23.5",
        "end_time_seconds": "1767756481"
    },
    "total": 1063.4985595000326,
    "count": 1,
    "self": 0.32423560007009655,
    "children": {
        "run_training.setup": {
            "total": 0.32943519996479154,
            "count": 1,
            "self": 0.32943519996479154
        },
        "TrainerController.start_learning": {
            "total": 1062.8448886999977,
            "count": 1,
            "self": 1.0175983928493224,
            "children": {
                "TrainerController._reset_env": {
                    "total": 6.445270200027153,
                    "count": 1,
                    "self": 6.445270200027153
                },
                "TrainerController.advance": {
                    "total": 1055.2407549071359,
                    "count": 45042,
                    "self": 0.9448079068679363,
                    "children": {
                        "env_step": {
                            "total": 275.7601847019396,
                            "count": 45042,
                            "self": 228.6897522075451,
                            "children": {
                                "SubprocessEnvManager._take_step": {
                                    "total": 46.3937247027643,
                                    "count": 45042,
                                    "self": 3.54951520008035,
                                    "children": {
                                        "TorchPolicy.evaluate": {
                                            "total": 42.84420950268395,
                                            "count": 42240,
                                            "self": 42.84420950268395
                                        }
                                    }
                                },
                                "workers": {
                                    "total": 0.6767077916301787,
                                    "count": 45042,
                                    "self": 0.0,
                                    "children": {
                                        "worker_root": {
                                            "total": 1054.6756835006527,
                                            "count": 45042,
                                            "is_parallel": true,
                                            "self": 895.8543947964208,
                                            "children": {
                                                "steps_from_proto": {
                                                    "total": 0.0005856000352650881,
                                                    "count": 1,
                                                    "is_parallel": true,