{
    "name": "root",
    "gauges": {
        "3DBall.Policy.Entropy.mean": {
            "value": 1.3580683469772339,
            "min": 1.3580683469772339,
            "max": 1.4186592102050781,
            "count": 4
        },
        "3DBall.Policy.Entropy.sum": {
            "value": 16296.8203125,
            "min": 16296.8203125,
            "max": 17296.29296875,
            "count": 4
        },
        "3DBall.Environment.EpisodeLength.mean": {
            "value": 45.9140625,
            "min": 21.08823529411765,
            "max": 45.9140625,
            "count": 4
        },
        "3DBall.Environment.EpisodeLength.sum": {
            "value": 11754.0,
            "min": 11472.0,
            "max": 11754.0,
            "count": 4
        },
        "3DBall.Step.mean": {
            "value": 47960.0,
            "min": 11991.0,
            "max": 47960.0,
            "count": 4
        },
        "3DBall.Step.sum": {
            "value": 47960.0,
            "min": 11991.0,
            "max": 47960.0,
            "count": 4
        },
        "3DBall.Policy.ExtrinsicValueEstimate.mean": {
            "value": 1.1313793659210205,
            "min": 0.025278832763433456,
            "max": 1.1313793659210205,
            "count": 4
        },
        "3DBall.Policy.ExtrinsicValueEstimate.sum": {
            "value": 289.63311767578125,
            "min": 13.72640609741211,
            "max": 289.63311767578125,
            "count": 4
        },
        "3DBall.Environment.CumulativeReward.mean": {
            "value": 3.5730470628477633,
            "min": 1.108287275825416,
            "max": 3.5730470628477633,
            "count": 4
        },
        "3DBall.Environment.CumulativeReward.sum": {
            "value": 914.7000480890274,
            "min": 601.799990773201,
            "max": 914.7000480890274,
            "count": 4
        },
        "3DBall.Policy.ExtrinsicReward.mean": {
            "value": 3.5730470628477633,
            "min": 1.108287275825416,
            "max": 3.5730470628477633,
            "count": 4
        },
        "3DBall.Policy.ExtrinsicReward.sum": {
            "value": 914.7000480890274,
            "min": 601.799990773201,
            "max": 914.7000480890274,
            "count": 4
        },
        "3DBall.Losses.PolicyLoss.mean": {
            "value": 0.7586960299728547,
            "min": 0.7129476037053247,
            "max": 0.7619594766423053,
            "count": 4
        },
        "3DBall.Losses.PolicyLoss.sum": {
            "value": 1.5173920599457094,
            "min": 1.4391651036246753,
            "max": 2.1388428111159743,
            "count": 4
        },
        "3DBall.Losses.ValueLoss.mean": {
            "value": 0.969016348561762,
            "min": 0.1630634327888714,
            "max": 0.969016348561762,
            "count": 4
        },
        "3DBall.Losses.ValueLoss.sum": {
            "value": 1.938032697123524,
            "min": 0.3261268655777428,
            "max": 1.938032697123524,
            "count": 4
        },
        "3DBall.Policy.LearningRate.mean": {
            "value": 0.00018326100836950002,
            "min": 0.00018326100836950002,
            "max": 0.00019705500147249998,
            "count": 4
        },
        "3DBall.Policy.LearningRate.sum": {
            "value": 0.00036652201673900004,
            "min": 0.00036652201673900004,
            "max": 0.0005645624177188001,
            "count": 4
        },
        "3DBall.Policy.Epsilon.mean": {
            "value": 0.1,
            "min": 0.1,
            "max": 0.10000000000000002,
            "count": 4
        },
        "3DBall.Policy.Epsilon.sum": {
            "value": 0.2,
            "min": 0.2,
            "max": 0.30000000000000004,
            "count": 4
        },
        "3DBall.Policy.Beta.mean": {
            "value": 0.00100877245,
            "min": 0.00100877245,
            "max": 0.0010839497499999999,
            "count": 4
        },
        "3DBall.Policy.Beta.sum": {
            "value": 0.0020175449,
            "min": 0.0020175449,
            "max": 0.00310686508,
            "count": 4
        },
        "3DBall.IsTraining.mean": {
            "value": 1.0,
            "min": 1.0,
            "max": 1.0,
            "count": 4
        },
        "3DBall.IsTraining.sum": {
            "value": 1.0,
            "min": 1.0,
            "max": 1.0,
            "count": 4
        }
    },
    "metadata": {
        "timer_format_version": "0.1.0",
        "start_time_seconds": "1764646282",
        "python_version": "3.10.11 (tags/v3.10.11:7d4cc5a, Apr  5 2023, 00:38:17) [MSC v.1929 64 bit (AMD64)]",
        "command_line_arguments": "C:\\Users\\moebn\\Documents\\University\\Project 2-1\\project_2_1_group_7\\venv\\Scripts\\mlagents-learn Config/training_config.yaml --run-id=run_batch_size1_buffer_size4900_learning_rate0.0002_beta0.0011_epsilon0.1 --time-scale=20 --env=3DBall_environment/UnityEnvironment.exe --no-graphics",
        "mlagents_version": "1.0.0",
        "mlagents_envs_version": "1.0.0",
        "communication_protocol_version": "1.5.0",
        "pytorch_version": "2.9.1+cpu",
        "numpy_version": "1.23.5",
        "end_time_seconds": "1764646568"
    },
    "total": 285.33734990000085,
    "count": 1,
    "self": 0.18992169999546604,
    "children": {
        "run_training.setup": {
            "total": 0.06277370000316296,
            "count": 1,
            "self": 0.06277370000316296
        },
        "TrainerController.start_learning": {
            "total": 285.0846545000022,
            "count": 1,
            "self": 0.04780430052051088,
            "children": {
                "TrainerController._reset_env": {
                    "total": 5.91406989999814,
                    "count": 1,
                    "self": 5.91406989999814
                },
                "TrainerController.advance": {
                    "total": 279.116759099481,
                    "count": 5485,
                    "self": 0.04553929941903334,
                    "children": {
                        "env_step": {
                            "total": 13.807019399988349,
                            "count": 5485,
                            "self": 12.296949299765402,
                            "children": {
                                "SubprocessEnvManager._take_step": {
                                    "total": 1.4765244001027895,
                                    "count": 5485,
                                    "self": 0.12044790018262574,
                                    "children": {
                                        "TorchPolicy.evaluate": {
                                            "total": 1.3560764999201638,
                                            "count": 4206,
                                            "self": 1.3560764999201638
                                        }
                                    }
                                },
                                "workers": {
                                    "total": 0.03354570012015756,
                                    "count": 5485,
                                    "self": 0.0,
                                    "children": {
                                        "worker_root": {
                                            "total": 279.68913910000265,
                                            "count": 5485,
                                            "is_parallel": true,
                                            "self": 270.3417510001527,
                                            "children": {
                                                "steps_from_proto": {
                                                    "total": 0.00027289999707136303,
                                                    "count": 1,
                                                    "is_parallel": true,