{
    "name": "root",
    "gauges": {
        "3DBall.Policy.Entropy.mean": {
            "value": 1.404503583908081,
            "min": 1.404503583908081,
            "max": 1.418938159942627,
            "count": 4
        },
        "3DBall.Policy.Entropy.sum": {
            "value": 16803.48046875,
            "min": 16803.48046875,
            "max": 17180.50390625,
            "count": 4
        },
        "3DBall.Environment.EpisodeLength.mean": {
            "value": 28.285365853658536,
            "min": 21.770398481973434,
            "max": 28.285365853658536,
            "count": 4
        },
        "3DBall.Environment.EpisodeLength.sum": {
            "value": 11597.0,
            "min": 11473.0,
            "max": 11597.0,
            "count": 4
        },
        "3DBall.Step.mean": {
            "value": 47977.0,
            "min": 11987.0,
            "max": 47977.0,
            "count": 4
        },
        "3DBall.Step.sum": {
            "value": 47977.0,
            "min": 11987.0,
            "max": 47977.0,
            "count": 4
        },
        "3DBall.Policy.ExtrinsicValueEstimate.mean": {
            "value": 0.30931684374809265,
            "min": -0.441099613904953,
            "max": 0.30931684374809265,
            "count": 4
        },
        "3DBall.Policy.ExtrinsicValueEstimate.sum": {
            "value": 126.81990051269531,
            "min": -232.01840209960938,
            "max": 126.81990051269531,
            "count": 4
        },
        "3DBall.Environment.CumulativeReward.mean": {
            "value": 1.831219452183421,
            "min": 1.1788972999206513,
            "max": 1.831219452183421,
            "count": 4
        },
        "3DBall.Environment.CumulativeReward.sum": {
            "value": 750.7999753952026,
            "min": 620.0999797582626,
            "max": 750.7999753952026,
            "count": 4
        },
        "3DBall.Policy.ExtrinsicReward.mean": {
            "value": 1.831219452183421,
            "min": 1.1788972999206513,
            "max": 1.831219452183421,
            "count": 4
        },
        "3DBall.Policy.ExtrinsicReward.sum": {
            "value": 750.7999753952026,
            "min": 620.0999797582626,
            "max": 750.7999753952026,
            "count": 4
        },
        "3DBall.IsTraining.mean": {
            "value": 1.0,
            "min": 1.0,
            "max": 1.0,
            "count": 4
        },
        "3DBall.IsTraining.sum": {
            "value": 1.0,
            "min": 1.0,
            "max": 1.0,
            "count": 4
        },
        "3DBall.Losses.PolicyLoss.mean": {
            "value": 0.10991000568149344,
            "min": 0.10991000568149344,
            "max": 0.11493587182993371,
            "count": 2
        },
        "3DBall.Losses.PolicyLoss.sum": {
            "value": 0.10991000568149344,
            "min": 0.10991000568149344,
            "max": 0.11493587182993371,
            "count": 2
        },
        "3DBall.Losses.ValueLoss.mean": {
            "value": 0.21958270694675117,
            "min": 0.1923852274807456,
            "max": 0.21958270694675117,
            "count": 2
        },
        "3DBall.Losses.ValueLoss.sum": {
            "value": 0.21958270694675117,
            "min": 0.1923852274807456,
            "max": 0.21958270694675117,
            "count": 2
        },
        "3DBall.Policy.LearningRate.mean": {
            "value": 0.0004661730067654001,
            "min": 0.0004661730067654001,
            "max": 0.0004830820033835999,
            "count": 2
        },
        "3DBall.Policy.LearningRate.sum": {
            "value": 0.0004661730067654001,
            "min": 0.0004661730067654001,
            "max": 0.0004830820033835999,
            "count": 2
        },
        "3DBall.Policy.Epsilon.mean": {
            "value": 0.2398519000000001,
            "min": 0.2398519000000001,
            "max": 0.24492460000000002,
            "count": 2
        },
        "3DBall.Policy.Epsilon.sum": {
            "value": 0.2398519000000001,
            "min": 0.2398519000000001,
            "max": 0.24492460000000002,
            "count": 2
        },
        "3DBall.Policy.Beta.mean": {
            "value": 0.0012127263399999996,
            "min": 0.0012127263399999996,
            "max": 0.00125635156,
            "count": 2
        },
        "3DBall.Policy.Beta.sum": {
            "value": 0.0012127263399999996,
            "min": 0.0012127263399999996,
            "max": 0.00125635156,
            "count": 2
        }
    },
    "metadata": {
        "timer_format_version": "0.1.0",
        "start_time_seconds": "1765162751",
        "python_version": "3.10.11 (tags/v3.10.11:7d4cc5a, Apr  5 2023, 00:38:17) [MSC v.1929 64 bit (AMD64)]",
        "command_line_arguments": "C:\\Users\\moebn\\Documents\\University\\Project 2-1\\project_2_1_group_7\\venv\\Scripts\\mlagents-learn Config/training_config.yaml --run-id=run_batch_size53_buffer_size16900_learning_rate0.0005_beta0.0013_epsilon0.25 --time-scale=20 --env=3DBall_environment/UnityEnvironment.exe --no-graphics",
        "mlagents_version": "1.0.0",
        "mlagents_envs_version": "1.0.0",
        "communication_protocol_version": "1.5.0",
        "pytorch_version": "2.9.1+cpu",
        "numpy_version": "1.23.5",
        "end_time_seconds": "1765162780"
    },
    "total": 28.711924200004432,
    "count": 1,
    "self": 0.15933450000011362,
    "children": {
        "run_training.setup": {
            "total": 0.06999099999666214,
            "count": 1,
            "self": 0.06999099999666214
        },
        "TrainerController.start_learning": {
            "total": 28.482598700007657,
            "count": 1,
            "self": 0.0495666986098513,
            "children": {
                "TrainerController._reset_env": {
                    "total": 5.532053100003395,
                    "count": 1,
                    "self": 5.532053100003395
                },
                "TrainerController.advance": {
                    "total": 22.894211701408494,
                    "count": 5697,
                    "self": 0.04850740006077103,
                    "children": {
                        "env_step": {
                            "total": 14.044022601709003,
                            "count": 5697,
                            "self": 12.515876502613537,
                            "children": {
                                "SubprocessEnvManager._take_step": {
                                    "total": 1.4941813001059927,
                                    "count": 5697,
                                    "self": 0.12073780020000413,
                                    "children": {
                                        "TorchPolicy.evaluate": {
                                            "total": 1.3734434999059886,
                                            "count": 4182,
                                            "self": 1.3734434999059886
                                        }
                                    }
                                },
                                "workers": {
                                    "total": 0.03396479898947291,
                                    "count": 5697,
                                    "self": 0.0,
                                    "children": {
                                        "worker_root": {
                                            "total": 23.45546759982244,
                                            "count": 5697,
                                            "is_parallel": true,
                                            "self": 13.921256700268714,
                                            "children": {
                                                "steps_from_proto": {
                                                    "total": 0.0003037999849766493,
                                                    "count": 1,