{
    "name": "root",
    "gauges": {
        "3DBall.Policy.Entropy.mean": {
            "value": 1.3801276683807373,
            "min": 1.3801276683807373,
            "max": 1.4225847721099854,
            "count": 8
        },
        "3DBall.Policy.Entropy.sum": {
            "value": 18847.0234375,
            "min": 16745.787109375,
            "max": 18847.0234375,
            "count": 8
        },
        "3DBall.Environment.EpisodeLength.mean": {
            "value": 196.9016393442623,
            "min": 22.593320235756384,
            "max": 196.9016393442623,
            "count": 8
        },
        "3DBall.Environment.EpisodeLength.sum": {
            "value": 12011.0,
            "min": 11500.0,
            "max": 12071.0,
            "count": 8
        },
        "3DBall.Step.mean": {
            "value": 95852.0,
            "min": 11977.0,
            "max": 95852.0,
            "count": 8
        },
        "3DBall.Step.sum": {
            "value": 95852.0,
            "min": 11977.0,
            "max": 95852.0,
            "count": 8
        },
        "3DBall.Policy.ExtrinsicValueEstimate.mean": {
            "value": 3.593358278274536,
            "min": 0.06539313495159149,
            "max": 3.593358278274536,
            "count": 8
        },
        "3DBall.Policy.ExtrinsicValueEstimate.sum": {
            "value": 219.19485473632812,
            "min": 33.21971130371094,
            "max": 284.4424133300781,
            "count": 8
        },
        "3DBall.Environment.CumulativeReward.mean": {
            "value": 18.52459276699629,
            "min": 1.2576771207212463,
            "max": 18.52459276699629,
            "count": 8
        },
        "3DBall.Environment.CumulativeReward.sum": {
            "value": 1130.0001587867737,
            "min": 638.8999773263931,
            "max": 1130.0001587867737,
            "count": 8
        },
        "3DBall.Policy.ExtrinsicReward.mean": {
            "value": 18.52459276699629,
            "min": 1.2576771207212463,
            "max": 18.52459276699629,
            "count": 8
        },
        "3DBall.Policy.ExtrinsicReward.sum": {
            "value": 1130.0001587867737,
            "min": 638.8999773263931,
            "max": 1130.0001587867737,
            "count": 8
        },
        "3DBall.IsTraining.mean": {
            "value": 1.0,
            "min": 1.0,
            "max": 1.0,
            "count": 8
        },
        "3DBall.IsTraining.sum": {
            "value": 1.0,
            "min": 1.0,
            "max": 1.0,
            "count": 8
        },
        "3DBall.Losses.PolicyLoss.mean": {
            "value": 0.09562935397058489,
            "min": 0.09562935397058489,
            "max": 0.10694029999634587,
            "count": 7
        },
        "3DBall.Losses.PolicyLoss.sum": {
            "value": 0.09562935397058489,
            "min": 0.09562935397058489,
            "max": 0.10694029999634587,
            "count": 7
        },
        "3DBall.Losses.ValueLoss.mean": {
            "value": 3.574785645466423,
            "min": 0.24333010805163155,
            "max": 3.574785645466423,
            "count": 7
        },
        "3DBall.Losses.ValueLoss.sum": {
            "value": 3.574785645466423,
            "min": 0.24333010805163155,
            "max": 3.574785645466423,
            "count": 7
        },
        "3DBall.Policy.LearningRate.mean": {
            "value": 4.728908423700002e-05,
            "min": 4.728908423700002e-05,
            "max": 0.00026397301200899994,
            "count": 7
        },
        "3DBall.Policy.LearningRate.sum": {
            "value": 4.728908423700002e-05,
            "min": 4.728908423700002e-05,
            "max": 0.00026397301200899994,
            "count": 7
        },
        "3DBall.Policy.Epsilon.mean": {
            "value": 0.12364450000000002,
            "min": 0.12364450000000002,
            "max": 0.23198650000000007,
            "count": 7
        },
        "3DBall.Policy.Epsilon.sum": {
            "value": 0.12364450000000002,
            "min": 0.12364450000000002,
            "max": 0.23198650000000007,
            "count": 7
        },
        "3DBall.Policy.Beta.mean": {
            "value": 0.00016605370000000004,
            "min": 0.00016605370000000004,
            "max": 0.0008811109000000001,
            "count": 7
        },
        "3DBall.Policy.Beta.sum": {
            "value": 0.00016605370000000004,
            "min": 0.00016605370000000004,
            "max": 0.0008811109000000001,
            "count": 7
        }
    },
    "metadata": {
        "timer_format_version": "0.1.0",
        "start_time_seconds": "1764548744",
        "python_version": "3.10.11 (main, May  7 2023, 18:05:05) [MSC v.1929 64 bit (AMD64)]",
        "command_line_arguments": "C:\\Users\\maxim\\OneDrive\\Desktop\\maastricht\\Year 2\\project_2_1\\project_2_1_group_7\\.venv\\Scripts\\mlagents-learn Hidden_Units/random_config_3.yaml --run-id=max-eps0.25-config3-1 --env=3DBall_environment/UnityEnvironment --no-graphics --force",
        "mlagents_version": "1.0.0",
        "mlagents_envs_version": "1.0.0",
        "communication_protocol_version": "1.5.0",
        "pytorch_version": "2.9.0+cpu",
        "numpy_version": "1.23.5",
        "end_time_seconds": "1764548860"
    },
    "total": 116.28251959988847,
    "count": 1,
    "self": 0.4044302001129836,
    "children": {
        "run_training.setup": {
            "total": 0.13997409981675446,
            "count": 1,
            "self": 0.13997409981675446
        },
        "TrainerController.start_learning": {
            "total": 115.73811529995874,
            "count": 1,
            "self": 0.2610088041983545,
            "children": {
                "TrainerController._reset_env": {
                    "total": 4.9876792000140995,
                    "count": 1,
                    "self": 4.9876792000140995
                },
                "TrainerController.advance": {
                    "total": 109.33678079559468,
                    "count": 10384,
                    "self": 0.24283278617076576,
                    "children": {
                        "env_step": {
                            "total": 69.42495269724168,
                            "count": 10384,
                            "self": 60.0691645022016,
                            "children": {
                                "SubprocessEnvManager._take_step": {
                                    "total": 9.190260293660685,
                                    "count": 10384,
                                    "self": 0.6631484960671514,
                                    "children": {
                                        "TorchPolicy.evaluate": {
                                            "total": 8.527111797593534,
                                            "count": 8631,
                                            "self": 8.527111797593534
                                        }
                                    }
                                },
                                "workers": {
                                    "total": 0.16552790137939155,
                                    "count": 10384,
                                    "self": 0.0,
                                    "children": {
                                        "worker_root": {
                                            "total": 109.36095910216682,
                                            "count": 10384,
                                            "is_parallel": true,
                                            "self": 65.23636991460808,
                                            "children": {
                                                "steps_from_proto": {
                                                    "total": 0.00033820001408457756,
                                                    "count": 1,