{
    "name": "root",
    "gauges": {
        "3DBall.Policy.Entropy.mean": {
            "value": 1.3440731763839722,
            "min": 1.3437247276306152,
            "max": 1.4070491790771484,
            "count": 4
        },
        "3DBall.Policy.Entropy.sum": {
            "value": 15290.1767578125,
            "min": 15290.1767578125,
            "max": 21889.98828125,
            "count": 4
        },
        "3DBall.Environment.EpisodeLength.mean": {
            "value": 723.875,
            "min": 25.19782608695652,
            "max": 743.1764705882352,
            "count": 4
        },
        "3DBall.Environment.EpisodeLength.sum": {
            "value": 11582.0,
            "min": 11582.0,
            "max": 12634.0,
            "count": 4
        },
        "3DBall.Step.mean": {
            "value": 47542.0,
            "min": 11985.0,
            "max": 47542.0,
            "count": 4
        },
        "3DBall.Step.sum": {
            "value": 47542.0,
            "min": 11985.0,
            "max": 47542.0,
            "count": 4
        },
        "3DBall.Policy.ExtrinsicValueEstimate.mean": {
            "value": 9.239852905273438,
            "min": 0.30572253465652466,
            "max": 9.239852905273438,
            "count": 4
        },
        "3DBall.Policy.ExtrinsicValueEstimate.sum": {
            "value": 147.837646484375,
            "min": 138.46095275878906,
            "max": 297.39263916015625,
            "count": 4
        },
        "3DBall.Environment.CumulativeReward.mean": {
            "value": 72.00626121461391,
            "min": 1.511111063115737,
            "max": 72.00626121461391,
            "count": 4
        },
        "3DBall.Environment.CumulativeReward.sum": {
            "value": 1152.1001794338226,
            "min": 693.5999779701233,
            "max": 1185.9001803398132,
            "count": 4
        },
        "3DBall.Policy.ExtrinsicReward.mean": {
            "value": 72.00626121461391,
            "min": 1.511111063115737,
            "max": 72.00626121461391,
            "count": 4
        },
        "3DBall.Policy.ExtrinsicReward.sum": {
            "value": 1152.1001794338226,
            "min": 693.5999779701233,
            "max": 1185.9001803398132,
            "count": 4
        },
        "3DBall.Losses.PolicyLoss.mean": {
            "value": 0.09327348372605826,
            "min": 0.06942228003047875,
            "max": 0.09327348372605826,
            "count": 4
        },
        "3DBall.Losses.PolicyLoss.sum": {
            "value": 1.3058287721648156,
            "min": 1.3058287721648156,
            "max": 7.150494843139311,
            "count": 4
        },
        "3DBall.Losses.ValueLoss.mean": {
            "value": 4.183284359147843,
            "min": 0.7284044199969776,
            "max": 4.183284359147843,
            "count": 4
        },
        "3DBall.Losses.ValueLoss.sum": {
            "value": 58.5659810280698,
            "min": 56.41409104896486,
            "max": 256.65700406498377,
            "count": 4
        },
        "3DBall.Policy.LearningRate.mean": {
            "value": 0.00045704443716254286,
            "min": 0.00045704443716254286,
            "max": 0.0004940570206060718,
            "count": 4
        },
        "3DBall.Policy.LearningRate.sum": {
            "value": 0.0063986221202756,
            "min": 0.0063986221202756,
            "max": 0.050887873122425396,
            "count": 4
        },
        "3DBall.Policy.Epsilon.mean": {
            "value": 0.14570444285714285,
            "min": 0.14570444285714285,
            "max": 0.14940570194174754,
            "count": 4
        },
        "3DBall.Policy.Epsilon.sum": {
            "value": 2.0398622,
            "min": 2.0398622,
            "max": 15.388787299999997,
            "count": 4
        },
        "3DBall.Policy.Beta.mean": {
            "value": 0.0009149479685714286,
            "min": 0.0009149479685714286,
            "max": 0.0009882328984466018,
            "count": 4
        },
        "3DBall.Policy.Beta.sum": {
            "value": 0.01280927156,
            "min": 0.01280927156,
            "max": 0.10178798853999999,
            "count": 4
        },
        "3DBall.IsTraining.mean": {
            "value": 1.0,
            "min": 1.0,
            "max": 1.0,
            "count": 4
        },
        "3DBall.IsTraining.sum": {
            "value": 1.0,
            "min": 1.0,
            "max": 1.0,
            "count": 4
        }
    },
    "metadata": {
        "timer_format_version": "0.1.0",
        "start_time_seconds": "1765193183",
        "python_version": "3.10.11 (tags/v3.10.11:7d4cc5a, Apr  5 2023, 00:38:17) [MSC v.1929 64 bit (AMD64)]",
        "command_line_arguments": "C:\\Users\\moebn\\Documents\\University\\Project 2-1\\project_2_1_group_7\\venv\\Scripts\\mlagents-learn Config/training_config.yaml --run-id=run_batch_size66_buffer_size100_learning_rate0.0005_beta0.001_epsilon0.15 --time-scale=20 --env=3DBall_environment/UnityEnvironment.exe --no-graphics",
        "mlagents_version": "1.0.0",
        "mlagents_envs_version": "1.0.0",
        "communication_protocol_version": "1.5.0",
        "pytorch_version": "2.9.1+cpu",
        "numpy_version": "1.23.5",
        "end_time_seconds": "1765193210"
    },
    "total": 27.035321599978488,
    "count": 1,
    "self": 0.17307240000809543,
    "children": {
        "run_training.setup": {
            "total": 0.08388719998765737,
            "count": 1,
            "self": 0.08388719998765737
        },
        "TrainerController.start_learning": {
            "total": 26.778361999982735,
            "count": 1,
            "self": 0.04238260045531206,
            "children": {
                "TrainerController._reset_env": {
                    "total": 3.507142299989937,
                    "count": 1,
                    "self": 3.507142299989937
                },
                "TrainerController.advance": {
                    "total": 23.221798399521504,
                    "count": 5143,
                    "self": 0.041547698725480586,
                    "children": {
                        "env_step": {
                            "total": 14.793740400928073,
                            "count": 5143,
                            "self": 13.036117699259194,
                            "children": {
                                "SubprocessEnvManager._take_step": {
                                    "total": 1.7275919005624019,
                                    "count": 5143,
                                    "self": 0.12769160146126524,
                                    "children": {
                                        "TorchPolicy.evaluate": {
                                            "total": 1.5999002991011366,
                                            "count": 4651,
                                            "self": 1.5999002991011366
                                        }
                                    }
                                },
                                "workers": {
                                    "total": 0.030030801106477156,
                                    "count": 5143,
                                    "self": 0.0,
                                    "children": {
                                        "worker_root": {
                                            "total": 23.81739029986784,
                                            "count": 5143,
                                            "is_parallel": true,
                                            "self": 13.67170140190865,
                                            "children": {
                                                "steps_from_proto": {
                                                    "total": 0.00025179999647662044,
                                                    "count": 1,