{
    "name": "root",
    "gauges": {
        "3DBall.Policy.Entropy.mean": {
            "value": 1.418691635131836,
            "min": 1.418691635131836,
            "max": 1.4241211414337158,
            "count": 4
        },
        "3DBall.Policy.Entropy.sum": {
            "value": 17075.373046875,
            "min": 16983.716796875,
            "max": 17282.66796875,
            "count": 4
        },
        "3DBall.Environment.EpisodeLength.mean": {
            "value": 23.72577319587629,
            "min": 20.99084249084249,
            "max": 23.72577319587629,
            "count": 4
        },
        "3DBall.Environment.EpisodeLength.sum": {
            "value": 11507.0,
            "min": 11461.0,
            "max": 11507.0,
            "count": 4
        },
        "3DBall.Step.mean": {
            "value": 47965.0,
            "min": 11980.0,
            "max": 47965.0,
            "count": 4
        },
        "3DBall.Step.sum": {
            "value": 47965.0,
            "min": 11980.0,
            "max": 47965.0,
            "count": 4
        },
        "3DBall.Policy.ExtrinsicValueEstimate.mean": {
            "value": 0.19975702464580536,
            "min": -0.022353418171405792,
            "max": 0.19975702464580536,
            "count": 4
        },
        "3DBall.Policy.ExtrinsicValueEstimate.sum": {
            "value": 96.88215637207031,
            "min": -12.182612419128418,
            "max": 96.88215637207031,
            "count": 4
        },
        "3DBall.Environment.CumulativeReward.mean": {
            "value": 1.3692782945239668,
            "min": 1.0981651179287413,
            "max": 1.3692782945239668,
            "count": 4
        },
        "3DBall.Environment.CumulativeReward.sum": {
            "value": 664.0999728441238,
            "min": 598.4999892711639,
            "max": 664.0999728441238,
            "count": 4
        },
        "3DBall.Policy.ExtrinsicReward.mean": {
            "value": 1.3692782945239668,
            "min": 1.0981651179287413,
            "max": 1.3692782945239668,
            "count": 4
        },
        "3DBall.Policy.ExtrinsicReward.sum": {
            "value": 664.0999728441238,
            "min": 598.4999892711639,
            "max": 664.0999728441238,
            "count": 4
        },
        "3DBall.IsTraining.mean": {
            "value": 1.0,
            "min": 1.0,
            "max": 1.0,
            "count": 4
        },
        "3DBall.IsTraining.sum": {
            "value": 1.0,
            "min": 1.0,
            "max": 1.0,
            "count": 4
        },
        "3DBall.Losses.PolicyLoss.mean": {
            "value": 0.12613069168689697,
            "min": 0.12613069168689697,
            "max": 0.1273738895077983,
            "count": 2
        },
        "3DBall.Losses.PolicyLoss.sum": {
            "value": 0.12613069168689697,
            "min": 0.12613069168689697,
            "max": 0.1273738895077983,
            "count": 2
        },
        "3DBall.Losses.ValueLoss.mean": {
            "value": 0.1594835670992093,
            "min": 0.1594835670992093,
            "max": 0.2306373598618255,
            "count": 2
        },
        "3DBall.Losses.ValueLoss.sum": {
            "value": 0.1594835670992093,
            "min": 0.1594835670992093,
            "max": 0.2306373598618255,
            "count": 2
        },
        "3DBall.Policy.LearningRate.mean": {
            "value": 0.00027683400772200007,
            "min": 0.00027683400772200007,
            "max": 0.0002884188038604,
            "count": 2
        },
        "3DBall.Policy.LearningRate.sum": {
            "value": 0.00027683400772200007,
            "min": 0.00027683400772200007,
            "max": 0.0002884188038604,
            "count": 2
        },
        "3DBall.Policy.Epsilon.mean": {
            "value": 0.146139,
            "min": 0.146139,
            "max": 0.1480698,
            "count": 2
        },
        "3DBall.Policy.Epsilon.sum": {
            "value": 0.146139,
            "min": 0.146139,
            "max": 0.1480698,
            "count": 2
        },
        "3DBall.Policy.Beta.mean": {
            "value": 0.0012926642,
            "min": 0.0012926642,
            "max": 0.0013463404399999999,
            "count": 2
        },
        "3DBall.Policy.Beta.sum": {
            "value": 0.0012926642,
            "min": 0.0012926642,
            "max": 0.0013463404399999999,
            "count": 2
        }
    },
    "metadata": {
        "timer_format_version": "0.1.0",
        "start_time_seconds": "1765120756",
        "python_version": "3.10.11 (tags/v3.10.11:7d4cc5a, Apr  5 2023, 00:38:17) [MSC v.1929 64 bit (AMD64)]",
        "command_line_arguments": "C:\\Users\\moebn\\Documents\\University\\Project 2-1\\project_2_1_group_7\\venv\\Scripts\\mlagents-learn Config/training_config.yaml --run-id=run_batch_size40_buffer_size19300_learning_rate0.0003_beta0.0014_epsilon0.15 --time-scale=20 --env=3DBall_environment/UnityEnvironment.exe --no-graphics",
        "mlagents_version": "1.0.0",
        "mlagents_envs_version": "1.0.0",
        "communication_protocol_version": "1.5.0",
        "pytorch_version": "2.9.1+cpu",
        "numpy_version": "1.23.5",
        "end_time_seconds": "1765120785"
    },
    "total": 28.70158180000726,
    "count": 1,
    "self": 0.16185290002613328,
    "children": {
        "run_training.setup": {
            "total": 0.07726599997840822,
            "count": 1,
            "self": 0.07726599997840822
        },
        "TrainerController.start_learning": {
            "total": 28.46246290000272,
            "count": 1,
            "self": 0.050943597743753344,
            "children": {
                "TrainerController._reset_env": {
                    "total": 3.457978100021137,
                    "count": 1,
                    "self": 3.457978100021137
                },
                "TrainerController.advance": {
                    "total": 24.946985702234088,
                    "count": 5857,
                    "self": 0.04839800143963657,
                    "children": {
                        "env_step": {
                            "total": 13.803702800913015,
                            "count": 5857,
                            "self": 12.29667950226576,
                            "children": {
                                "SubprocessEnvManager._take_step": {
                                    "total": 1.4730927989294287,
                                    "count": 5857,
                                    "self": 0.12053769829799421,
                                    "children": {
                                        "TorchPolicy.evaluate": {
                                            "total": 1.3525551006314345,
                                            "count": 4182,
                                            "self": 1.3525551006314345
                                        }
                                    }
                                },
                                "workers": {
                                    "total": 0.033930499717826024,
                                    "count": 5857,
                                    "self": 0.0,
                                    "children": {
                                        "worker_root": {
                                            "total": 25.448808300163364,
                                            "count": 5857,
                                            "is_parallel": true,
                                            "self": 16.097515399364056,
                                            "children": {
                                                "steps_from_proto": {
                                                    "total": 0.0002738999901339412,
                                                    "count": 1,
                                                    "is_parallel": true,