{
    "name": "root",
    "gauges": {
        "3DBall.Policy.Entropy.mean": {
            "value": 1.3954229354858398,
            "min": 1.3954229354858398,
            "max": 1.420169472694397,
            "count": 4
        },
        "3DBall.Policy.Entropy.sum": {
            "value": 20730.40234375,
            "min": 17229.3046875,
            "max": 20730.40234375,
            "count": 4
        },
        "3DBall.Environment.EpisodeLength.mean": {
            "value": 99.2,
            "min": 22.45703125,
            "max": 99.2,
            "count": 4
        },
        "3DBall.Environment.EpisodeLength.sum": {
            "value": 11904.0,
            "min": 11498.0,
            "max": 11904.0,
            "count": 4
        },
        "3DBall.Step.mean": {
            "value": 47883.0,
            "min": 11992.0,
            "max": 47883.0,
            "count": 4
        },
        "3DBall.Step.sum": {
            "value": 47883.0,
            "min": 11992.0,
            "max": 47883.0,
            "count": 4
        },
        "3DBall.Policy.ExtrinsicValueEstimate.mean": {
            "value": 2.6283226013183594,
            "min": 0.1418357640504837,
            "max": 2.6283226013183594,
            "count": 4
        },
        "3DBall.Policy.ExtrinsicValueEstimate.sum": {
            "value": 315.3987121582031,
            "min": 72.47807312011719,
            "max": 315.3987121582031,
            "count": 4
        },
        "3DBall.Environment.CumulativeReward.mean": {
            "value": 8.844167884190878,
            "min": 1.2467709954704091,
            "max": 8.844167884190878,
            "count": 4
        },
        "3DBall.Environment.CumulativeReward.sum": {
            "value": 1061.3001461029053,
            "min": 637.099978685379,
            "max": 1061.3001461029053,
            "count": 4
        },
        "3DBall.Policy.ExtrinsicReward.mean": {
            "value": 8.844167884190878,
            "min": 1.2467709954704091,
            "max": 8.844167884190878,
            "count": 4
        },
        "3DBall.Policy.ExtrinsicReward.sum": {
            "value": 1061.3001461029053,
            "min": 637.099978685379,
            "max": 1061.3001461029053,
            "count": 4
        },
        "3DBall.Losses.PolicyLoss.mean": {
            "value": 0.11317000695146023,
            "min": 0.10690560705304651,
            "max": 0.1138736655823358,
            "count": 4
        },
        "3DBall.Losses.PolicyLoss.sum": {
            "value": 0.45268002780584093,
            "min": 0.42762242821218605,
            "max": 0.569368327911679,
            "count": 4
        },
        "3DBall.Losses.ValueLoss.mean": {
            "value": 3.0359944251359354,
            "min": 0.3771136562135203,
            "max": 3.0359944251359354,
            "count": 4
        },
        "3DBall.Losses.ValueLoss.sum": {
            "value": 12.143977700543742,
            "min": 1.8855682810676013,
            "max": 12.143977700543742,
            "count": 4
        },
        "3DBall.Policy.LearningRate.mean": {
            "value": 0.00018327550836225002,
            "min": 0.00018327550836225002,
            "max": 0.00019748500125750003,
            "count": 4
        },
        "3DBall.Policy.LearningRate.sum": {
            "value": 0.0007331020334490001,
            "min": 0.0007331020334490001,
            "max": 0.0009647752176124002,
            "count": 4
        },
        "3DBall.Policy.Epsilon.mean": {
            "value": 0.09999999999999998,
            "min": 0.09999999999999998,
            "max": 0.09999999999999999,
            "count": 4
        },
        "3DBall.Policy.Epsilon.sum": {
            "value": 0.3999999999999999,
            "min": 0.3999999999999999,
            "max": 0.49999999999999994,
            "count": 4
        },
        "3DBall.Policy.Beta.mean": {
            "value": 0.0009172137250000002,
            "min": 0.0009172137250000002,
            "max": 0.00098755075,
            "count": 4
        },
        "3DBall.Policy.Beta.sum": {
            "value": 0.0036688549000000008,
            "min": 0.0036688549000000008,
            "max": 0.00482563724,
            "count": 4
        },
        "3DBall.IsTraining.mean": {
            "value": 1.0,
            "min": 1.0,
            "max": 1.0,
            "count": 4
        },
        "3DBall.IsTraining.sum": {
            "value": 1.0,
            "min": 1.0,
            "max": 1.0,
            "count": 4
        }
    },
    "metadata": {
        "timer_format_version": "0.1.0",
        "start_time_seconds": "1765131584",
        "python_version": "3.10.11 (tags/v3.10.11:7d4cc5a, Apr  5 2023, 00:38:17) [MSC v.1929 64 bit (AMD64)]",
        "command_line_arguments": "C:\\Users\\moebn\\Documents\\University\\Project 2-1\\project_2_1_group_7\\venv\\Scripts\\mlagents-learn Config/training_config.yaml --run-id=run_batch_size53_buffer_size2500_learning_rate0.0002_beta0.001_epsilon0.1 --time-scale=20 --env=3DBall_environment/UnityEnvironment.exe --no-graphics",
        "mlagents_version": "1.0.0",
        "mlagents_envs_version": "1.0.0",
        "communication_protocol_version": "1.5.0",
        "pytorch_version": "2.9.1+cpu",
        "numpy_version": "1.23.5",
        "end_time_seconds": "1765131613"
    },
    "total": 29.298396300000604,
    "count": 1,
    "self": 0.16476410001632757,
    "children": {
        "run_training.setup": {
            "total": 0.07068350000190549,
            "count": 1,
            "self": 0.07068350000190549
        },
        "TrainerController.start_learning": {
            "total": 29.06294869998237,
            "count": 1,
            "self": 0.048108500108355656,
            "children": {
                "TrainerController._reset_env": {
                    "total": 3.465488500020001,
                    "count": 1,
                    "self": 3.465488500020001
                },
                "TrainerController.advance": {
                    "total": 25.542866499861702,
                    "count": 5583,
                    "self": 0.04559370258357376,
                    "children": {
                        "env_step": {
                            "total": 14.91605929841171,
                            "count": 5583,
                            "self": 13.151546597422566,
                            "children": {
                                "SubprocessEnvManager._take_step": {
                                    "total": 1.7315434006450232,
                                    "count": 5583,
                                    "self": 0.1255293018766679,
                                    "children": {
                                        "TorchPolicy.evaluate": {
                                            "total": 1.6060140987683553,
                                            "count": 4540,
                                            "self": 1.6060140987683553
                                        }
                                    }
                                },
                                "workers": {
                                    "total": 0.03296930034412071,
                                    "count": 5583,
                                    "self": 0.0,
                                    "children": {
                                        "worker_root": {
                                            "total": 26.132551598362625,
                                            "count": 5583,
                                            "is_parallel": true,
                                            "self": 16.008021099085454,
                                            "children": {
                                                "steps_from_proto": {
                                                    "total": 0.000291300006210804,
                                                    "count": 1,