{
    "name": "root",
    "gauges": {
        "3DBall.Policy.Entropy.mean": {
            "value": 1.4003900289535522,
            "min": 1.4003900289535522,
            "max": 1.4195709228515625,
            "count": 4
        },
        "3DBall.Policy.Entropy.sum": {
            "value": 18754.0234375,
            "min": 17097.939453125,
            "max": 18754.0234375,
            "count": 4
        },
        "3DBall.Environment.EpisodeLength.mean": {
            "value": 87.45588235294117,
            "min": 22.271317829457363,
            "max": 87.45588235294117,
            "count": 4
        },
        "3DBall.Environment.EpisodeLength.sum": {
            "value": 11894.0,
            "min": 11492.0,
            "max": 11894.0,
            "count": 4
        },
        "3DBall.Step.mean": {
            "value": 47998.0,
            "min": 11993.0,
            "max": 47998.0,
            "count": 4
        },
        "3DBall.Step.sum": {
            "value": 47998.0,
            "min": 11993.0,
            "max": 47998.0,
            "count": 4
        },
        "3DBall.Policy.ExtrinsicValueEstimate.mean": {
            "value": 1.7606390714645386,
            "min": 0.1767815202474594,
            "max": 1.7606390714645386,
            "count": 4
        },
        "3DBall.Policy.ExtrinsicValueEstimate.sum": {
            "value": 239.44691467285156,
            "min": 91.04248046875,
            "max": 239.44691467285156,
            "count": 4
        },
        "3DBall.Environment.CumulativeReward.mean": {
            "value": 7.775736300384297,
            "min": 1.2287378285695048,
            "max": 7.775736300384297,
            "count": 4
        },
        "3DBall.Environment.CumulativeReward.sum": {
            "value": 1057.5001368522644,
            "min": 632.799981713295,
            "max": 1057.5001368522644,
            "count": 4
        },
        "3DBall.Policy.ExtrinsicReward.mean": {
            "value": 7.775736300384297,
            "min": 1.2287378285695048,
            "max": 7.775736300384297,
            "count": 4
        },
        "3DBall.Policy.ExtrinsicReward.sum": {
            "value": 1057.5001368522644,
            "min": 632.799981713295,
            "max": 1057.5001368522644,
            "count": 4
        },
        "3DBall.Losses.PolicyLoss.mean": {
            "value": 0.12570837052170714,
            "min": 0.12570837052170714,
            "max": 0.13201660792628156,
            "count": 4
        },
        "3DBall.Losses.PolicyLoss.sum": {
            "value": 0.25141674104341427,
            "min": 0.25141674104341427,
            "max": 0.38826179210314604,
            "count": 4
        },
        "3DBall.Losses.ValueLoss.mean": {
            "value": 3.0567737379037663,
            "min": 0.4636729938295481,
            "max": 3.0567737379037663,
            "count": 4
        },
        "3DBall.Losses.ValueLoss.sum": {
            "value": 6.1135474758075325,
            "min": 0.9273459876590961,
            "max": 6.1135474758075325,
            "count": 4
        },
        "3DBall.Policy.LearningRate.mean": {
            "value": 9.163420836579998e-05,
            "min": 9.163420836579998e-05,
            "max": 9.852720147280002e-05,
            "count": 4
        },
        "3DBall.Policy.LearningRate.sum": {
            "value": 0.00018326841673159996,
            "min": 0.00018326841673159996,
            "max": 0.0002822982177018,
            "count": 4
        },
        "3DBall.Policy.Epsilon.mean": {
            "value": 0.2374513,
            "min": 0.2374513,
            "max": 0.2477908,
            "count": 4
        },
        "3DBall.Policy.Epsilon.sum": {
            "value": 0.4749026,
            "min": 0.4749026,
            "max": 0.7234472999999999,
            "count": 4
        },
        "3DBall.Policy.Beta.mean": {
            "value": 0.0012837153800000002,
            "min": 0.0012837153800000002,
            "max": 0.0013795280799999998,
            "count": 4
        },
        "3DBall.Policy.Beta.sum": {
            "value": 0.0025674307600000003,
            "min": 0.0025674307600000003,
            "max": 0.00395394498,
            "count": 4
        },
        "3DBall.IsTraining.mean": {
            "value": 1.0,
            "min": 1.0,
            "max": 1.0,
            "count": 4
        },
        "3DBall.IsTraining.sum": {
            "value": 1.0,
            "min": 1.0,
            "max": 1.0,
            "count": 4
        }
    },
    "metadata": {
        "timer_format_version": "0.1.0",
        "start_time_seconds": "1765093873",
        "python_version": "3.10.11 (tags/v3.10.11:7d4cc5a, Apr  5 2023, 00:38:17) [MSC v.1929 64 bit (AMD64)]",
        "command_line_arguments": "C:\\Users\\moebn\\Documents\\University\\Project 2-1\\project_2_1_group_7\\venv\\Scripts\\mlagents-learn Config/training_config.yaml --run-id=run_batch_size40_buffer_size4900_learning_rate0.0001_beta0.0014_epsilon0.25 --time-scale=20 --env=3DBall_environment/UnityEnvironment.exe --no-graphics",
        "mlagents_version": "1.0.0",
        "mlagents_envs_version": "1.0.0",
        "communication_protocol_version": "1.5.0",
        "pytorch_version": "2.9.1+cpu",
        "numpy_version": "1.23.5",
        "end_time_seconds": "1765093906"
    },
    "total": 33.762980600004084,
    "count": 1,
    "self": 0.22300739999627694,
    "children": {
        "run_training.setup": {
            "total": 0.0696864000055939,
            "count": 1,
            "self": 0.0696864000055939
        },
        "TrainerController.start_learning": {
            "total": 33.470286800002214,
            "count": 1,
            "self": 0.04682929860427976,
            "children": {
                "TrainerController._reset_env": {
                    "total": 6.044161800004076,
                    "count": 1,
                    "self": 6.044161800004076
                },
                "TrainerController.advance": {
                    "total": 27.37245070139761,
                    "count": 5494,
                    "self": 0.04614740257966332,
                    "children": {
                        "env_step": {
                            "total": 14.509011598915095,
                            "count": 5494,
                            "self": 12.860080898884917,
                            "children": {
                                "SubprocessEnvManager._take_step": {
                                    "total": 1.6162904012890067,
                                    "count": 5494,
                                    "self": 0.12523080062237568,
                                    "children": {
                                        "TorchPolicy.evaluate": {
                                            "total": 1.491059600666631,
                                            "count": 4415,
                                            "self": 1.491059600666631
                                        }
                                    }
                                },
                                "workers": {
                                    "total": 0.032640298741171136,
                                    "count": 5494,
                                    "self": 0.0,
                                    "children": {
                                        "worker_root": {
                                            "total": 27.879805801960174,
                                            "count": 5494,
                                            "is_parallel": true,
                                            "self": 17.976394102239283,
                                            "children": {
                                                "steps_from_proto": {
                                                    "total": 0.00029349999385885894,
                                                    "count": 1,