{
    "name": "root",
    "gauges": {
        "3DBall.Policy.Entropy.mean": {
            "value": 1.3342463970184326,
            "min": 1.3323572874069214,
            "max": 1.4194105863571167,
            "count": 41
        },
        "3DBall.Policy.Entropy.sum": {
            "value": 16010.95703125,
            "min": 15988.287109375,
            "max": 20703.01171875,
            "count": 41
        },
        "3DBall.Environment.EpisodeLength.mean": {
            "value": 999.0,
            "min": 23.92738589211618,
            "max": 999.0,
            "count": 41
        },
        "3DBall.Environment.EpisodeLength.sum": {
            "value": 11988.0,
            "min": 11533.0,
            "max": 12119.0,
            "count": 41
        },
        "3DBall.Step.mean": {
            "value": 491497.0,
            "min": 11979.0,
            "max": 491497.0,
            "count": 41
        },
        "3DBall.Step.sum": {
            "value": 491497.0,
            "min": 11979.0,
            "max": 491497.0,
            "count": 41
        },
        "3DBall.Policy.ExtrinsicValueEstimate.mean": {
            "value": 9.999550819396973,
            "min": -0.31596705317497253,
            "max": 10.004531860351562,
            "count": 41
        },
        "3DBall.Policy.ExtrinsicValueEstimate.sum": {
            "value": 119.99461364746094,
            "min": -151.9801483154297,
            "max": 196.54397583007812,
            "count": 41
        },
        "3DBall.Environment.CumulativeReward.mean": {
            "value": 100.00001525878906,
            "min": 1.3904365288740383,
            "max": 100.00001525878906,
            "count": 41
        },
        "3DBall.Environment.CumulativeReward.sum": {
            "value": 1200.0001831054688,
            "min": 668.7999703884125,
            "max": 1206.4001836776733,
            "count": 41
        },
        "3DBall.Policy.ExtrinsicReward.mean": {
            "value": 100.00001525878906,
            "min": 1.3904365288740383,
            "max": 100.00001525878906,
            "count": 41
        },
        "3DBall.Policy.ExtrinsicReward.sum": {
            "value": 1200.0001831054688,
            "min": 668.7999703884125,
            "max": 1206.4001836776733,
            "count": 41
        },
        "3DBall.Losses.PolicyLoss.mean": {
            "value": 0.18743941851646873,
            "min": 0.17299590367257092,
            "max": 0.2076210383136594,
            "count": 41
        },
        "3DBall.Losses.PolicyLoss.sum": {
            "value": 0.37487883703293745,
            "min": 0.17299590367257092,
            "max": 0.3991822436700584,
            "count": 41
        },
        "3DBall.Losses.ValueLoss.mean": {
            "value": 0.0010643382517659485,
            "min": 0.0007448357130120898,
            "max": 3.3370711659628247,
            "count": 41
        },
        "3DBall.Losses.ValueLoss.sum": {
            "value": 0.002128676503531897,
            "min": 0.0007455993534931579,
            "max": 3.3370711659628247,
            "count": 41
        },
        "3DBall.Policy.LearningRate.mean": {
            "value": 2.800697199399997e-06,
            "min": 2.800697199399997e-06,
            "max": 9.83608016392e-05,
            "count": 41
        },
        "3DBall.Policy.LearningRate.sum": {
            "value": 5.601394398799994e-06,
            "min": 5.500694499400002e-06,
            "max": 0.0001885172114828,
            "count": 41
        },
        "3DBall.Policy.Epsilon.mean": {
            "value": 0.10840179999999999,
            "min": 0.10840179999999999,
            "max": 0.3950824000000001,
            "count": 41
        },
        "3DBall.Policy.Epsilon.sum": {
            "value": 0.21680359999999999,
            "min": 0.1165018,
            "max": 0.7655516000000002,
            "count": 41
        },
        "3DBall.Policy.Beta.mean": {
            "value": 3.7725939999999966e-05,
            "min": 3.7725939999999966e-05,
            "max": 0.0009837719199999998,
            "count": 41
        },
        "3DBall.Policy.Beta.sum": {
            "value": 7.545187999999993e-05,
            "min": 6.445593999999999e-05,
            "max": 0.0018863202799999997,
            "count": 41
        },
        "3DBall.IsTraining.mean": {
            "value": 1.0,
            "min": 1.0,
            "max": 1.0,
            "count": 41
        },
        "3DBall.IsTraining.sum": {
            "value": 1.0,
            "min": 1.0,
            "max": 1.0,
            "count": 41
        }
    },
    "metadata": {
        "timer_format_version": "0.1.0",
        "start_time_seconds": "1767654899",
        "python_version": "3.10.11 (tags/v3.10.11:7d4cc5a, Apr  5 2023, 00:38:17) [MSC v.1929 64 bit (AMD64)]",
        "command_line_arguments": "C:\\Users\\atoz\\Documents\\01_2025_2026_year_2\\semester_1\\project_2_1\\code\\project_2_1_group_7\\venv\\Scripts\\mlagents-learn Config/training_config.yaml --run-id=omar-run139 --time-scale=20 --env=3DBall_environment/UnityEnvironment.exe --no-graphics",
        "mlagents_version": "1.0.0",
        "mlagents_envs_version": "1.0.0",
        "communication_protocol_version": "1.5.0",
        "pytorch_version": "1.13.1+cpu",
        "numpy_version": "1.23.5",
        "end_time_seconds": "1767655269"
    },
    "total": 370.06242360000033,
    "count": 1,
    "self": 0.2069636000378523,
    "children": {
        "run_training.setup": {
            "total": 0.07955659998697229,
            "count": 1,
            "self": 0.07955659998697229
        },
        "TrainerController.start_learning": {
            "total": 369.7759033999755,
            "count": 1,
            "self": 0.566169000667287,
            "children": {
                "TrainerController._reset_env": {
                    "total": 6.724947599985171,
                    "count": 1,
                    "self": 6.724947599985171
                },
                "TrainerController.advance": {
                    "total": 362.43638839933556,
                    "count": 43324,
                    "self": 0.5307875000871718,
                    "children": {
                        "env_step": {
                            "total": 160.7994920995552,
                            "count": 43324,
                            "self": 135.3927725988906,
                            "children": {
                                "SubprocessEnvManager._take_step": {
                                    "total": 25.048264798766468,
                                    "count": 43324,
                                    "self": 1.781861593335634,
                                    "children": {
                                        "TorchPolicy.evaluate": {
                                            "total": 23.266403205430834,
                                            "count": 42097,
                                            "self": 23.266403205430834
                                        }
                                    }
                                },
                                "workers": {
                                    "total": 0.35845470189815387,
                                    "count": 43324,
                                    "self": 0.0,
                                    "children": {
                                        "worker_root": {
                                            "total": 362.25393009817344,
                                            "count": 43324,
                                            "is_parallel": true,
                                            "self": 261.7426610952243,
                                            "children": {
                                                "steps_from_proto": {
                                                    "total": 0.00019630001042969525,
                                                    "count": 1,