{
    "name": "root",
    "gauges": {
        "3DBall.Policy.Entropy.mean": {
            "value": 1.3993802070617676,
            "min": 1.3993802070617676,
            "max": 1.4192451238632202,
            "count": 4
        },
        "3DBall.Policy.Entropy.sum": {
            "value": 17061.244140625,
            "min": 16965.69140625,
            "max": 17269.375,
            "count": 4
        },
        "3DBall.Environment.EpisodeLength.mean": {
            "value": 42.14695340501792,
            "min": 22.71005917159763,
            "max": 42.14695340501792,
            "count": 4
        },
        "3DBall.Environment.EpisodeLength.sum": {
            "value": 11759.0,
            "min": 11514.0,
            "max": 11759.0,
            "count": 4
        },
        "3DBall.Step.mean": {
            "value": 47968.0,
            "min": 11977.0,
            "max": 47968.0,
            "count": 4
        },
        "3DBall.Step.sum": {
            "value": 47968.0,
            "min": 11977.0,
            "max": 47968.0,
            "count": 4
        },
        "3DBall.Policy.ExtrinsicValueEstimate.mean": {
            "value": 0.9379479289054871,
            "min": 0.0484159030020237,
            "max": 0.9379479289054871,
            "count": 4
        },
        "3DBall.Policy.ExtrinsicValueEstimate.sum": {
            "value": 261.6874694824219,
            "min": 24.450031280517578,
            "max": 261.6874694824219,
            "count": 4
        },
        "3DBall.Environment.CumulativeReward.mean": {
            "value": 3.1903226918217102,
            "min": 1.2716831188390751,
            "max": 3.1903226918217102,
            "count": 4
        },
        "3DBall.Environment.CumulativeReward.sum": {
            "value": 890.1000310182571,
            "min": 642.1999750137329,
            "max": 890.1000310182571,
            "count": 4
        },
        "3DBall.Policy.ExtrinsicReward.mean": {
            "value": 3.1903226918217102,
            "min": 1.2716831188390751,
            "max": 3.1903226918217102,
            "count": 4
        },
        "3DBall.Policy.ExtrinsicReward.sum": {
            "value": 890.1000310182571,
            "min": 642.1999750137329,
            "max": 890.1000310182571,
            "count": 4
        },
        "3DBall.Losses.PolicyLoss.mean": {
            "value": 0.11299958849388392,
            "min": 0.10781603968743665,
            "max": 0.11501386672098898,
            "count": 4
        },
        "3DBall.Losses.PolicyLoss.sum": {
            "value": 0.22599917698776784,
            "min": 0.2156320793748733,
            "max": 0.3254072045275453,
            "count": 4
        },
        "3DBall.Losses.ValueLoss.mean": {
            "value": 0.9152195989303041,
            "min": 0.2706090813313705,
            "max": 0.9152195989303041,
            "count": 4
        },
        "3DBall.Losses.ValueLoss.sum": {
            "value": 1.8304391978606083,
            "min": 0.541218162662741,
            "max": 1.8304391978606083,
            "count": 4
        },
        "3DBall.Policy.LearningRate.mean": {
            "value": 0.0001832646083677,
            "min": 0.0001832646083677,
            "max": 0.00019704500147750006,
            "count": 4
        },
        "3DBall.Policy.LearningRate.sum": {
            "value": 0.0003665292167354,
            "min": 0.0003665292167354,
            "max": 0.0005645672177164,
            "count": 4
        },
        "3DBall.Policy.Epsilon.mean": {
            "value": 0.09999999999999998,
            "min": 0.09999999999999998,
            "max": 0.09999999999999998,
            "count": 4
        },
        "3DBall.Policy.Epsilon.sum": {
            "value": 0.19999999999999996,
            "min": 0.19999999999999996,
            "max": 0.29999999999999993,
            "count": 4
        },
        "3DBall.Policy.Beta.mean": {
            "value": 0.0011920566700000003,
            "min": 0.0011920566700000003,
            "max": 0.0012809402499999998,
            "count": 4
        },
        "3DBall.Policy.Beta.sum": {
            "value": 0.0023841133400000006,
            "min": 0.0023841133400000006,
            "max": 0.00367145844,
            "count": 4
        },
        "3DBall.IsTraining.mean": {
            "value": 1.0,
            "min": 1.0,
            "max": 1.0,
            "count": 4
        },
        "3DBall.IsTraining.sum": {
            "value": 1.0,
            "min": 1.0,
            "max": 1.0,
            "count": 4
        }
    },
    "metadata": {
        "timer_format_version": "0.1.0",
        "start_time_seconds": "1765136240",
        "python_version": "3.10.11 (tags/v3.10.11:7d4cc5a, Apr  5 2023, 00:38:17) [MSC v.1929 64 bit (AMD64)]",
        "command_line_arguments": "C:\\Users\\moebn\\Documents\\University\\Project 2-1\\project_2_1_group_7\\venv\\Scripts\\mlagents-learn Config/training_config.yaml --run-id=run_batch_size53_buffer_size4900_learning_rate0.0002_beta0.0013_epsilon0.1 --time-scale=20 --env=3DBall_environment/UnityEnvironment.exe --no-graphics",
        "mlagents_version": "1.0.0",
        "mlagents_envs_version": "1.0.0",
        "communication_protocol_version": "1.5.0",
        "pytorch_version": "2.9.1+cpu",
        "numpy_version": "1.23.5",
        "end_time_seconds": "1765136270"
    },
    "total": 29.337600300001213,
    "count": 1,
    "self": 0.14715989999240264,
    "children": {
        "run_training.setup": {
            "total": 0.07164410001132637,
            "count": 1,
            "self": 0.07164410001132637
        },
        "TrainerController.start_learning": {
            "total": 29.118796299997484,
            "count": 1,
            "self": 0.04715690072043799,
            "children": {
                "TrainerController._reset_env": {
                    "total": 3.4357165999826975,
                    "count": 1,
                    "self": 3.4357165999826975
                },
                "TrainerController.advance": {
                    "total": 25.629557799285976,
                    "count": 5484,
                    "self": 0.0473145954310894,
                    "children": {
                        "env_step": {
                            "total": 13.919329602649668,
                            "count": 5484,
                            "self": 12.468071505019907,
                            "children": {
                                "SubprocessEnvManager._take_step": {
                                    "total": 1.4186029989214148,
                                    "count": 5484,
                                    "self": 0.11924999911570922,
                                    "children": {
                                        "TorchPolicy.evaluate": {
                                            "total": 1.2993529998057056,
                                            "count": 4221,
                                            "self": 1.2993529998057056
                                        }
                                    }
                                },
                                "workers": {
                                    "total": 0.032655098708346486,
                                    "count": 5484,
                                    "self": 0.0,
                                    "children": {
                                        "worker_root": {
                                            "total": 26.222269901045365,
                                            "count": 5484,
                                            "is_parallel": true,
                                            "self": 16.62834690033924,
                                            "children": {
                                                "steps_from_proto": {
                                                    "total": 0.00025049998657777905,
                                                    "count": 1,