{
    "name": "root",
    "gauges": {
        "3DBall.Policy.Entropy.mean": {
            "value": 1.3526899814605713,
            "min": 1.3526899814605713,
            "max": 1.4159847497940063,
            "count": 4
        },
        "3DBall.Policy.Entropy.sum": {
            "value": 16703.015625,
            "min": 16703.015625,
            "max": 17178.7265625,
            "count": 4
        },
        "3DBall.Environment.EpisodeLength.mean": {
            "value": 71.1437125748503,
            "min": 21.990421455938698,
            "max": 71.1437125748503,
            "count": 4
        },
        "3DBall.Environment.EpisodeLength.sum": {
            "value": 11881.0,
            "min": 11479.0,
            "max": 11881.0,
            "count": 4
        },
        "3DBall.Step.mean": {
            "value": 47911.0,
            "min": 11974.0,
            "max": 47911.0,
            "count": 4
        },
        "3DBall.Step.sum": {
            "value": 47911.0,
            "min": 11974.0,
            "max": 47911.0,
            "count": 4
        },
        "3DBall.Policy.ExtrinsicValueEstimate.mean": {
            "value": 1.2896777391433716,
            "min": 0.315654993057251,
            "max": 1.2896777391433716,
            "count": 4
        },
        "3DBall.Policy.ExtrinsicValueEstimate.sum": {
            "value": 215.37619018554688,
            "min": 144.25433349609375,
            "max": 215.37619018554688,
            "count": 4
        },
        "3DBall.Environment.CumulativeReward.mean": {
            "value": 6.037725165932478,
            "min": 1.1982725163110157,
            "max": 6.037725165932478,
            "count": 4
        },
        "3DBall.Environment.CumulativeReward.sum": {
            "value": 1008.3001027107239,
            "min": 624.2999809980392,
            "max": 1008.3001027107239,
            "count": 4
        },
        "3DBall.Policy.ExtrinsicReward.mean": {
            "value": 6.037725165932478,
            "min": 1.1982725163110157,
            "max": 6.037725165932478,
            "count": 4
        },
        "3DBall.Policy.ExtrinsicReward.sum": {
            "value": 1008.3001027107239,
            "min": 624.2999809980392,
            "max": 1008.3001027107239,
            "count": 4
        },
        "3DBall.Losses.PolicyLoss.mean": {
            "value": 0.8109297202023279,
            "min": 0.728635886182594,
            "max": 0.8109297202023279,
            "count": 4
        },
        "3DBall.Losses.PolicyLoss.sum": {
            "value": 0.8109297202023279,
            "min": 0.728635886182594,
            "max": 0.8109297202023279,
            "count": 4
        },
        "3DBall.Losses.ValueLoss.mean": {
            "value": 1.239547278739051,
            "min": 0.18171819012109225,
            "max": 1.239547278739051,
            "count": 4
        },
        "3DBall.Losses.ValueLoss.sum": {
            "value": 1.239547278739051,
            "min": 0.18171819012109225,
            "max": 1.239547278739051,
            "count": 4
        },
        "3DBall.Policy.LearningRate.mean": {
            "value": 9.22282077718e-05,
            "min": 9.22282077718e-05,
            "max": 9.805740194260003e-05,
            "count": 4
        },
        "3DBall.Policy.LearningRate.sum": {
            "value": 9.22282077718e-05,
            "min": 9.22282077718e-05,
            "max": 9.805740194260003e-05,
            "count": 4
        },
        "3DBall.Policy.Epsilon.mean": {
            "value": 0.28445639999999994,
            "min": 0.28445639999999994,
            "max": 0.2961147999999999,
            "count": 4
        },
        "3DBall.Policy.Epsilon.sum": {
            "value": 0.28445639999999994,
            "min": 0.28445639999999994,
            "max": 0.2961147999999999,
            "count": 4
        },
        "3DBall.Policy.Beta.mean": {
            "value": 0.0011075155799999997,
            "min": 0.0011075155799999997,
            "max": 0.0011768830600000003,
            "count": 4
        },
        "3DBall.Policy.Beta.sum": {
            "value": 0.0011075155799999997,
            "min": 0.0011075155799999997,
            "max": 0.0011768830600000003,
            "count": 4
        },
        "3DBall.IsTraining.mean": {
            "value": 1.0,
            "min": 1.0,
            "max": 1.0,
            "count": 4
        },
        "3DBall.IsTraining.sum": {
            "value": 1.0,
            "min": 1.0,
            "max": 1.0,
            "count": 4
        }
    },
    "metadata": {
        "timer_format_version": "0.1.0",
        "start_time_seconds": "1764710500",
        "python_version": "3.10.11 (tags/v3.10.11:7d4cc5a, Apr  5 2023, 00:38:17) [MSC v.1929 64 bit (AMD64)]",
        "command_line_arguments": "C:\\Users\\moebn\\Documents\\University\\Project 2-1\\project_2_1_group_7\\venv\\Scripts\\mlagents-learn Config/training_config.yaml --run-id=run_batch_size1_buffer_size9700_learning_rate0.0001_beta0.0012_epsilon0.3 --time-scale=20 --env=3DBall_environment/UnityEnvironment.exe --no-graphics",
        "mlagents_version": "1.0.0",
        "mlagents_envs_version": "1.0.0",
        "communication_protocol_version": "1.5.0",
        "pytorch_version": "2.9.1+cpu",
        "numpy_version": "1.23.5",
        "end_time_seconds": "1764710773"
    },
    "total": 272.6392235999956,
    "count": 1,
    "self": 0.46968949999427423,
    "children": {
        "run_training.setup": {
            "total": 0.06474869999510702,
            "count": 1,
            "self": 0.06474869999510702
        },
        "TrainerController.start_learning": {
            "total": 272.1047854000062,
            "count": 1,
            "self": 0.04724990024988074,
            "children": {
                "TrainerController._reset_env": {
                    "total": 3.405260300001828,
                    "count": 1,
                    "self": 3.405260300001828
                },
                "TrainerController.advance": {
                    "total": 268.64570549975906,
                    "count": 5410,
                    "self": 0.0442509997083107,
                    "children": {
                        "env_step": {
                            "total": 14.128425500399317,
                            "count": 5410,
                            "self": 12.608641699742293,
                            "children": {
                                "SubprocessEnvManager._take_step": {
                                    "total": 1.4880901998112677,
                                    "count": 5410,
                                    "self": 0.12052699954074342,
                                    "children": {
                                        "TorchPolicy.evaluate": {
                                            "total": 1.3675632002705242,
                                            "count": 4285,
                                            "self": 1.3675632002705242
                                        }
                                    }
                                },
                                "workers": {
                                    "total": 0.03169360084575601,
                                    "count": 5410,
                                    "self": 0.0,
                                    "children": {
                                        "worker_root": {
                                            "total": 269.196185400433,
                                            "count": 5410,
                                            "is_parallel": true,
                                            "self": 259.50156660091307,
                                            "children": {
                                                "steps_from_proto": {
                                                    "total": 0.00024149999080691487,
                                                    "count": 1,