{
    "name": "root",
    "gauges": {
        "3DBall.Policy.Entropy.mean": {
            "value": 1.402400016784668,
            "min": 1.402400016784668,
            "max": 1.4189382791519165,
            "count": 4
        },
        "3DBall.Policy.Entropy.sum": {
            "value": 16778.314453125,
            "min": 16778.314453125,
            "max": 17316.72265625,
            "count": 4
        },
        "3DBall.Environment.EpisodeLength.mean": {
            "value": 22.868787276341948,
            "min": 21.36126629422719,
            "max": 22.868787276341948,
            "count": 4
        },
        "3DBall.Environment.EpisodeLength.sum": {
            "value": 11503.0,
            "min": 11471.0,
            "max": 11503.0,
            "count": 4
        },
        "3DBall.Step.mean": {
            "value": 47999.0,
            "min": 11986.0,
            "max": 47999.0,
            "count": 4
        },
        "3DBall.Step.sum": {
            "value": 47999.0,
            "min": 11986.0,
            "max": 47999.0,
            "count": 4
        },
        "3DBall.Policy.ExtrinsicValueEstimate.mean": {
            "value": 0.20631250739097595,
            "min": -0.25152307748794556,
            "max": 0.20631250739097595,
            "count": 4
        },
        "3DBall.Policy.ExtrinsicValueEstimate.sum": {
            "value": 103.77519226074219,
            "min": -134.81637573242188,
            "max": 103.77519226074219,
            "count": 4
        },
        "3DBall.Environment.CumulativeReward.mean": {
            "value": 1.2878727258792217,
            "min": 1.1361940087222342,
            "max": 1.2878727258792217,
            "count": 4
        },
        "3DBall.Environment.CumulativeReward.sum": {
            "value": 647.7999811172485,
            "min": 608.9999886751175,
            "max": 647.7999811172485,
            "count": 4
        },
        "3DBall.Policy.ExtrinsicReward.mean": {
            "value": 1.2878727258792217,
            "min": 1.1361940087222342,
            "max": 1.2878727258792217,
            "count": 4
        },
        "3DBall.Policy.ExtrinsicReward.sum": {
            "value": 647.7999811172485,
            "min": 608.9999886751175,
            "max": 647.7999811172485,
            "count": 4
        },
        "3DBall.IsTraining.mean": {
            "value": 1.0,
            "min": 1.0,
            "max": 1.0,
            "count": 4
        },
        "3DBall.IsTraining.sum": {
            "value": 1.0,
            "min": 1.0,
            "max": 1.0,
            "count": 4
        },
        "3DBall.Losses.PolicyLoss.mean": {
            "value": 0.6769360307396592,
            "min": 0.6769360307396592,
            "max": 0.80469654876868,
            "count": 2
        },
        "3DBall.Losses.PolicyLoss.sum": {
            "value": 0.6769360307396592,
            "min": 0.6769360307396592,
            "max": 0.80469654876868,
            "count": 2
        },
        "3DBall.Losses.ValueLoss.mean": {
            "value": 0.11535262475126912,
            "min": 0.11535262475126912,
            "max": 0.12913564164304228,
            "count": 2
        },
        "3DBall.Losses.ValueLoss.sum": {
            "value": 0.11535262475126912,
            "min": 0.11535262475126912,
            "max": 0.12913564164304228,
            "count": 2
        },
        "3DBall.Policy.LearningRate.mean": {
            "value": 0.0003652584086854,
            "min": 0.0003652584086854,
            "max": 0.00038262560434359995,
            "count": 2
        },
        "3DBall.Policy.LearningRate.sum": {
            "value": 0.0003652584086854,
            "min": 0.0003652584086854,
            "max": 0.00038262560434359995,
            "count": 2
        },
        "3DBall.Policy.Epsilon.mean": {
            "value": 0.1456572999999999,
            "min": 0.1456572999999999,
            "max": 0.1478282,
            "count": 2
        },
        "3DBall.Policy.Epsilon.sum": {
            "value": 0.1456572999999999,
            "min": 0.1456572999999999,
            "max": 0.1478282,
            "count": 2
        },
        "3DBall.Policy.Beta.mean": {
            "value": 0.0010053291400000002,
            "min": 0.0010053291400000002,
            "max": 0.0010526547600000003,
            "count": 2
        },
        "3DBall.Policy.Beta.sum": {
            "value": 0.0010053291400000002,
            "min": 0.0010053291400000002,
            "max": 0.0010526547600000003,
            "count": 2
        }
    },
    "metadata": {
        "timer_format_version": "0.1.0",
        "start_time_seconds": "1764892511",
        "python_version": "3.10.11 (tags/v3.10.11:7d4cc5a, Apr  5 2023, 00:38:17) [MSC v.1929 64 bit (AMD64)]",
        "command_line_arguments": "C:\\Users\\moebn\\Documents\\University\\Project 2-1\\project_2_1_group_7\\venv\\Scripts\\mlagents-learn Config/training_config.yaml --run-id=run_batch_size1_buffer_size21700_learning_rate0.0004_beta0.0011_epsilon0.15 --time-scale=20 --env=3DBall_environment/UnityEnvironment.exe --no-graphics",
        "mlagents_version": "1.0.0",
        "mlagents_envs_version": "1.0.0",
        "communication_protocol_version": "1.5.0",
        "pytorch_version": "2.9.1+cpu",
        "numpy_version": "1.23.5",
        "end_time_seconds": "1764892770"
    },
    "total": 258.5267931000053,
    "count": 1,
    "self": 0.2210680999996839,
    "children": {
        "run_training.setup": {
            "total": 0.06449150000116788,
            "count": 1,
            "self": 0.06449150000116788
        },
        "TrainerController.start_learning": {
            "total": 258.24123350000445,
            "count": 1,
            "self": 0.05197370007226709,
            "children": {
                "TrainerController._reset_env": {
                    "total": 3.4191489000004367,
                    "count": 1,
                    "self": 3.4191489000004367
                },
                "TrainerController.advance": {
                    "total": 254.76398789993254,
                    "count": 5803,
                    "self": 0.052017199734109454,
                    "children": {
                        "env_step": {
                            "total": 14.115588500229933,
                            "count": 5803,
                            "self": 12.430141299992101,
                            "children": {
                                "SubprocessEnvManager._take_step": {
                                    "total": 1.6500302998611005,
                                    "count": 5803,
                                    "self": 0.12309489990002476,
                                    "children": {
                                        "TorchPolicy.evaluate": {
                                            "total": 1.5269353999610757,
                                            "count": 4183,
                                            "self": 1.5269353999610757
                                        }
                                    }
                                },
                                "workers": {
                                    "total": 0.035416900376731064,
                                    "count": 5803,
                                    "self": 0.0,
                                    "children": {
                                        "worker_root": {
                                            "total": 255.32649179967848,
                                            "count": 5803,
                                            "is_parallel": true,
                                            "self": 245.893491099705,
                                            "children": {
                                                "steps_from_proto": {
                                                    "total": 0.00028509999538073316,
                                                    "count": 1,