{
    "name": "root",
    "gauges": {
        "3DBall.Policy.Entropy.mean": {
            "value": 1.399724006652832,
            "min": 1.399724006652832,
            "max": 1.4189382791519165,
            "count": 4
        },
        "3DBall.Policy.Entropy.sum": {
            "value": 16998.248046875,
            "min": 16939.35546875,
            "max": 17282.66796875,
            "count": 4
        },
        "3DBall.Environment.EpisodeLength.mean": {
            "value": 23.57668711656442,
            "min": 20.8816029143898,
            "max": 23.57668711656442,
            "count": 4
        },
        "3DBall.Environment.EpisodeLength.sum": {
            "value": 11529.0,
            "min": 11455.0,
            "max": 11529.0,
            "count": 4
        },
        "3DBall.Step.mean": {
            "value": 47970.0,
            "min": 11971.0,
            "max": 47970.0,
            "count": 4
        },
        "3DBall.Step.sum": {
            "value": 47970.0,
            "min": 11971.0,
            "max": 47970.0,
            "count": 4
        },
        "3DBall.Policy.ExtrinsicValueEstimate.mean": {
            "value": 0.2167302966117859,
            "min": 0.2167302966117859,
            "max": 0.5467930436134338,
            "count": 4
        },
        "3DBall.Policy.ExtrinsicValueEstimate.sum": {
            "value": 105.98111724853516,
            "min": 105.98111724853516,
            "max": 298.002197265625,
            "count": 4
        },
        "3DBall.Environment.CumulativeReward.mean": {
            "value": 1.3543966879386355,
            "min": 1.0899817552722868,
            "max": 1.3543966879386355,
            "count": 4
        },
        "3DBall.Environment.CumulativeReward.sum": {
            "value": 662.2999804019928,
            "min": 597.5999895334244,
            "max": 662.2999804019928,
            "count": 4
        },
        "3DBall.Policy.ExtrinsicReward.mean": {
            "value": 1.3543966879386355,
            "min": 1.0899817552722868,
            "max": 1.3543966879386355,
            "count": 4
        },
        "3DBall.Policy.ExtrinsicReward.sum": {
            "value": 662.2999804019928,
            "min": 597.5999895334244,
            "max": 662.2999804019928,
            "count": 4
        },
        "3DBall.IsTraining.mean": {
            "value": 1.0,
            "min": 1.0,
            "max": 1.0,
            "count": 4
        },
        "3DBall.IsTraining.sum": {
            "value": 1.0,
            "min": 1.0,
            "max": 1.0,
            "count": 4
        },
        "3DBall.Losses.PolicyLoss.mean": {
            "value": 0.15161941853934807,
            "min": 0.15161941853934807,
            "max": 0.15605627546980275,
            "count": 2
        },
        "3DBall.Losses.PolicyLoss.sum": {
            "value": 0.15161941853934807,
            "min": 0.15161941853934807,
            "max": 0.15605627546980275,
            "count": 2
        },
        "3DBall.Losses.ValueLoss.mean": {
            "value": 0.16927694312179667,
            "min": 0.16927694312179667,
            "max": 0.19575279983915822,
            "count": 2
        },
        "3DBall.Losses.ValueLoss.sum": {
            "value": 0.16927694312179667,
            "min": 0.16927694312179667,
            "max": 0.19575279983915822,
            "count": 2
        },
        "3DBall.Policy.LearningRate.mean": {
            "value": 0.00027394500868500003,
            "min": 0.00027394500868500003,
            "max": 0.0002869692043436,
            "count": 2
        },
        "3DBall.Policy.LearningRate.sum": {
            "value": 0.00027394500868500003,
            "min": 0.00027394500868500003,
            "max": 0.0002869692043436,
            "count": 2
        },
        "3DBall.Policy.Epsilon.mean": {
            "value": 0.28263,
            "min": 0.28263,
            "max": 0.29131280000000004,
            "count": 2
        },
        "3DBall.Policy.Epsilon.sum": {
            "value": 0.28263,
            "min": 0.28263,
            "max": 0.29131280000000004,
            "count": 2
        },
        "3DBall.Policy.Beta.mean": {
            "value": 0.0011879635,
            "min": 0.0011879635,
            "max": 0.00124396756,
            "count": 2
        },
        "3DBall.Policy.Beta.sum": {
            "value": 0.0011879635,
            "min": 0.0011879635,
            "max": 0.00124396756,
            "count": 2
        }
    },
    "metadata": {
        "timer_format_version": "0.1.0",
        "start_time_seconds": "1765080731",
        "python_version": "3.10.11 (tags/v3.10.11:7d4cc5a, Apr  5 2023, 00:38:17) [MSC v.1929 64 bit (AMD64)]",
        "command_line_arguments": "C:\\Users\\moebn\\Documents\\University\\Project 2-1\\project_2_1_group_7\\venv\\Scripts\\mlagents-learn Config/training_config.yaml --run-id=run_batch_size27_buffer_size21700_learning_rate0.0003_beta0.0013_epsilon0.3 --time-scale=20 --env=3DBall_environment/UnityEnvironment.exe --no-graphics",
        "mlagents_version": "1.0.0",
        "mlagents_envs_version": "1.0.0",
        "communication_protocol_version": "1.5.0",
        "pytorch_version": "2.9.1+cpu",
        "numpy_version": "1.23.5",
        "end_time_seconds": "1765080766"
    },
    "total": 34.45069319999311,
    "count": 1,
    "self": 0.17338659999950323,
    "children": {
        "run_training.setup": {
            "total": 0.06847389999893494,
            "count": 1,
            "self": 0.06847389999893494
        },
        "TrainerController.start_learning": {
            "total": 34.20883269999467,
            "count": 1,
            "self": 0.04995169970788993,
            "children": {
                "TrainerController._reset_env": {
                    "total": 5.069883699994534,
                    "count": 1,
                    "self": 5.069883699994534
                },
                "TrainerController.advance": {
                    "total": 29.082249500293983,
                    "count": 5818,
                    "self": 0.04786819900618866,
                    "children": {
                        "env_step": {
                            "total": 14.304496700380696,
                            "count": 5818,
                            "self": 12.731649201043183,
                            "children": {
                                "SubprocessEnvManager._take_step": {
                                    "total": 1.5384166997828288,
                                    "count": 5818,
                                    "self": 0.18106459887349047,
                                    "children": {
                                        "TorchPolicy.evaluate": {
                                            "total": 1.3573521009093383,
                                            "count": 4188,
                                            "self": 1.3573521009093383
                                        }
                                    }
                                },
                                "workers": {
                                    "total": 0.0344307995546842,
                                    "count": 5818,
                                    "self": 0.0,
                                    "children": {
                                        "worker_root": {
                                            "total": 29.649862900623702,
                                            "count": 5818,
                                            "is_parallel": true,
                                            "self": 19.979162901363452,
                                            "children": {
                                                "steps_from_proto": {
                                                    "total": 0.00025560001085978,
                                                    "count": 1,
                                                    "is_parallel": true,