{
    "name": "root",
    "gauges": {
        "3DBall.Policy.Entropy.mean": {
            "value": 1.384405493736267,
            "min": 1.384405493736267,
            "max": 1.4175207614898682,
            "count": 4
        },
        "3DBall.Policy.Entropy.sum": {
            "value": 22560.271484375,
            "min": 17248.392578125,
            "max": 22560.271484375,
            "count": 4
        },
        "3DBall.Environment.EpisodeLength.mean": {
            "value": 366.29411764705884,
            "min": 22.684418145956606,
            "max": 366.29411764705884,
            "count": 4
        },
        "3DBall.Environment.EpisodeLength.sum": {
            "value": 12454.0,
            "min": 11501.0,
            "max": 12454.0,
            "count": 4
        },
        "3DBall.Step.mean": {
            "value": 47517.0,
            "min": 11989.0,
            "max": 47517.0,
            "count": 4
        },
        "3DBall.Step.sum": {
            "value": 47517.0,
            "min": 11989.0,
            "max": 47517.0,
            "count": 4
        },
        "3DBall.Policy.ExtrinsicValueEstimate.mean": {
            "value": 4.7199320793151855,
            "min": 0.13198451697826385,
            "max": 4.7199320793151855,
            "count": 4
        },
        "3DBall.Policy.ExtrinsicValueEstimate.sum": {
            "value": 160.47769165039062,
            "min": 66.78416442871094,
            "max": 224.9110107421875,
            "count": 4
        },
        "3DBall.Environment.CumulativeReward.mean": {
            "value": 34.62353444800657,
            "min": 1.269367546432103,
            "max": 34.62353444800657,
            "count": 4
        },
        "3DBall.Environment.CumulativeReward.sum": {
            "value": 1177.2001712322235,
            "min": 642.2999784946442,
            "max": 1177.2001712322235,
            "count": 4
        },
        "3DBall.Policy.ExtrinsicReward.mean": {
            "value": 34.62353444800657,
            "min": 1.269367546432103,
            "max": 34.62353444800657,
            "count": 4
        },
        "3DBall.Policy.ExtrinsicReward.sum": {
            "value": 1177.2001712322235,
            "min": 642.2999784946442,
            "max": 1177.2001712322235,
            "count": 4
        },
        "3DBall.Losses.PolicyLoss.mean": {
            "value": 0.09568904447686186,
            "min": 0.09230170820962179,
            "max": 0.10116335098670484,
            "count": 4
        },
        "3DBall.Losses.PolicyLoss.sum": {
            "value": 0.1913780889537237,
            "min": 0.1913780889537237,
            "max": 0.27690512462886535,
            "count": 4
        },
        "3DBall.Losses.ValueLoss.mean": {
            "value": 3.4397601472006905,
            "min": 0.37655254896428136,
            "max": 3.4397601472006905,
            "count": 4
        },
        "3DBall.Losses.ValueLoss.sum": {
            "value": 6.879520294401381,
            "min": 0.7531050979285627,
            "max": 6.879520294401381,
            "count": 4
        },
        "3DBall.Policy.LearningRate.mean": {
            "value": 0.00018322100838950007,
            "min": 0.00018322100838950007,
            "max": 0.00019705520147239995,
            "count": 4
        },
        "3DBall.Policy.LearningRate.sum": {
            "value": 0.00036644201677900014,
            "min": 0.00036644201677900014,
            "max": 0.0005645920177040001,
            "count": 4
        },
        "3DBall.Policy.Epsilon.mean": {
            "value": 0.28322100000000006,
            "min": 0.28322100000000006,
            "max": 0.2970552000000001,
            "count": 4
        },
        "3DBall.Policy.Epsilon.sum": {
            "value": 0.5664420000000001,
            "min": 0.5664420000000001,
            "max": 0.864592,
            "count": 4
        },
        "3DBall.Policy.Beta.mean": {
            "value": 0.00100855445,
            "min": 0.00100855445,
            "max": 0.0010839508399999999,
            "count": 4
        },
        "3DBall.Policy.Beta.sum": {
            "value": 0.0020171089,
            "min": 0.0020171089,
            "max": 0.0031070264000000007,
            "count": 4
        },
        "3DBall.IsTraining.mean": {
            "value": 1.0,
            "min": 1.0,
            "max": 1.0,
            "count": 4
        },
        "3DBall.IsTraining.sum": {
            "value": 1.0,
            "min": 1.0,
            "max": 1.0,
            "count": 4
        }
    },
    "metadata": {
        "timer_format_version": "0.1.0",
        "start_time_seconds": "1765199244",
        "python_version": "3.10.11 (tags/v3.10.11:7d4cc5a, Apr  5 2023, 00:38:17) [MSC v.1929 64 bit (AMD64)]",
        "command_line_arguments": "C:\\Users\\moebn\\Documents\\University\\Project 2-1\\project_2_1_group_7\\venv\\Scripts\\mlagents-learn Config/training_config.yaml --run-id=run_batch_size66_buffer_size4900_learning_rate0.0002_beta0.0011_epsilon0.3 --time-scale=20 --env=3DBall_environment/UnityEnvironment.exe --no-graphics",
        "mlagents_version": "1.0.0",
        "mlagents_envs_version": "1.0.0",
        "communication_protocol_version": "1.5.0",
        "pytorch_version": "2.9.1+cpu",
        "numpy_version": "1.23.5",
        "end_time_seconds": "1765199272"
    },
    "total": 28.57192259997828,
    "count": 1,
    "self": 0.19828750001033768,
    "children": {
        "run_training.setup": {
            "total": 0.0836039999849163,
            "count": 1,
            "self": 0.0836039999849163
        },
        "TrainerController.start_learning": {
            "total": 28.290031099983025,
            "count": 1,
            "self": 0.04496560071129352,
            "children": {
                "TrainerController._reset_env": {
                    "total": 3.541888400010066,
                    "count": 1,
                    "self": 3.541888400010066
                },
                "TrainerController.advance": {
                    "total": 24.696299599279882,
                    "count": 5370,
                    "self": 0.04475110094062984,
                    "children": {
                        "env_step": {
                            "total": 14.829395999055123,
                            "count": 5370,
                            "self": 13.050177000142867,
                            "children": {
                                "SubprocessEnvManager._take_step": {
                                    "total": 1.7475435994565487,
                                    "count": 5370,
                                    "self": 0.12768259982112795,
                                    "children": {
                                        "TorchPolicy.evaluate": {
                                            "total": 1.6198609996354207,
                                            "count": 4556,
                                            "self": 1.6198609996354207
                                        }
                                    }
                                },
                                "workers": {
                                    "total": 0.03167539945570752,
                                    "count": 5370,
                                    "self": 0.0,
                                    "children": {
                                        "worker_root": {
                                            "total": 25.303797698870767,
                                            "count": 5370,
                                            "is_parallel": true,
                                            "self": 15.175573398650158,
                                            "children": {
                                                "steps_from_proto": {
                                                    "total": 0.0003212000010535121,
                                                    "count": 1,