{
    "name": "root",
    "gauges": {
        "3DBall.Policy.Entropy.mean": {
            "value": 1.415043830871582,
            "min": 1.415043830871582,
            "max": 1.4189382791519165,
            "count": 4
        },
        "3DBall.Policy.Entropy.sum": {
            "value": 16946.564453125,
            "min": 16946.564453125,
            "max": 17197.53125,
            "count": 4
        },
        "3DBall.Environment.EpisodeLength.mean": {
            "value": 34.832835820895525,
            "min": 22.577603143418468,
            "max": 34.832835820895525,
            "count": 4
        },
        "3DBall.Environment.EpisodeLength.sum": {
            "value": 11669.0,
            "min": 11492.0,
            "max": 11669.0,
            "count": 4
        },
        "3DBall.Step.mean": {
            "value": 47996.0,
            "min": 11974.0,
            "max": 47996.0,
            "count": 4
        },
        "3DBall.Step.sum": {
            "value": 47996.0,
            "min": 11974.0,
            "max": 47996.0,
            "count": 4
        },
        "3DBall.Policy.ExtrinsicValueEstimate.mean": {
            "value": 0.5489920377731323,
            "min": 0.12163203209638596,
            "max": 0.5489920377731323,
            "count": 4
        },
        "3DBall.Policy.ExtrinsicValueEstimate.sum": {
            "value": 184.46131896972656,
            "min": 61.7890739440918,
            "max": 184.46131896972656,
            "count": 4
        },
        "3DBall.Environment.CumulativeReward.mean": {
            "value": 2.472023786178657,
            "min": 1.2570865682260257,
            "max": 2.472023786178657,
            "count": 4
        },
        "3DBall.Environment.CumulativeReward.sum": {
            "value": 830.5999921560287,
            "min": 638.5999766588211,
            "max": 830.5999921560287,
            "count": 4
        },
        "3DBall.Policy.ExtrinsicReward.mean": {
            "value": 2.472023786178657,
            "min": 1.2570865682260257,
            "max": 2.472023786178657,
            "count": 4
        },
        "3DBall.Policy.ExtrinsicReward.sum": {
            "value": 830.5999921560287,
            "min": 638.5999766588211,
            "max": 830.5999921560287,
            "count": 4
        },
        "3DBall.IsTraining.mean": {
            "value": 1.0,
            "min": 1.0,
            "max": 1.0,
            "count": 4
        },
        "3DBall.IsTraining.sum": {
            "value": 1.0,
            "min": 1.0,
            "max": 1.0,
            "count": 4
        },
        "3DBall.Losses.PolicyLoss.mean": {
            "value": 0.09665509664098462,
            "min": 0.09357587375762094,
            "max": 0.09665509664098462,
            "count": 3
        },
        "3DBall.Losses.PolicyLoss.sum": {
            "value": 0.09665509664098462,
            "min": 0.09357587375762094,
            "max": 0.09665509664098462,
            "count": 3
        },
        "3DBall.Losses.ValueLoss.mean": {
            "value": 0.49255478726818697,
            "min": 0.3610431827699769,
            "max": 0.49255478726818697,
            "count": 3
        },
        "3DBall.Losses.ValueLoss.sum": {
            "value": 0.49255478726818697,
            "min": 0.3610431827699769,
            "max": 0.49255478726818697,
            "count": 3
        },
        "3DBall.Policy.LearningRate.mean": {
            "value": 9.273220726780002e-05,
            "min": 9.273220726780002e-05,
            "max": 9.757900242100001e-05,
            "count": 3
        },
        "3DBall.Policy.LearningRate.sum": {
            "value": 9.273220726780002e-05,
            "min": 9.273220726780002e-05,
            "max": 9.757900242100001e-05,
            "count": 3
        },
        "3DBall.Policy.Epsilon.mean": {
            "value": 0.2854644,
            "min": 0.2854644,
            "max": 0.295158,
            "count": 3
        },
        "3DBall.Policy.Epsilon.sum": {
            "value": 0.2854644,
            "min": 0.2854644,
            "max": 0.295158,
            "count": 3
        },
        "3DBall.Policy.Beta.mean": {
            "value": 0.0012989775799999998,
            "min": 0.0012989775799999998,
            "max": 0.0013663481,
            "count": 3
        },
        "3DBall.Policy.Beta.sum": {
            "value": 0.0012989775799999998,
            "min": 0.0012989775799999998,
            "max": 0.0013663481,
            "count": 3
        }
    },
    "metadata": {
        "timer_format_version": "0.1.0",
        "start_time_seconds": "1765212393",
        "python_version": "3.10.11 (tags/v3.10.11:7d4cc5a, Apr  5 2023, 00:38:17) [MSC v.1929 64 bit (AMD64)]",
        "command_line_arguments": "C:\\Users\\moebn\\Documents\\University\\Project 2-1\\project_2_1_group_7\\venv\\Scripts\\mlagents-learn Config/training_config.yaml --run-id=run_batch_size66_buffer_size12100_learning_rate0.0001_beta0.0014_epsilon0.3 --time-scale=20 --env=3DBall_environment/UnityEnvironment.exe --no-graphics",
        "mlagents_version": "1.0.0",
        "mlagents_envs_version": "1.0.0",
        "communication_protocol_version": "1.5.0",
        "pytorch_version": "2.9.1+cpu",
        "numpy_version": "1.23.5",
        "end_time_seconds": "1765212423"
    },
    "total": 29.5456057000265,
    "count": 1,
    "self": 0.18434989999514073,
    "children": {
        "run_training.setup": {
            "total": 0.08641390001866966,
            "count": 1,
            "self": 0.08641390001866966
        },
        "TrainerController.start_learning": {
            "total": 29.27484190001269,
            "count": 1,
            "self": 0.04959380134823732,
            "children": {
                "TrainerController._reset_env": {
                    "total": 4.839879500010284,
                    "count": 1,
                    "self": 4.839879500010284
                },
                "TrainerController.advance": {
                    "total": 24.378726798662683,
                    "count": 5575,
                    "self": 0.04848899686476216,
                    "children": {
                        "env_step": {
                            "total": 14.092360901617212,
                            "count": 5575,
                            "self": 12.510458103206474,
                            "children": {
                                "SubprocessEnvManager._take_step": {
                                    "total": 1.5480714993609581,
                                    "count": 5575,
                                    "self": 0.12254450030741282,
                                    "children": {
                                        "TorchPolicy.evaluate": {
                                            "total": 1.4255269990535453,
                                            "count": 4193,
                                            "self": 1.4255269990535453
                                        }
                                    }
                                },
                                "workers": {
                                    "total": 0.03383129904977977,
                                    "count": 5575,
                                    "self": 0.0,
                                    "children": {
                                        "worker_root": {
                                            "total": 25.15984420082532,
                                            "count": 5575,
                                            "is_parallel": true,
                                            "self": 15.643704101064941,
                                            "children": {
                                                "steps_from_proto": {
                                                    "total": 0.0010012999991886318,
                                                    "count": 1,
                                                    "is_parallel": true,