{
    "name": "root",
    "gauges": {
        "3DBall.Policy.Entropy.mean": {
            "value": 1.3902666568756104,
            "min": 1.3902666568756104,
            "max": 1.4195553064346313,
            "count": 4
        },
        "3DBall.Policy.Entropy.sum": {
            "value": 16733.25,
            "min": 16733.25,
            "max": 17214.55859375,
            "count": 4
        },
        "3DBall.Environment.EpisodeLength.mean": {
            "value": 33.713872832369944,
            "min": 21.323420074349443,
            "max": 33.713872832369944,
            "count": 4
        },
        "3DBall.Environment.EpisodeLength.sum": {
            "value": 11665.0,
            "min": 11472.0,
            "max": 11665.0,
            "count": 4
        },
        "3DBall.Step.mean": {
            "value": 47997.0,
            "min": 11979.0,
            "max": 47997.0,
            "count": 4
        },
        "3DBall.Step.sum": {
            "value": 47997.0,
            "min": 11979.0,
            "max": 47997.0,
            "count": 4
        },
        "3DBall.Policy.ExtrinsicValueEstimate.mean": {
            "value": 0.543387234210968,
            "min": -0.23830898106098175,
            "max": 0.543387234210968,
            "count": 4
        },
        "3DBall.Policy.ExtrinsicValueEstimate.sum": {
            "value": 188.01197814941406,
            "min": -127.971923828125,
            "max": 188.01197814941406,
            "count": 4
        },
        "3DBall.Environment.CumulativeReward.mean": {
            "value": 2.3713872057165024,
            "min": 1.1307262286571595,
            "max": 2.3713872057165024,
            "count": 4
        },
        "3DBall.Environment.CumulativeReward.sum": {
            "value": 820.4999731779099,
            "min": 607.1999847888947,
            "max": 820.4999731779099,
            "count": 4
        },
        "3DBall.Policy.ExtrinsicReward.mean": {
            "value": 2.3713872057165024,
            "min": 1.1307262286571595,
            "max": 2.3713872057165024,
            "count": 4
        },
        "3DBall.Policy.ExtrinsicReward.sum": {
            "value": 820.4999731779099,
            "min": 607.1999847888947,
            "max": 820.4999731779099,
            "count": 4
        },
        "3DBall.IsTraining.mean": {
            "value": 1.0,
            "min": 1.0,
            "max": 1.0,
            "count": 4
        },
        "3DBall.IsTraining.sum": {
            "value": 1.0,
            "min": 1.0,
            "max": 1.0,
            "count": 4
        },
        "3DBall.Losses.PolicyLoss.mean": {
            "value": 0.10480129018683408,
            "min": 0.10480129018683408,
            "max": 0.11009277937914144,
            "count": 3
        },
        "3DBall.Losses.PolicyLoss.sum": {
            "value": 0.10480129018683408,
            "min": 0.10480129018683408,
            "max": 0.11009277937914144,
            "count": 3
        },
        "3DBall.Losses.ValueLoss.mean": {
            "value": 0.26697319743838926,
            "min": 0.2083225410475194,
            "max": 0.26697319743838926,
            "count": 3
        },
        "3DBall.Losses.ValueLoss.sum": {
            "value": 0.26697319743838926,
            "min": 0.2083225410475194,
            "max": 0.26697319743838926,
            "count": 3
        },
        "3DBall.Policy.LearningRate.mean": {
            "value": 0.00037094640726340007,
            "min": 0.00037094640726340007,
            "max": 0.00039031760242060016,
            "count": 3
        },
        "3DBall.Policy.LearningRate.sum": {
            "value": 0.00037094640726340007,
            "min": 0.00037094640726340007,
            "max": 0.00039031760242060016,
            "count": 3
        },
        "3DBall.Policy.Epsilon.mean": {
            "value": 0.23910490000000004,
            "min": 0.23910490000000004,
            "max": 0.24636909999999995,
            "count": 3
        },
        "3DBall.Policy.Epsilon.sum": {
            "value": 0.23910490000000004,
            "min": 0.23910490000000004,
            "max": 0.24636909999999995,
            "count": 3
        },
        "3DBall.Policy.Beta.mean": {
            "value": 0.0012990387399999998,
            "min": 0.0012990387399999998,
            "max": 0.0013663536599999998,
            "count": 3
        },
        "3DBall.Policy.Beta.sum": {
            "value": 0.0012990387399999998,
            "min": 0.0012990387399999998,
            "max": 0.0013663536599999998,
            "count": 3
        }
    },
    "metadata": {
        "timer_format_version": "0.1.0",
        "start_time_seconds": "1765152709",
        "python_version": "3.10.11 (tags/v3.10.11:7d4cc5a, Apr  5 2023, 00:38:17) [MSC v.1929 64 bit (AMD64)]",
        "command_line_arguments": "C:\\Users\\moebn\\Documents\\University\\Project 2-1\\project_2_1_group_7\\venv\\Scripts\\mlagents-learn Config/training_config.yaml --run-id=run_batch_size53_buffer_size12100_learning_rate0.0004_beta0.0014_epsilon0.25 --time-scale=20 --env=3DBall_environment/UnityEnvironment.exe --no-graphics",
        "mlagents_version": "1.0.0",
        "mlagents_envs_version": "1.0.0",
        "communication_protocol_version": "1.5.0",
        "pytorch_version": "2.9.1+cpu",
        "numpy_version": "1.23.5",
        "end_time_seconds": "1765152741"
    },
    "total": 31.908878000016557,
    "count": 1,
    "self": 0.20619150003767572,
    "children": {
        "run_training.setup": {
            "total": 0.07110390000161715,
            "count": 1,
            "self": 0.07110390000161715
        },
        "TrainerController.start_learning": {
            "total": 31.631582599977264,
            "count": 1,
            "self": 0.049185698706423864,
            "children": {
                "TrainerController._reset_env": {
                    "total": 6.083520699990913,
                    "count": 1,
                    "self": 6.083520699990913
                },
                "TrainerController.advance": {
                    "total": 25.49245320126647,
                    "count": 5623,
                    "self": 0.048756002011941746,
                    "children": {
                        "env_step": {
                            "total": 14.214427000057185,
                            "count": 5623,
                            "self": 12.69212220076588,
                            "children": {
                                "SubprocessEnvManager._take_step": {
                                    "total": 1.4884733998333104,
                                    "count": 5623,
                                    "self": 0.12139129993738607,
                                    "children": {
                                        "TorchPolicy.evaluate": {
                                            "total": 1.3670820998959243,
                                            "count": 4210,
                                            "self": 1.3670820998959243
                                        }
                                    }
                                },
                                "workers": {
                                    "total": 0.03383139945799485,
                                    "count": 5623,
                                    "self": 0.0,
                                    "children": {
                                        "worker_root": {
                                            "total": 26.08004980100668,
                                            "count": 5623,
                                            "is_parallel": true,
                                            "self": 16.38188930193428,
                                            "children": {
                                                "steps_from_proto": {
                                                    "total": 0.000301199994282797,
                                                    "count": 1,