{
    "name": "root",
    "gauges": {
        "3DBall.Policy.Entropy.mean": {
            "value": 1.4190541505813599,
            "min": 1.4189382791519165,
            "max": 1.4206771850585938,
            "count": 4
        },
        "3DBall.Policy.Entropy.sum": {
            "value": 17028.650390625,
            "min": 16997.294921875,
            "max": 17282.66796875,
            "count": 4
        },
        "3DBall.Environment.EpisodeLength.mean": {
            "value": 23.130522088353413,
            "min": 21.810246679316887,
            "max": 23.130522088353413,
            "count": 4
        },
        "3DBall.Environment.EpisodeLength.sum": {
            "value": 11519.0,
            "min": 11464.0,
            "max": 11519.0,
            "count": 4
        },
        "3DBall.Step.mean": {
            "value": 47994.0,
            "min": 11981.0,
            "max": 47994.0,
            "count": 4
        },
        "3DBall.Step.sum": {
            "value": 47994.0,
            "min": 11981.0,
            "max": 47994.0,
            "count": 4
        },
        "3DBall.Policy.ExtrinsicValueEstimate.mean": {
            "value": 0.22735360264778137,
            "min": 0.15416331589221954,
            "max": 0.2682787775993347,
            "count": 4
        },
        "3DBall.Policy.ExtrinsicValueEstimate.sum": {
            "value": 113.22209167480469,
            "min": 80.01075744628906,
            "max": 141.11463928222656,
            "count": 4
        },
        "3DBall.Environment.CumulativeReward.mean": {
            "value": 1.3122489455952702,
            "min": 1.1777566282694785,
            "max": 1.3122489455952702,
            "count": 4
        },
        "3DBall.Environment.CumulativeReward.sum": {
            "value": 653.4999749064445,
            "min": 619.4999864697456,
            "max": 653.4999749064445,
            "count": 4
        },
        "3DBall.Policy.ExtrinsicReward.mean": {
            "value": 1.3122489455952702,
            "min": 1.1777566282694785,
            "max": 1.3122489455952702,
            "count": 4
        },
        "3DBall.Policy.ExtrinsicReward.sum": {
            "value": 653.4999749064445,
            "min": 619.4999864697456,
            "max": 653.4999749064445,
            "count": 4
        },
        "3DBall.IsTraining.mean": {
            "value": 1.0,
            "min": 1.0,
            "max": 1.0,
            "count": 4
        },
        "3DBall.IsTraining.sum": {
            "value": 1.0,
            "min": 1.0,
            "max": 1.0,
            "count": 4
        },
        "3DBall.Losses.PolicyLoss.mean": {
            "value": 0.6987703203430545,
            "min": 0.6987703203430545,
            "max": 0.7855090457415087,
            "count": 2
        },
        "3DBall.Losses.PolicyLoss.sum": {
            "value": 0.6987703203430545,
            "min": 0.6987703203430545,
            "max": 0.7855090457415087,
            "count": 2
        },
        "3DBall.Losses.ValueLoss.mean": {
            "value": 0.1935054266722242,
            "min": 0.17824468151857978,
            "max": 0.1935054266722242,
            "count": 2
        },
        "3DBall.Losses.ValueLoss.sum": {
            "value": 0.1935054266722242,
            "min": 0.17824468151857978,
            "max": 0.1935054266722242,
            "count": 2
        },
        "3DBall.Policy.LearningRate.mean": {
            "value": 9.131700868300002e-05,
            "min": 9.131700868300002e-05,
            "max": 9.565820434179999e-05,
            "count": 2
        },
        "3DBall.Policy.LearningRate.sum": {
            "value": 9.131700868300002e-05,
            "min": 9.131700868300002e-05,
            "max": 9.565820434179999e-05,
            "count": 2
        },
        "3DBall.Policy.Epsilon.mean": {
            "value": 0.10000000000000002,
            "min": 0.1,
            "max": 0.10000000000000002,
            "count": 2
        },
        "3DBall.Policy.Epsilon.sum": {
            "value": 0.10000000000000002,
            "min": 0.1,
            "max": 0.10000000000000002,
            "count": 2
        },
        "3DBall.Policy.Beta.mean": {
            "value": 0.0010053553000000002,
            "min": 0.0010053553000000002,
            "max": 0.0010526743800000002,
            "count": 2
        },
        "3DBall.Policy.Beta.sum": {
            "value": 0.0010053553000000002,
            "min": 0.0010053553000000002,
            "max": 0.0010526743800000002,
            "count": 2
        }
    },
    "metadata": {
        "timer_format_version": "0.1.0",
        "start_time_seconds": "1764873294",
        "python_version": "3.10.11 (tags/v3.10.11:7d4cc5a, Apr  5 2023, 00:38:17) [MSC v.1929 64 bit (AMD64)]",
        "command_line_arguments": "C:\\Users\\moebn\\Documents\\University\\Project 2-1\\project_2_1_group_7\\venv\\Scripts\\mlagents-learn Config/training_config.yaml --run-id=run_batch_size1_buffer_size21700_learning_rate0.0001_beta0.0011_epsilon0.1 --time-scale=20 --env=3DBall_environment/UnityEnvironment.exe --no-graphics",
        "mlagents_version": "1.0.0",
        "mlagents_envs_version": "1.0.0",
        "communication_protocol_version": "1.5.0",
        "pytorch_version": "2.9.1+cpu",
        "numpy_version": "1.23.5",
        "end_time_seconds": "1764873553"
    },
    "total": 258.66878419999557,
    "count": 1,
    "self": 0.18544719999772497,
    "children": {
        "run_training.setup": {
            "total": 0.06624269999883836,
            "count": 1,
            "self": 0.06624269999883836
        },
        "TrainerController.start_learning": {
            "total": 258.417094299999,
            "count": 1,
            "self": 0.050630699850444216,
            "children": {
                "TrainerController._reset_env": {
                    "total": 3.5856580000036047,
                    "count": 1,
                    "self": 3.5856580000036047
                },
                "TrainerController.advance": {
                    "total": 254.77467710014753,
                    "count": 5772,
                    "self": 0.04919430031441152,
                    "children": {
                        "env_step": {
                            "total": 14.11672410009487,
                            "count": 5772,
                            "self": 12.50347950046853,
                            "children": {
                                "SubprocessEnvManager._take_step": {
                                    "total": 1.5788798996363766,
                                    "count": 5772,
                                    "self": 0.179897099333175,
                                    "children": {
                                        "TorchPolicy.evaluate": {
                                            "total": 1.3989828003032017,
                                            "count": 4177,
                                            "self": 1.3989828003032017
                                        }
                                    }
                                },
                                "workers": {
                                    "total": 0.03436469998996472,
                                    "count": 5772,
                                    "self": 0.0,
                                    "children": {
                                        "worker_root": {
                                            "total": 255.4778331001362,
                                            "count": 5772,
                                            "is_parallel": true,
                                            "self": 245.95542710016161,
                                            "children": {
                                                "steps_from_proto": {
                                                    "total": 0.00028559999918797985,
                                                    "count": 1,