{
    "name": "root",
    "gauges": {
        "3DBall.Policy.Entropy.mean": {
            "value": 1.2357566356658936,
            "min": 1.2357566356658936,
            "max": 1.409130334854126,
            "count": 4
        },
        "3DBall.Policy.Entropy.sum": {
            "value": 16104.380859375,
            "min": 16104.380859375,
            "max": 19869.525390625,
            "count": 4
        },
        "3DBall.Environment.EpisodeLength.mean": {
            "value": 532.2272727272727,
            "min": 23.126506024096386,
            "max": 532.2272727272727,
            "count": 4
        },
        "3DBall.Environment.EpisodeLength.sum": {
            "value": 11709.0,
            "min": 11517.0,
            "max": 12372.0,
            "count": 4
        },
        "3DBall.Step.mean": {
            "value": 47187.0,
            "min": 11990.0,
            "max": 47187.0,
            "count": 4
        },
        "3DBall.Step.sum": {
            "value": 47187.0,
            "min": 11990.0,
            "max": 47187.0,
            "count": 4
        },
        "3DBall.Policy.ExtrinsicValueEstimate.mean": {
            "value": 7.439971923828125,
            "min": 0.1364523321390152,
            "max": 7.439971923828125,
            "count": 4
        },
        "3DBall.Policy.ExtrinsicValueEstimate.sum": {
            "value": 163.67938232421875,
            "min": 67.81681060791016,
            "max": 208.15411376953125,
            "count": 4
        },
        "3DBall.Environment.CumulativeReward.mean": {
            "value": 50.53637062419545,
            "min": 1.3124748070235224,
            "max": 50.53637062419545,
            "count": 4
        },
        "3DBall.Environment.CumulativeReward.sum": {
            "value": 1111.8001537322998,
            "min": 652.2999790906906,
            "max": 1129.500169634819,
            "count": 4
        },
        "3DBall.Policy.ExtrinsicReward.mean": {
            "value": 50.53637062419545,
            "min": 1.3124748070235224,
            "max": 50.53637062419545,
            "count": 4
        },
        "3DBall.Policy.ExtrinsicReward.sum": {
            "value": 1111.8001537322998,
            "min": 652.2999790906906,
            "max": 1129.500169634819,
            "count": 4
        },
        "3DBall.Losses.PolicyLoss.mean": {
            "value": 0.6656269289314571,
            "min": 0.6656269289314571,
            "max": 0.8233722376026008,
            "count": 4
        },
        "3DBall.Losses.PolicyLoss.sum": {
            "value": 1.3312538578629143,
            "min": 1.3312538578629143,
            "max": 2.4701167128078025,
            "count": 4
        },
        "3DBall.Losses.ValueLoss.mean": {
            "value": 2.201855077933434,
            "min": 0.17577498383626888,
            "max": 2.383616564083366,
            "count": 4
        },
        "3DBall.Losses.ValueLoss.sum": {
            "value": 4.403710155866868,
            "min": 0.35154996767253777,
            "max": 7.150849692250098,
            "count": 4
        },
        "3DBall.Policy.LearningRate.mean": {
            "value": 0.00045782250843549996,
            "min": 0.00045782250843549996,
            "max": 0.0004926420014715999,
            "count": 4
        },
        "3DBall.Policy.LearningRate.sum": {
            "value": 0.0009156450168709999,
            "min": 0.0009156450168709999,
            "max": 0.0014113890177221997,
            "count": 4
        },
        "3DBall.Policy.Epsilon.mean": {
            "value": 0.28312899999999996,
            "min": 0.28312899999999996,
            "max": 0.29705679999999995,
            "count": 4
        },
        "3DBall.Policy.Epsilon.sum": {
            "value": 0.5662579999999999,
            "min": 0.5662579999999999,
            "max": 0.8645556,
            "count": 4
        },
        "3DBall.Policy.Beta.mean": {
            "value": 0.00100805305,
            "min": 0.00100805305,
            "max": 0.0010839595600000002,
            "count": 4
        },
        "3DBall.Policy.Beta.sum": {
            "value": 0.0020161061,
            "min": 0.0020161061,
            "max": 0.0031068280199999993,
            "count": 4
        },
        "3DBall.IsTraining.mean": {
            "value": 1.0,
            "min": 1.0,
            "max": 1.0,
            "count": 4
        },
        "3DBall.IsTraining.sum": {
            "value": 1.0,
            "min": 1.0,
            "max": 1.0,
            "count": 4
        }
    },
    "metadata": {
        "timer_format_version": "0.1.0",
        "start_time_seconds": "1764668527",
        "python_version": "3.10.11 (tags/v3.10.11:7d4cc5a, Apr  5 2023, 00:38:17) [MSC v.1929 64 bit (AMD64)]",
        "command_line_arguments": "C:\\Users\\moebn\\Documents\\University\\Project 2-1\\project_2_1_group_7\\venv\\Scripts\\mlagents-learn Config/training_config.yaml --run-id=run_batch_size1_buffer_size4900_learning_rate0.0005_beta0.0011_epsilon0.3 --time-scale=20 --env=3DBall_environment/UnityEnvironment.exe --no-graphics",
        "mlagents_version": "1.0.0",
        "mlagents_envs_version": "1.0.0",
        "communication_protocol_version": "1.5.0",
        "pytorch_version": "2.9.1+cpu",
        "numpy_version": "1.23.5",
        "end_time_seconds": "1764668781"
    },
    "total": 253.72338489999674,
    "count": 1,
    "self": 0.16510369999014074,
    "children": {
        "run_training.setup": {
            "total": 0.06460430000151973,
            "count": 1,
            "self": 0.06460430000151973
        },
        "TrainerController.start_learning": {
            "total": 253.49367690000508,
            "count": 1,
            "self": 0.044580999870959204,
            "children": {
                "TrainerController._reset_env": {
                    "total": 3.408492500006105,
                    "count": 1,
                    "self": 3.408492500006105
                },
                "TrainerController.advance": {
                    "total": 250.03411840012268,
                    "count": 5369,
                    "self": 0.0447828005781048,
                    "children": {
                        "env_step": {
                            "total": 14.92284439974901,
                            "count": 5369,
                            "self": 13.2326545996184,
                            "children": {
                                "SubprocessEnvManager._take_step": {
                                    "total": 1.658236300216231,
                                    "count": 5369,
                                    "self": 0.13102350010740338,
                                    "children": {
                                        "TorchPolicy.evaluate": {
                                            "total": 1.5272128001088277,
                                            "count": 4690,
                                            "self": 1.5272128001088277
                                        }
                                    }
                                },
                                "workers": {
                                    "total": 0.03195349991437979,
                                    "count": 5369,
                                    "self": 0.0,
                                    "children": {
                                        "worker_root": {
                                            "total": 250.5979156997564,
                                            "count": 5369,
                                            "is_parallel": true,
                                            "self": 240.33530849976523,
                                            "children": {
                                                "steps_from_proto": {
                                                    "total": 0.00022209999588085338,
                                                    "count": 1,