{
    "name": "root",
    "gauges": {
        "3DBall.Policy.Entropy.mean": {
            "value": 1.398600459098816,
            "min": 1.398600459098816,
            "max": 1.4171156883239746,
            "count": 4
        },
        "3DBall.Policy.Entropy.sum": {
            "value": 18948.23828125,
            "min": 16987.7109375,
            "max": 18948.23828125,
            "count": 4
        },
        "3DBall.Environment.EpisodeLength.mean": {
            "value": 113.25714285714285,
            "min": 22.558823529411764,
            "max": 113.25714285714285,
            "count": 4
        },
        "3DBall.Environment.EpisodeLength.sum": {
            "value": 11892.0,
            "min": 11505.0,
            "max": 11892.0,
            "count": 4
        },
        "3DBall.Step.mean": {
            "value": 47922.0,
            "min": 11996.0,
            "max": 47922.0,
            "count": 4
        },
        "3DBall.Step.sum": {
            "value": 47922.0,
            "min": 11996.0,
            "max": 47922.0,
            "count": 4
        },
        "3DBall.Policy.ExtrinsicValueEstimate.mean": {
            "value": 2.0112762451171875,
            "min": 0.03997088223695755,
            "max": 2.0112762451171875,
            "count": 4
        },
        "3DBall.Policy.ExtrinsicValueEstimate.sum": {
            "value": 211.1840057373047,
            "min": 20.345178604125977,
            "max": 211.1840057373047,
            "count": 4
        },
        "3DBall.Environment.CumulativeReward.mean": {
            "value": 10.267620535123916,
            "min": 1.256777964547013,
            "max": 10.267620535123916,
            "count": 4
        },
        "3DBall.Environment.CumulativeReward.sum": {
            "value": 1078.1001561880112,
            "min": 639.6999839544296,
            "max": 1078.1001561880112,
            "count": 4
        },
        "3DBall.Policy.ExtrinsicReward.mean": {
            "value": 10.267620535123916,
            "min": 1.256777964547013,
            "max": 10.267620535123916,
            "count": 4
        },
        "3DBall.Policy.ExtrinsicReward.sum": {
            "value": 1078.1001561880112,
            "min": 639.6999839544296,
            "max": 1078.1001561880112,
            "count": 4
        },
        "3DBall.Losses.PolicyLoss.mean": {
            "value": 0.15080960686698208,
            "min": 0.14768864036896798,
            "max": 0.15497808866812618,
            "count": 4
        },
        "3DBall.Losses.PolicyLoss.sum": {
            "value": 0.30161921373396416,
            "min": 0.14768864036896798,
            "max": 0.30995617733625236,
            "count": 4
        },
        "3DBall.Losses.ValueLoss.mean": {
            "value": 2.4731306928874375,
            "min": 0.3834398512458632,
            "max": 2.4731306928874375,
            "count": 4
        },
        "3DBall.Losses.ValueLoss.sum": {
            "value": 4.946261385774875,
            "min": 0.4607420470887496,
            "max": 4.946261385774875,
            "count": 4
        },
        "3DBall.Policy.LearningRate.mean": {
            "value": 9.192440807560001e-05,
            "min": 9.192440807560001e-05,
            "max": 9.85384014616e-05,
            "count": 4
        },
        "3DBall.Policy.LearningRate.sum": {
            "value": 0.00018384881615120003,
            "min": 9.41424058576e-05,
            "max": 0.0001926862073138,
            "count": 4
        },
        "3DBall.Policy.Epsilon.mean": {
            "value": 0.2838488,
            "min": 0.2838488,
            "max": 0.2970768000000001,
            "count": 4
        },
        "3DBall.Policy.Epsilon.sum": {
            "value": 0.5676976,
            "min": 0.2882848,
            "max": 0.5853724000000001,
            "count": 4
        },
        "3DBall.Policy.Beta.mean": {
            "value": 0.00101197596,
            "min": 0.00101197596,
            "max": 0.00108406856,
            "count": 4
        },
        "3DBall.Policy.Beta.sum": {
            "value": 0.00202395192,
            "min": 0.0010361521599999998,
            "max": 0.0021202795800000004,
            "count": 4
        },
        "3DBall.IsTraining.mean": {
            "value": 1.0,
            "min": 1.0,
            "max": 1.0,
            "count": 4
        },
        "3DBall.IsTraining.sum": {
            "value": 1.0,
            "min": 1.0,
            "max": 1.0,
            "count": 4
        }
    },
    "metadata": {
        "timer_format_version": "0.1.0",
        "start_time_seconds": "1765047578",
        "python_version": "3.10.11 (tags/v3.10.11:7d4cc5a, Apr  5 2023, 00:38:17) [MSC v.1929 64 bit (AMD64)]",
        "command_line_arguments": "C:\\Users\\moebn\\Documents\\University\\Project 2-1\\project_2_1_group_7\\venv\\Scripts\\mlagents-learn Config/training_config.yaml --run-id=run_batch_size27_buffer_size7300_learning_rate0.0001_beta0.0011_epsilon0.3 --time-scale=20 --env=3DBall_environment/UnityEnvironment.exe --no-graphics",
        "mlagents_version": "1.0.0",
        "mlagents_envs_version": "1.0.0",
        "communication_protocol_version": "1.5.0",
        "pytorch_version": "2.9.1+cpu",
        "numpy_version": "1.23.5",
        "end_time_seconds": "1765047612"
    },
    "total": 33.308314599998994,
    "count": 1,
    "self": 0.16210939998563845,
    "children": {
        "run_training.setup": {
            "total": 0.06616500001109671,
            "count": 1,
            "self": 0.06616500001109671
        },
        "TrainerController.start_learning": {
            "total": 33.08004020000226,
            "count": 1,
            "self": 0.04573970071214717,
            "children": {
                "TrainerController._reset_env": {
                    "total": 3.4060534999880474,
                    "count": 1,
                    "self": 3.4060534999880474
                },
                "TrainerController.advance": {
                    "total": 29.621463999312255,
                    "count": 5420,
                    "self": 0.044105699518695474,
                    "children": {
                        "env_step": {
                            "total": 14.127957000295282,
                            "count": 5420,
                            "self": 12.498178701251163,
                            "children": {
                                "SubprocessEnvManager._take_step": {
                                    "total": 1.5978386991919251,
                                    "count": 5420,
                                    "self": 0.1226401988969883,
                                    "children": {
                                        "TorchPolicy.evaluate": {
                                            "total": 1.4751985002949368,
                                            "count": 4394,
                                            "self": 1.4751985002949368
                                        }
                                    }
                                },
                                "workers": {
                                    "total": 0.03193959985219408,
                                    "count": 5420,
                                    "self": 0.0,
                                    "children": {
                                        "worker_root": {
                                            "total": 30.200791599607328,
                                            "count": 5420,
                                            "is_parallel": true,
                                            "self": 20.5374072992563,
                                            "children": {
                                                "steps_from_proto": {
                                                    "total": 0.0003345000004628673,
                                                    "count": 1,
                                                    "is_parallel": true,