{
    "name": "root",
    "gauges": {
        "3DBall.Policy.Entropy.mean": {
            "value": 1.2248167991638184,
            "min": 1.220867395401001,
            "max": 1.4189974069595337,
            "count": 41
        },
        "3DBall.Policy.Entropy.sum": {
            "value": 14697.8017578125,
            "min": 12734.73046875,
            "max": 18120.38671875,
            "count": 41
        },
        "3DBall.Environment.EpisodeLength.mean": {
            "value": 999.0,
            "min": 21.461682242990655,
            "max": 999.0,
            "count": 41
        },
        "3DBall.Environment.EpisodeLength.sum": {
            "value": 11988.0,
            "min": 11468.0,
            "max": 12511.0,
            "count": 41
        },
        "3DBall.Step.mean": {
            "value": 491708.0,
            "min": 11998.0,
            "max": 491708.0,
            "count": 41
        },
        "3DBall.Step.sum": {
            "value": 491708.0,
            "min": 11998.0,
            "max": 491708.0,
            "count": 41
        },
        "3DBall.Policy.ExtrinsicValueEstimate.mean": {
            "value": 9.994256019592285,
            "min": 0.1669979840517044,
            "max": 10.004570960998535,
            "count": 41
        },
        "3DBall.Policy.ExtrinsicValueEstimate.sum": {
            "value": 119.93107604980469,
            "min": 89.17692565917969,
            "max": 366.2958068847656,
            "count": 41
        },
        "3DBall.Environment.CumulativeReward.mean": {
            "value": 100.00001525878906,
            "min": 1.1468164472097762,
            "max": 100.00001525878906,
            "count": 41
        },
        "3DBall.Environment.CumulativeReward.sum": {
            "value": 1200.0001831054688,
            "min": 612.3999828100204,
            "max": 1237.9001922607422,
            "count": 41
        },
        "3DBall.Policy.ExtrinsicReward.mean": {
            "value": 100.00001525878906,
            "min": 1.1468164472097762,
            "max": 100.00001525878906,
            "count": 41
        },
        "3DBall.Policy.ExtrinsicReward.sum": {
            "value": 1200.0001831054688,
            "min": 612.3999828100204,
            "max": 1237.9001922607422,
            "count": 41
        },
        "3DBall.Losses.PolicyLoss.mean": {
            "value": 0.18282816828115847,
            "min": 0.15863049044735258,
            "max": 0.2097152278837973,
            "count": 41
        },
        "3DBall.Losses.PolicyLoss.sum": {
            "value": 0.18282816828115847,
            "min": 0.15863049044735258,
            "max": 0.4063060813971543,
            "count": 41
        },
        "3DBall.Losses.ValueLoss.mean": {
            "value": 0.0007403655893465974,
            "min": 0.0006361763533985297,
            "max": 3.609590619802475,
            "count": 41
        },
        "3DBall.Losses.ValueLoss.sum": {
            "value": 0.0007403655893465974,
            "min": 0.0006361763533985297,
            "max": 5.906406226131857,
            "count": 41
        },
        "3DBall.Policy.LearningRate.mean": {
            "value": 2.4584097541600052e-05,
            "min": 2.4584097541600052e-05,
            "max": 0.0009835900016409997,
            "count": 41
        },
        "3DBall.Policy.LearningRate.sum": {
            "value": 2.4584097541600052e-05,
            "min": 2.4584097541600052e-05,
            "max": 0.0018850460114953997,
            "count": 41
        },
        "3DBall.Policy.Epsilon.mean": {
            "value": 0.09999999999999999,
            "min": 0.09999999999999999,
            "max": 0.1,
            "count": 41
        },
        "3DBall.Policy.Epsilon.sum": {
            "value": 0.09999999999999999,
            "min": 0.09999999999999999,
            "max": 0.2,
            "count": 41
        },
        "3DBall.Policy.Beta.mean": {
            "value": 3.433816000000004e-05,
            "min": 3.433816000000004e-05,
            "max": 0.0009837540999999997,
            "count": 41
        },
        "3DBall.Policy.Beta.sum": {
            "value": 3.433816000000004e-05,
            "min": 3.433816000000004e-05,
            "max": 0.00188619554,
            "count": 41
        },
        "3DBall.IsTraining.mean": {
            "value": 1.0,
            "min": 1.0,
            "max": 1.0,
            "count": 41
        },
        "3DBall.IsTraining.sum": {
            "value": 1.0,
            "min": 1.0,
            "max": 1.0,
            "count": 41
        }
    },
    "metadata": {
        "timer_format_version": "0.1.0",
        "start_time_seconds": "1767661354",
        "python_version": "3.10.11 (tags/v3.10.11:7d4cc5a, Apr  5 2023, 00:38:17) [MSC v.1929 64 bit (AMD64)]",
        "command_line_arguments": "C:\\Users\\atoz\\Documents\\01_2025_2026_year_2\\semester_1\\project_2_1\\code\\project_2_1_group_7\\venv\\Scripts\\mlagents-learn Config/training_config.yaml --run-id=omar-run156 --time-scale=20 --env=3DBall_environment/UnityEnvironment.exe --no-graphics",
        "mlagents_version": "1.0.0",
        "mlagents_envs_version": "1.0.0",
        "communication_protocol_version": "1.5.0",
        "pytorch_version": "1.13.1+cpu",
        "numpy_version": "1.23.5",
        "end_time_seconds": "1767661732"
    },
    "total": 378.25277210000786,
    "count": 1,
    "self": 0.2029513000161387,
    "children": {
        "run_training.setup": {
            "total": 0.0689293000032194,
            "count": 1,
            "self": 0.0689293000032194
        },
        "TrainerController.start_learning": {
            "total": 377.9808914999885,
            "count": 1,
            "self": 0.6108399006770924,
            "children": {
                "TrainerController._reset_env": {
                    "total": 2.9835183000250254,
                    "count": 1,
                    "self": 2.9835183000250254
                },
                "TrainerController.advance": {
                    "total": 374.35014529930777,
                    "count": 44950,
                    "self": 0.5750263008230831,
                    "children": {
                        "env_step": {
                            "total": 165.86855739948805,
                            "count": 44950,
                            "self": 139.21019059952232,
                            "children": {
                                "SubprocessEnvManager._take_step": {
                                    "total": 26.265101002441952,
                                    "count": 44950,
                                    "self": 1.8970166984945536,
                                    "children": {
                                        "TorchPolicy.evaluate": {
                                            "total": 24.3680843039474,
                                            "count": 42242,
                                            "self": 24.3680843039474
                                        }
                                    }
                                },
                                "workers": {
                                    "total": 0.39326579752378166,
                                    "count": 44950,
                                    "self": 0.0,
                                    "children": {
                                        "worker_root": {
                                            "total": 374.15038699805154,
                                            "count": 44950,
                                            "is_parallel": true,
                                            "self": 273.068940497149,
                                            "children": {
                                                "steps_from_proto": {
                                                    "total": 0.0003847000189125538,
                                                    "count": 1,