{
    "name": "root",
    "gauges": {
        "3DBall.Policy.Entropy.mean": {
            "value": 1.4100010395050049,
            "min": 1.4100010395050049,
            "max": 1.4189382791519165,
            "count": 4
        },
        "3DBall.Policy.Entropy.sum": {
            "value": 16903.091796875,
            "min": 16903.091796875,
            "max": 17316.72265625,
            "count": 4
        },
        "3DBall.Environment.EpisodeLength.mean": {
            "value": 23.321138211382113,
            "min": 21.54307116104869,
            "max": 23.321138211382113,
            "count": 4
        },
        "3DBall.Environment.EpisodeLength.sum": {
            "value": 11474.0,
            "min": 11439.0,
            "max": 11540.0,
            "count": 4
        },
        "3DBall.Step.mean": {
            "value": 47994.0,
            "min": 11986.0,
            "max": 47994.0,
            "count": 4
        },
        "3DBall.Step.sum": {
            "value": 47994.0,
            "min": 11986.0,
            "max": 47994.0,
            "count": 4
        },
        "3DBall.Policy.ExtrinsicValueEstimate.mean": {
            "value": 0.22845372557640076,
            "min": 0.15429337322711945,
            "max": 0.22845372557640076,
            "count": 4
        },
        "3DBall.Policy.ExtrinsicValueEstimate.sum": {
            "value": 112.627685546875,
            "min": 80.84972381591797,
            "max": 112.627685546875,
            "count": 4
        },
        "3DBall.Environment.CumulativeReward.mean": {
            "value": 1.3348883881288416,
            "min": 1.14878044812809,
            "max": 1.3348883881288416,
            "count": 4
        },
        "3DBall.Environment.CumulativeReward.sum": {
            "value": 658.0999753475189,
            "min": 612.299978852272,
            "max": 658.0999753475189,
            "count": 4
        },
        "3DBall.Policy.ExtrinsicReward.mean": {
            "value": 1.3348883881288416,
            "min": 1.14878044812809,
            "max": 1.3348883881288416,
            "count": 4
        },
        "3DBall.Policy.ExtrinsicReward.sum": {
            "value": 658.0999753475189,
            "min": 612.299978852272,
            "max": 658.0999753475189,
            "count": 4
        },
        "3DBall.IsTraining.mean": {
            "value": 1.0,
            "min": 1.0,
            "max": 1.0,
            "count": 4
        },
        "3DBall.IsTraining.sum": {
            "value": 1.0,
            "min": 1.0,
            "max": 1.0,
            "count": 4
        },
        "3DBall.Losses.PolicyLoss.mean": {
            "value": 0.11058237413108611,
            "min": 0.10678655435559217,
            "max": 0.11420856381168022,
            "count": 3
        },
        "3DBall.Losses.PolicyLoss.sum": {
            "value": 0.11058237413108611,
            "min": 0.10678655435559217,
            "max": 0.11420856381168022,
            "count": 3
        },
        "3DBall.Losses.ValueLoss.mean": {
            "value": 0.2056519372049851,
            "min": 0.1524071999722057,
            "max": 0.21154758739893545,
            "count": 3
        },
        "3DBall.Losses.ValueLoss.sum": {
            "value": 0.2056519372049851,
            "min": 0.1524071999722057,
            "max": 0.21154758739893545,
            "count": 3
        },
        "3DBall.Policy.LearningRate.mean": {
            "value": 0.0003651776087056001,
            "min": 0.0003651776087056001,
            "max": 0.0003883864029034,
            "count": 3
        },
        "3DBall.Policy.LearningRate.sum": {
            "value": 0.0003651776087056001,
            "min": 0.0003651776087056001,
            "max": 0.0003883864029034,
            "count": 3
        },
        "3DBall.Policy.Epsilon.mean": {
            "value": 0.1,
            "min": 0.1,
            "max": 0.1,
            "count": 3
        },
        "3DBall.Policy.Epsilon.sum": {
            "value": 0.1,
            "min": 0.1,
            "max": 0.1,
            "count": 3
        },
        "3DBall.Policy.Beta.mean": {
            "value": 0.00118769776,
            "min": 0.00118769776,
            "max": 0.0012625461399999997,
            "count": 3
        },
        "3DBall.Policy.Beta.sum": {
            "value": 0.00118769776,
            "min": 0.00118769776,
            "max": 0.0012625461399999997,
            "count": 3
        }
    },
    "metadata": {
        "timer_format_version": "0.1.0",
        "start_time_seconds": "1765157159",
        "python_version": "3.10.11 (tags/v3.10.11:7d4cc5a, Apr  5 2023, 00:38:17) [MSC v.1929 64 bit (AMD64)]",
        "command_line_arguments": "C:\\Users\\moebn\\Documents\\University\\Project 2-1\\project_2_1_group_7\\venv\\Scripts\\mlagents-learn Config/training_config.yaml --run-id=run_batch_size53_buffer_size14500_learning_rate0.0004_beta0.0013_epsilon0.1 --time-scale=20 --env=3DBall_environment/UnityEnvironment.exe --no-graphics",
        "mlagents_version": "1.0.0",
        "mlagents_envs_version": "1.0.0",
        "communication_protocol_version": "1.5.0",
        "pytorch_version": "2.9.1+cpu",
        "numpy_version": "1.23.5",
        "end_time_seconds": "1765157191"
    },
    "total": 32.04881539999042,
    "count": 1,
    "self": 0.21394730001338758,
    "children": {
        "run_training.setup": {
            "total": 0.0711721999978181,
            "count": 1,
            "self": 0.0711721999978181
        },
        "TrainerController.start_learning": {
            "total": 31.76369589997921,
            "count": 1,
            "self": 0.0527451982779894,
            "children": {
                "TrainerController._reset_env": {
                    "total": 6.924517600011313,
                    "count": 1,
                    "self": 6.924517600011313
                },
                "TrainerController.advance": {
                    "total": 24.779927901690826,
                    "count": 5797,
                    "self": 0.049733499938156456,
                    "children": {
                        "env_step": {
                            "total": 14.010015599866165,
                            "count": 5797,
                            "self": 12.451683899766067,
                            "children": {
                                "SubprocessEnvManager._take_step": {
                                    "total": 1.5228739999583922,
                                    "count": 5797,
                                    "self": 0.12320600100792944,
                                    "children": {
                                        "TorchPolicy.evaluate": {
                                            "total": 1.3996679989504628,
                                            "count": 4181,
                                            "self": 1.3996679989504628
                                        }
                                    }
                                },
                                "workers": {
                                    "total": 0.03545770014170557,
                                    "count": 5797,
                                    "self": 0.0,
                                    "children": {
                                        "worker_root": {
                                            "total": 25.314861199993175,
                                            "count": 5797,
                                            "is_parallel": true,
                                            "self": 15.952311901433859,
                                            "children": {
                                                "steps_from_proto": {
                                                    "total": 0.0002812999882735312,
                                                    "count": 1,
                                                    "is_parallel": true,