{
    "name": "root",
    "gauges": {
        "3DBall.Policy.Entropy.mean": {
            "value": 1.4202532768249512,
            "min": 1.4189382791519165,
            "max": 1.4231171607971191,
            "count": 4
        },
        "3DBall.Policy.Entropy.sum": {
            "value": 17094.16796875,
            "min": 17044.28125,
            "max": 17248.61328125,
            "count": 4
        },
        "3DBall.Environment.EpisodeLength.mean": {
            "value": 23.75257731958763,
            "min": 21.53095684803002,
            "max": 23.75257731958763,
            "count": 4
        },
        "3DBall.Environment.EpisodeLength.sum": {
            "value": 11520.0,
            "min": 11476.0,
            "max": 11520.0,
            "count": 4
        },
        "3DBall.Step.mean": {
            "value": 47986.0,
            "min": 11994.0,
            "max": 47986.0,
            "count": 4
        },
        "3DBall.Step.sum": {
            "value": 47986.0,
            "min": 11994.0,
            "max": 47986.0,
            "count": 4
        },
        "3DBall.Policy.ExtrinsicValueEstimate.mean": {
            "value": 0.24191278219223022,
            "min": -0.11659092456102371,
            "max": 0.24191278219223022,
            "count": 4
        },
        "3DBall.Policy.ExtrinsicValueEstimate.sum": {
            "value": 117.32769775390625,
            "min": -62.026371002197266,
            "max": 117.32769775390625,
            "count": 4
        },
        "3DBall.Environment.CumulativeReward.mean": {
            "value": 1.3744329346823938,
            "min": 1.1545112496031855,
            "max": 1.3744329346823938,
            "count": 4
        },
        "3DBall.Environment.CumulativeReward.sum": {
            "value": 666.599973320961,
            "min": 614.1999847888947,
            "max": 666.599973320961,
            "count": 4
        },
        "3DBall.Policy.ExtrinsicReward.mean": {
            "value": 1.3744329346823938,
            "min": 1.1545112496031855,
            "max": 1.3744329346823938,
            "count": 4
        },
        "3DBall.Policy.ExtrinsicReward.sum": {
            "value": 666.599973320961,
            "min": 614.1999847888947,
            "max": 666.599973320961,
            "count": 4
        },
        "3DBall.IsTraining.mean": {
            "value": 1.0,
            "min": 1.0,
            "max": 1.0,
            "count": 4
        },
        "3DBall.IsTraining.sum": {
            "value": 1.0,
            "min": 1.0,
            "max": 1.0,
            "count": 4
        },
        "3DBall.Losses.PolicyLoss.mean": {
            "value": 0.21337283995692127,
            "min": 0.2115973387079069,
            "max": 0.21337283995692127,
            "count": 3
        },
        "3DBall.Losses.PolicyLoss.sum": {
            "value": 0.21337283995692127,
            "min": 0.2115973387079069,
            "max": 0.21337283995692127,
            "count": 3
        },
        "3DBall.Losses.ValueLoss.mean": {
            "value": 0.21006503354845438,
            "min": 0.17368877055471046,
            "max": 0.24949310489280835,
            "count": 3
        },
        "3DBall.Losses.ValueLoss.sum": {
            "value": 0.21006503354845438,
            "min": 0.17368877055471046,
            "max": 0.24949310489280835,
            "count": 3
        },
        "3DBall.Policy.LearningRate.mean": {
            "value": 0.00018258640870679997,
            "min": 0.00018258640870679997,
            "max": 0.00019419880290060006,
            "count": 3
        },
        "3DBall.Policy.LearningRate.sum": {
            "value": 0.00018258640870679997,
            "min": 0.00018258640870679997,
            "max": 0.00019419880290060006,
            "count": 3
        },
        "3DBall.Policy.Epsilon.mean": {
            "value": 0.09999999999999999,
            "min": 0.09999999999999999,
            "max": 0.1,
            "count": 3
        },
        "3DBall.Policy.Epsilon.sum": {
            "value": 0.09999999999999999,
            "min": 0.09999999999999999,
            "max": 0.1,
            "count": 3
        },
        "3DBall.Policy.Beta.mean": {
            "value": 0.0011876822799999995,
            "min": 0.0011876822799999995,
            "max": 0.00126258226,
            "count": 3
        },
        "3DBall.Policy.Beta.sum": {
            "value": 0.0011876822799999995,
            "min": 0.0011876822799999995,
            "max": 0.00126258226,
            "count": 3
        }
    },
    "metadata": {
        "timer_format_version": "0.1.0",
        "start_time_seconds": "1764955562",
        "python_version": "3.10.11 (tags/v3.10.11:7d4cc5a, Apr  5 2023, 00:38:17) [MSC v.1929 64 bit (AMD64)]",
        "command_line_arguments": "C:\\Users\\moebn\\Documents\\University\\Project 2-1\\project_2_1_group_7\\venv\\Scripts\\mlagents-learn Config/training_config.yaml --run-id=run_batch_size14_buffer_size14500_learning_rate0.0002_beta0.0013_epsilon0.1 --time-scale=20 --env=3DBall_environment/UnityEnvironment.exe --no-graphics",
        "mlagents_version": "1.0.0",
        "mlagents_envs_version": "1.0.0",
        "communication_protocol_version": "1.5.0",
        "pytorch_version": "2.9.1+cpu",
        "numpy_version": "1.23.5",
        "end_time_seconds": "1764955602"
    },
    "total": 40.03746630000023,
    "count": 1,
    "self": 0.15085560000079568,
    "children": {
        "run_training.setup": {
            "total": 0.06553290000010747,
            "count": 1,
            "self": 0.06553290000010747
        },
        "TrainerController.start_learning": {
            "total": 39.82107779999933,
            "count": 1,
            "self": 0.05036790000849578,
            "children": {
                "TrainerController._reset_env": {
                    "total": 3.366146000000299,
                    "count": 1,
                    "self": 3.366146000000299
                },
                "TrainerController.advance": {
                    "total": 36.39803169998959,
                    "count": 5812,
                    "self": 0.04871330001333263,
                    "children": {
                        "env_step": {
                            "total": 14.365367099910145,
                            "count": 5812,
                            "self": 12.695338899897251,
                            "children": {
                                "SubprocessEnvManager._take_step": {
                                    "total": 1.6353497000782227,
                                    "count": 5812,
                                    "self": 0.12072150014500949,
                                    "children": {
                                        "TorchPolicy.evaluate": {
                                            "total": 1.5146281999332132,
                                            "count": 4185,
                                            "self": 1.5146281999332132
                                        }
                                    }
                                },
                                "workers": {
                                    "total": 0.03467849993467098,
                                    "count": 5812,
                                    "self": 0.0,
                                    "children": {
                                        "worker_root": {
                                            "total": 36.90833129999373,
                                            "count": 5812,
                                            "is_parallel": true,
                                            "self": 27.258196500115446,
                                            "children": {
                                                "steps_from_proto": {
                                                    "total": 0.0002454999994370155,
                                                    "count": 1,