{
    "name": "root",
    "gauges": {
        "3DBall.Policy.Entropy.mean": {
            "value": 1.3897018432617188,
            "min": 1.3897018432617188,
            "max": 1.418938159942627,
            "count": 4
        },
        "3DBall.Policy.Entropy.sum": {
            "value": 16709.775390625,
            "min": 16709.775390625,
            "max": 17220.423828125,
            "count": 4
        },
        "3DBall.Environment.EpisodeLength.mean": {
            "value": 25.653333333333332,
            "min": 21.43177570093458,
            "max": 25.653333333333332,
            "count": 4
        },
        "3DBall.Environment.EpisodeLength.sum": {
            "value": 11544.0,
            "min": 11466.0,
            "max": 11544.0,
            "count": 4
        },
        "3DBall.Step.mean": {
            "value": 47984.0,
            "min": 11985.0,
            "max": 47984.0,
            "count": 4
        },
        "3DBall.Step.sum": {
            "value": 47984.0,
            "min": 11985.0,
            "max": 47984.0,
            "count": 4
        },
        "3DBall.Policy.ExtrinsicValueEstimate.mean": {
            "value": 0.2756362855434418,
            "min": 0.2297362983226776,
            "max": 0.4742911159992218,
            "count": 4
        },
        "3DBall.Policy.ExtrinsicValueEstimate.sum": {
            "value": 124.03632354736328,
            "min": 118.31419372558594,
            "max": 253.27145385742188,
            "count": 4
        },
        "3DBall.Environment.CumulativeReward.mean": {
            "value": 1.5673332659403483,
            "min": 1.1443819943885232,
            "max": 1.5673332659403483,
            "count": 4
        },
        "3DBall.Environment.CumulativeReward.sum": {
            "value": 705.2999696731567,
            "min": 611.0999850034714,
            "max": 705.2999696731567,
            "count": 4
        },
        "3DBall.Policy.ExtrinsicReward.mean": {
            "value": 1.5673332659403483,
            "min": 1.1443819943885232,
            "max": 1.5673332659403483,
            "count": 4
        },
        "3DBall.Policy.ExtrinsicReward.sum": {
            "value": 705.2999696731567,
            "min": 611.0999850034714,
            "max": 705.2999696731567,
            "count": 4
        },
        "3DBall.IsTraining.mean": {
            "value": 1.0,
            "min": 1.0,
            "max": 1.0,
            "count": 4
        },
        "3DBall.IsTraining.sum": {
            "value": 1.0,
            "min": 1.0,
            "max": 1.0,
            "count": 4
        },
        "3DBall.Losses.PolicyLoss.mean": {
            "value": 0.21114296334659372,
            "min": 0.21114296334659372,
            "max": 0.21737549769621656,
            "count": 2
        },
        "3DBall.Losses.PolicyLoss.sum": {
            "value": 0.21114296334659372,
            "min": 0.21114296334659372,
            "max": 0.21737549769621656,
            "count": 2
        },
        "3DBall.Losses.ValueLoss.mean": {
            "value": 0.1790088719909199,
            "min": 0.1790088719909199,
            "max": 0.19441085280668446,
            "count": 2
        },
        "3DBall.Losses.ValueLoss.sum": {
            "value": 0.1790088719909199,
            "min": 0.1790088719909199,
            "max": 0.19441085280668446,
            "count": 2
        },
        "3DBall.Policy.LearningRate.mean": {
            "value": 0.0003690816077295999,
            "min": 0.0003690816077295999,
            "max": 0.0003845328038668,
            "count": 2
        },
        "3DBall.Policy.LearningRate.sum": {
            "value": 0.0003690816077295999,
            "min": 0.0003690816077295999,
            "max": 0.0003845328038668,
            "count": 2
        },
        "3DBall.Policy.Epsilon.mean": {
            "value": 0.2845408,
            "min": 0.2845408,
            "max": 0.2922663999999999,
            "count": 2
        },
        "3DBall.Policy.Epsilon.sum": {
            "value": 0.2845408,
            "min": 0.2845408,
            "max": 0.2922663999999999,
            "count": 2
        },
        "3DBall.Policy.Beta.mean": {
            "value": 0.0011080177599999996,
            "min": 0.0011080177599999996,
            "max": 0.0011539850799999994,
            "count": 2
        },
        "3DBall.Policy.Beta.sum": {
            "value": 0.0011080177599999996,
            "min": 0.0011080177599999996,
            "max": 0.0011539850799999994,
            "count": 2
        }
    },
    "metadata": {
        "timer_format_version": "0.1.0",
        "start_time_seconds": "1765025903",
        "python_version": "3.10.11 (tags/v3.10.11:7d4cc5a, Apr  5 2023, 00:38:17) [MSC v.1929 64 bit (AMD64)]",
        "command_line_arguments": "C:\\Users\\moebn\\Documents\\University\\Project 2-1\\project_2_1_group_7\\venv\\Scripts\\mlagents-learn Config/training_config.yaml --run-id=run_batch_size14_buffer_size19300_learning_rate0.0004_beta0.0012_epsilon0.3 --time-scale=20 --env=3DBall_environment/UnityEnvironment.exe --no-graphics",
        "mlagents_version": "1.0.0",
        "mlagents_envs_version": "1.0.0",
        "communication_protocol_version": "1.5.0",
        "pytorch_version": "2.9.1+cpu",
        "numpy_version": "1.23.5",
        "end_time_seconds": "1765025942"
    },
    "total": 38.96063359999971,
    "count": 1,
    "self": 0.14763959999982035,
    "children": {
        "run_training.setup": {
            "total": 0.06545740000001388,
            "count": 1,
            "self": 0.06545740000001388
        },
        "TrainerController.start_learning": {
            "total": 38.747536599999876,
            "count": 1,
            "self": 0.04952439975750167,
            "children": {
                "TrainerController._reset_env": {
                    "total": 3.421158599994669,
                    "count": 1,
                    "self": 3.421158599994669
                },
                "TrainerController.advance": {
                    "total": 35.27023760024167,
                    "count": 5746,
                    "self": 0.046905400420655496,
                    "children": {
                        "env_step": {
                            "total": 13.932498999674863,
                            "count": 5746,
                            "self": 12.414572199355462,
                            "children": {
                                "SubprocessEnvManager._take_step": {
                                    "total": 1.4838732999633066,
                                    "count": 5746,
                                    "self": 0.12026509985298617,
                                    "children": {
                                        "TorchPolicy.evaluate": {
                                            "total": 1.3636082001103205,
                                            "count": 4178,
                                            "self": 1.3636082001103205
                                        }
                                    }
                                },
                                "workers": {
                                    "total": 0.034053500356094446,
                                    "count": 5746,
                                    "self": 0.0,
                                    "children": {
                                        "worker_root": {
                                            "total": 35.81127149967506,
                                            "count": 5746,
                                            "is_parallel": true,
                                            "self": 26.366577699649497,
                                            "children": {
                                                "steps_from_proto": {
                                                    "total": 0.0002423999976599589,
                                                    "count": 1,