{
    "name": "root",
    "gauges": {
        "3DBall.Policy.Entropy.mean": {
            "value": 1.41143000125885,
            "min": 1.41143000125885,
            "max": 1.4189382791519165,
            "count": 4
        },
        "3DBall.Policy.Entropy.sum": {
            "value": 16937.16015625,
            "min": 16886.37109375,
            "max": 17265.640625,
            "count": 4
        },
        "3DBall.Environment.EpisodeLength.mean": {
            "value": 23.691358024691358,
            "min": 21.4859287054409,
            "max": 23.691358024691358,
            "count": 4
        },
        "3DBall.Environment.EpisodeLength.sum": {
            "value": 11514.0,
            "min": 11452.0,
            "max": 11514.0,
            "count": 4
        },
        "3DBall.Step.mean": {
            "value": 47984.0,
            "min": 11998.0,
            "max": 47984.0,
            "count": 4
        },
        "3DBall.Step.sum": {
            "value": 47984.0,
            "min": 11998.0,
            "max": 47984.0,
            "count": 4
        },
        "3DBall.Policy.ExtrinsicValueEstimate.mean": {
            "value": 0.25345566868782043,
            "min": 0.24400053918361664,
            "max": 0.25630879402160645,
            "count": 4
        },
        "3DBall.Policy.ExtrinsicValueEstimate.sum": {
            "value": 123.17945861816406,
            "min": 123.17945861816406,
            "max": 131.5548553466797,
            "count": 4
        },
        "3DBall.Environment.CumulativeReward.mean": {
            "value": 1.370370323520629,
            "min": 1.1470919037849325,
            "max": 1.370370323520629,
            "count": 4
        },
        "3DBall.Environment.CumulativeReward.sum": {
            "value": 665.9999772310257,
            "min": 611.3999847173691,
            "max": 665.9999772310257,
            "count": 4
        },
        "3DBall.Policy.ExtrinsicReward.mean": {
            "value": 1.370370323520629,
            "min": 1.1470919037849325,
            "max": 1.370370323520629,
            "count": 4
        },
        "3DBall.Policy.ExtrinsicReward.sum": {
            "value": 665.9999772310257,
            "min": 611.3999847173691,
            "max": 665.9999772310257,
            "count": 4
        },
        "3DBall.IsTraining.mean": {
            "value": 1.0,
            "min": 1.0,
            "max": 1.0,
            "count": 4
        },
        "3DBall.IsTraining.sum": {
            "value": 1.0,
            "min": 1.0,
            "max": 1.0,
            "count": 4
        },
        "3DBall.Losses.PolicyLoss.mean": {
            "value": 0.13152199837654655,
            "min": 0.1266071048420747,
            "max": 0.13152199837654655,
            "count": 2
        },
        "3DBall.Losses.PolicyLoss.sum": {
            "value": 0.13152199837654655,
            "min": 0.1266071048420747,
            "max": 0.13152199837654655,
            "count": 2
        },
        "3DBall.Losses.ValueLoss.mean": {
            "value": 0.21015107536344166,
            "min": 0.21015107536344166,
            "max": 0.3335027012026517,
            "count": 2
        },
        "3DBall.Losses.ValueLoss.sum": {
            "value": 0.21015107536344166,
            "min": 0.21015107536344166,
            "max": 0.3335027012026517,
            "count": 2
        },
        "3DBall.Policy.LearningRate.mean": {
            "value": 0.00018646840676580004,
            "min": 0.00018646840676580004,
            "max": 0.00019323400338300004,
            "count": 2
        },
        "3DBall.Policy.LearningRate.sum": {
            "value": 0.00018646840676580004,
            "min": 0.00018646840676580004,
            "max": 0.00019323400338300004,
            "count": 2
        },
        "3DBall.Policy.Epsilon.mean": {
            "value": 0.09999999999999998,
            "min": 0.09999999999999998,
            "max": 0.09999999999999998,
            "count": 2
        },
        "3DBall.Policy.Epsilon.sum": {
            "value": 0.09999999999999998,
            "min": 0.09999999999999998,
            "max": 0.09999999999999998,
            "count": 2
        },
        "3DBall.Policy.Beta.mean": {
            "value": 0.00111948698,
            "min": 0.00111948698,
            "max": 0.0011597423000000002,
            "count": 2
        },
        "3DBall.Policy.Beta.sum": {
            "value": 0.00111948698,
            "min": 0.00111948698,
            "max": 0.0011597423000000002,
            "count": 2
        }
    },
    "metadata": {
        "timer_format_version": "0.1.0",
        "start_time_seconds": "1765115582",
        "python_version": "3.10.11 (tags/v3.10.11:7d4cc5a, Apr  5 2023, 00:38:17) [MSC v.1929 64 bit (AMD64)]",
        "command_line_arguments": "C:\\Users\\moebn\\Documents\\University\\Project 2-1\\project_2_1_group_7\\venv\\Scripts\\mlagents-learn Config/training_config.yaml --run-id=run_batch_size40_buffer_size16900_learning_rate0.0002_beta0.0012_epsilon0.1 --time-scale=20 --env=3DBall_environment/UnityEnvironment.exe --no-graphics",
        "mlagents_version": "1.0.0",
        "mlagents_envs_version": "1.0.0",
        "communication_protocol_version": "1.5.0",
        "pytorch_version": "2.9.1+cpu",
        "numpy_version": "1.23.5",
        "end_time_seconds": "1765115609"
    },
    "total": 27.8059743999911,
    "count": 1,
    "self": 0.15329580000252463,
    "children": {
        "run_training.setup": {
            "total": 0.07169109999085777,
            "count": 1,
            "self": 0.07169109999085777
        },
        "TrainerController.start_learning": {
            "total": 27.58098749999772,
            "count": 1,
            "self": 0.04997679893858731,
            "children": {
                "TrainerController._reset_env": {
                    "total": 3.416298900003312,
                    "count": 1,
                    "self": 3.416298900003312
                },
                "TrainerController.advance": {
                    "total": 24.107677601044998,
                    "count": 5807,
                    "self": 0.04729539970867336,
                    "children": {
                        "env_step": {
                            "total": 14.252042300708126,
                            "count": 5807,
                            "self": 12.79282230118406,
                            "children": {
                                "SubprocessEnvManager._take_step": {
                                    "total": 1.4245938999811187,
                                    "count": 5807,
                                    "self": 0.12033370087738149,
                                    "children": {
                                        "TorchPolicy.evaluate": {
                                            "total": 1.3042601991037372,
                                            "count": 4180,
                                            "self": 1.3042601991037372
                                        }
                                    }
                                },
                                "workers": {
                                    "total": 0.034626099542947486,
                                    "count": 5807,
                                    "self": 0.0,
                                    "children": {
                                        "worker_root": {
                                            "total": 24.687408801866695,
                                            "count": 5807,
                                            "is_parallel": true,
                                            "self": 14.930939603451407,
                                            "children": {
                                                "steps_from_proto": {
                                                    "total": 0.0002209999947808683,
                                                    "count": 1,