{
    "name": "root",
    "gauges": {
        "3DBall.Policy.Entropy.mean": {
            "value": 1.397376537322998,
            "min": 1.397376537322998,
            "max": 1.4173740148544312,
            "count": 4
        },
        "3DBall.Policy.Entropy.sum": {
            "value": 17020.046875,
            "min": 16935.94921875,
            "max": 17263.615234375,
            "count": 4
        },
        "3DBall.Environment.EpisodeLength.mean": {
            "value": 44.62406015037594,
            "min": 22.34757281553398,
            "max": 44.62406015037594,
            "count": 4
        },
        "3DBall.Environment.EpisodeLength.sum": {
            "value": 11870.0,
            "min": 11509.0,
            "max": 11870.0,
            "count": 4
        },
        "3DBall.Step.mean": {
            "value": 47939.0,
            "min": 11996.0,
            "max": 47939.0,
            "count": 4
        },
        "3DBall.Step.sum": {
            "value": 47939.0,
            "min": 11996.0,
            "max": 47939.0,
            "count": 4
        },
        "3DBall.Policy.ExtrinsicValueEstimate.mean": {
            "value": 1.0600680112838745,
            "min": -0.3053598403930664,
            "max": 1.0600680112838745,
            "count": 4
        },
        "3DBall.Policy.ExtrinsicValueEstimate.sum": {
            "value": 281.97808837890625,
            "min": -156.9549560546875,
            "max": 281.97808837890625,
            "count": 4
        },
        "3DBall.Environment.CumulativeReward.mean": {
            "value": 3.400376083707451,
            "min": 1.2338521035264902,
            "max": 3.400376083707451,
            "count": 4
        },
        "3DBall.Environment.CumulativeReward.sum": {
            "value": 904.500038266182,
            "min": 634.199981212616,
            "max": 904.500038266182,
            "count": 4
        },
        "3DBall.Policy.ExtrinsicReward.mean": {
            "value": 3.400376083707451,
            "min": 1.2338521035264902,
            "max": 3.400376083707451,
            "count": 4
        },
        "3DBall.Policy.ExtrinsicReward.sum": {
            "value": 904.500038266182,
            "min": 634.199981212616,
            "max": 904.500038266182,
            "count": 4
        },
        "3DBall.Losses.PolicyLoss.mean": {
            "value": 0.12543003617939025,
            "min": 0.12211943786205467,
            "max": 0.12543003617939025,
            "count": 4
        },
        "3DBall.Losses.PolicyLoss.sum": {
            "value": 0.2508600723587805,
            "min": 0.24423887572410935,
            "max": 0.37569108800511053,
            "count": 4
        },
        "3DBall.Losses.ValueLoss.mean": {
            "value": 1.0660519841627285,
            "min": 0.2708668684067785,
            "max": 1.0660519841627285,
            "count": 4
        },
        "3DBall.Losses.ValueLoss.sum": {
            "value": 2.132103968325457,
            "min": 0.541733736813557,
            "max": 2.132103968325457,
            "count": 4
        },
        "3DBall.Policy.LearningRate.mean": {
            "value": 0.000183284008358,
            "min": 0.000183284008358,
            "max": 0.0001970566014717,
            "count": 4
        },
        "3DBall.Policy.LearningRate.sum": {
            "value": 0.000366568016716,
            "min": 0.000366568016716,
            "max": 0.0005646340176830002,
            "count": 4
        },
        "3DBall.Policy.Epsilon.mean": {
            "value": 0.09999999999999998,
            "min": 0.09999999999999998,
            "max": 0.09999999999999998,
            "count": 4
        },
        "3DBall.Policy.Epsilon.sum": {
            "value": 0.19999999999999996,
            "min": 0.19999999999999996,
            "max": 0.29999999999999993,
            "count": 4
        },
        "3DBall.Policy.Beta.mean": {
            "value": 0.0012838238000000002,
            "min": 0.0012838238000000002,
            "max": 0.0013795433700000003,
            "count": 4
        },
        "3DBall.Policy.Beta.sum": {
            "value": 0.0025676476000000004,
            "min": 0.0025676476000000004,
            "max": 0.0039542063,
            "count": 4
        },
        "3DBall.IsTraining.mean": {
            "value": 1.0,
            "min": 1.0,
            "max": 1.0,
            "count": 4
        },
        "3DBall.IsTraining.sum": {
            "value": 1.0,
            "min": 1.0,
            "max": 1.0,
            "count": 4
        }
    },
    "metadata": {
        "timer_format_version": "0.1.0",
        "start_time_seconds": "1765094713",
        "python_version": "3.10.11 (tags/v3.10.11:7d4cc5a, Apr  5 2023, 00:38:17) [MSC v.1929 64 bit (AMD64)]",
        "command_line_arguments": "C:\\Users\\moebn\\Documents\\University\\Project 2-1\\project_2_1_group_7\\venv\\Scripts\\mlagents-learn Config/training_config.yaml --run-id=run_batch_size40_buffer_size4900_learning_rate0.0002_beta0.0014_epsilon0.1 --time-scale=20 --env=3DBall_environment/UnityEnvironment.exe --no-graphics",
        "mlagents_version": "1.0.0",
        "mlagents_envs_version": "1.0.0",
        "communication_protocol_version": "1.5.0",
        "pytorch_version": "2.9.1+cpu",
        "numpy_version": "1.23.5",
        "end_time_seconds": "1765094744"
    },
    "total": 30.83763419999741,
    "count": 1,
    "self": 0.15061390001210384,
    "children": {
        "run_training.setup": {
            "total": 0.0696283999714069,
            "count": 1,
            "self": 0.0696283999714069
        },
        "TrainerController.start_learning": {
            "total": 30.6173919000139,
            "count": 1,
            "self": 0.0473031985166017,
            "children": {
                "TrainerController._reset_env": {
                    "total": 3.394085099978838,
                    "count": 1,
                    "self": 3.394085099978838
                },
                "TrainerController.advance": {
                    "total": 27.169689301517792,
                    "count": 5474,
                    "self": 0.04474880258203484,
                    "children": {
                        "env_step": {
                            "total": 14.23750289954478,
                            "count": 5474,
                            "self": 12.628696597792441,
                            "children": {
                                "SubprocessEnvManager._take_step": {
                                    "total": 1.5759821019892115,
                                    "count": 5474,
                                    "self": 0.11932470073224977,
                                    "children": {
                                        "TorchPolicy.evaluate": {
                                            "total": 1.4566574012569617,
                                            "count": 4246,
                                            "self": 1.4566574012569617
                                        }
                                    }
                                },
                                "workers": {
                                    "total": 0.03282419976312667,
                                    "count": 5474,
                                    "self": 0.0,
                                    "children": {
                                        "worker_root": {
                                            "total": 27.742803600471234,
                                            "count": 5474,
                                            "is_parallel": true,
                                            "self": 18.090732900687726,
                                            "children": {
                                                "steps_from_proto": {
                                                    "total": 0.0002538000117056072,
                                                    "count": 1,