{
    "name": "root",
    "gauges": {
        "3DBall.Policy.Entropy.mean": {
            "value": 1.4014745950698853,
            "min": 1.4014745950698853,
            "max": 1.4189382791519165,
            "count": 4
        },
        "3DBall.Policy.Entropy.sum": {
            "value": 16851.330078125,
            "min": 16851.330078125,
            "max": 17265.640625,
            "count": 4
        },
        "3DBall.Environment.EpisodeLength.mean": {
            "value": 29.027568922305765,
            "min": 22.22972972972973,
            "max": 29.027568922305765,
            "count": 4
        },
        "3DBall.Environment.EpisodeLength.sum": {
            "value": 11582.0,
            "min": 11477.0,
            "max": 11582.0,
            "count": 4
        },
        "3DBall.Step.mean": {
            "value": 47978.0,
            "min": 11997.0,
            "max": 47978.0,
            "count": 4
        },
        "3DBall.Step.sum": {
            "value": 47978.0,
            "min": 11997.0,
            "max": 47978.0,
            "count": 4
        },
        "3DBall.Policy.ExtrinsicValueEstimate.mean": {
            "value": 0.3883548378944397,
            "min": -0.2046554535627365,
            "max": 0.3883548378944397,
            "count": 4
        },
        "3DBall.Policy.ExtrinsicValueEstimate.sum": {
            "value": 154.95358276367188,
            "min": -105.80686950683594,
            "max": 154.95358276367188,
            "count": 4
        },
        "3DBall.Environment.CumulativeReward.mean": {
            "value": 1.9092731374248226,
            "min": 1.220502866075394,
            "max": 1.9092731374248226,
            "count": 4
        },
        "3DBall.Environment.CumulativeReward.sum": {
            "value": 761.7999818325043,
            "min": 630.9999817609787,
            "max": 761.7999818325043,
            "count": 4
        },
        "3DBall.Policy.ExtrinsicReward.mean": {
            "value": 1.9092731374248226,
            "min": 1.220502866075394,
            "max": 1.9092731374248226,
            "count": 4
        },
        "3DBall.Policy.ExtrinsicReward.sum": {
            "value": 761.7999818325043,
            "min": 630.9999817609787,
            "max": 761.7999818325043,
            "count": 4
        },
        "3DBall.IsTraining.mean": {
            "value": 1.0,
            "min": 1.0,
            "max": 1.0,
            "count": 4
        },
        "3DBall.IsTraining.sum": {
            "value": 1.0,
            "min": 1.0,
            "max": 1.0,
            "count": 4
        },
        "3DBall.Losses.PolicyLoss.mean": {
            "value": 0.10525911164769441,
            "min": 0.10525911164769441,
            "max": 0.10769219019438378,
            "count": 3
        },
        "3DBall.Losses.PolicyLoss.sum": {
            "value": 0.10525911164769441,
            "min": 0.10525911164769441,
            "max": 0.10769219019438378,
            "count": 3
        },
        "3DBall.Losses.ValueLoss.mean": {
            "value": 0.3247816532722905,
            "min": 0.1991689948686863,
            "max": 0.3247816532722905,
            "count": 3
        },
        "3DBall.Losses.ValueLoss.sum": {
            "value": 0.3247816532722905,
            "min": 0.1991689948686863,
            "max": 0.3247816532722905,
            "count": 3
        },
        "3DBall.Policy.LearningRate.mean": {
            "value": 0.0002738544087152,
            "min": 0.0002738544087152,
            "max": 0.0002912916029028,
            "count": 3
        },
        "3DBall.Policy.LearningRate.sum": {
            "value": 0.0002738544087152,
            "min": 0.0002738544087152,
            "max": 0.0002912916029028,
            "count": 3
        },
        "3DBall.Policy.Epsilon.mean": {
            "value": 0.19128479999999998,
            "min": 0.19128479999999998,
            "max": 0.1970972,
            "count": 3
        },
        "3DBall.Policy.Epsilon.sum": {
            "value": 0.19128479999999998,
            "min": 0.19128479999999998,
            "max": 0.1970972,
            "count": 3
        },
        "3DBall.Policy.Beta.mean": {
            "value": 0.0010962891199999998,
            "min": 0.0010962891199999998,
            "max": 0.0011654566799999995,
            "count": 3
        },
        "3DBall.Policy.Beta.sum": {
            "value": 0.0010962891199999998,
            "min": 0.0010962891199999998,
            "max": 0.0011654566799999995,
            "count": 3
        }
    },
    "metadata": {
        "timer_format_version": "0.1.0",
        "start_time_seconds": "1765156089",
        "python_version": "3.10.11 (tags/v3.10.11:7d4cc5a, Apr  5 2023, 00:38:17) [MSC v.1929 64 bit (AMD64)]",
        "command_line_arguments": "C:\\Users\\moebn\\Documents\\University\\Project 2-1\\project_2_1_group_7\\venv\\Scripts\\mlagents-learn Config/training_config.yaml --run-id=run_batch_size53_buffer_size14500_learning_rate0.0003_beta0.0012_epsilon0.2 --time-scale=20 --env=3DBall_environment/UnityEnvironment.exe --no-graphics",
        "mlagents_version": "1.0.0",
        "mlagents_envs_version": "1.0.0",
        "communication_protocol_version": "1.5.0",
        "pytorch_version": "2.9.1+cpu",
        "numpy_version": "1.23.5",
        "end_time_seconds": "1765156117"
    },
    "total": 28.84867700000177,
    "count": 1,
    "self": 0.18059920001542196,
    "children": {
        "run_training.setup": {
            "total": 0.0719260000041686,
            "count": 1,
            "self": 0.0719260000041686
        },
        "TrainerController.start_learning": {
            "total": 28.59615179998218,
            "count": 1,
            "self": 0.05134010023903102,
            "children": {
                "TrainerController._reset_env": {
                    "total": 4.017601700004889,
                    "count": 1,
                    "self": 4.017601700004889
                },
                "TrainerController.advance": {
                    "total": 24.520697999745607,
                    "count": 5654,
                    "self": 0.047513398429146037,
                    "children": {
                        "env_step": {
                            "total": 13.678898599580862,
                            "count": 5654,
                            "self": 12.206566200533416,
                            "children": {
                                "SubprocessEnvManager._take_step": {
                                    "total": 1.4387003000592813,
                                    "count": 5654,
                                    "self": 0.12327110060141422,
                                    "children": {
                                        "TorchPolicy.evaluate": {
                                            "total": 1.315429199457867,
                                            "count": 4190,
                                            "self": 1.315429199457867
                                        }
                                    }
                                },
                                "workers": {
                                    "total": 0.033632098988164216,
                                    "count": 5654,
                                    "self": 0.0,
                                    "children": {
                                        "worker_root": {
                                            "total": 25.134170098928735,
                                            "count": 5654,
                                            "is_parallel": true,
                                            "self": 15.859492999850772,
                                            "children": {
                                                "steps_from_proto": {
                                                    "total": 0.00024930000654421747,
                                                    "count": 1,