{
    "name": "root",
    "gauges": {
        "3DBall.Policy.Entropy.mean": {
            "value": 1.2907838821411133,
            "min": 1.2907838821411133,
            "max": 1.4119112491607666,
            "count": 4
        },
        "3DBall.Policy.Entropy.sum": {
            "value": 15489.4072265625,
            "min": 15489.4072265625,
            "max": 24191.1953125,
            "count": 4
        },
        "3DBall.Environment.EpisodeLength.mean": {
            "value": 796.9285714285714,
            "min": 22.794059405940594,
            "max": 796.9285714285714,
            "count": 4
        },
        "3DBall.Environment.EpisodeLength.sum": {
            "value": 11157.0,
            "min": 11157.0,
            "max": 12714.0,
            "count": 4
        },
        "3DBall.Step.mean": {
            "value": 47043.0,
            "min": 11989.0,
            "max": 47043.0,
            "count": 4
        },
        "3DBall.Step.sum": {
            "value": 47043.0,
            "min": 11989.0,
            "max": 47043.0,
            "count": 4
        },
        "3DBall.Policy.ExtrinsicValueEstimate.mean": {
            "value": 6.38981294631958,
            "min": 0.20139192044734955,
            "max": 6.38981294631958,
            "count": 4
        },
        "3DBall.Policy.ExtrinsicValueEstimate.sum": {
            "value": 89.45738220214844,
            "min": 89.45738220214844,
            "max": 208.71080017089844,
            "count": 4
        },
        "3DBall.Environment.CumulativeReward.mean": {
            "value": 79.40001188005719,
            "min": 1.2787698029525696,
            "max": 79.40001188005719,
            "count": 4
        },
        "3DBall.Environment.CumulativeReward.sum": {
            "value": 1111.6001663208008,
            "min": 644.4999806880951,
            "max": 1111.6001663208008,
            "count": 4
        },
        "3DBall.Policy.ExtrinsicReward.mean": {
            "value": 79.40001188005719,
            "min": 1.2787698029525696,
            "max": 79.40001188005719,
            "count": 4
        },
        "3DBall.Policy.ExtrinsicReward.sum": {
            "value": 1111.6001663208008,
            "min": 644.4999806880951,
            "max": 1111.6001663208008,
            "count": 4
        },
        "3DBall.Losses.PolicyLoss.mean": {
            "value": 0.6912937747808694,
            "min": 0.6912937747808694,
            "max": 0.8400638983687151,
            "count": 4
        },
        "3DBall.Losses.PolicyLoss.sum": {
            "value": 1.3825875495617388,
            "min": 1.3825875495617388,
            "max": 2.520191695106145,
            "count": 4
        },
        "3DBall.Losses.ValueLoss.mean": {
            "value": 1.0043852565012226,
            "min": 0.23335435747028052,
            "max": 1.7893465479364323,
            "count": 4
        },
        "3DBall.Losses.ValueLoss.sum": {
            "value": 2.008770513002445,
            "min": 0.46670871494056104,
            "max": 5.368039643809297,
            "count": 4
        },
        "3DBall.Policy.LearningRate.mean": {
            "value": 9.140920859080002e-05,
            "min": 9.140920859080002e-05,
            "max": 9.852380147619999e-05,
            "count": 4
        },
        "3DBall.Policy.LearningRate.sum": {
            "value": 0.00018281841718160004,
            "min": 0.00018281841718160004,
            "max": 0.0002822238177762,
            "count": 4
        },
        "3DBall.Policy.Epsilon.mean": {
            "value": 0.23711379999999993,
            "min": 0.23711379999999993,
            "max": 0.24778570000000005,
            "count": 4
        },
        "3DBall.Policy.Epsilon.sum": {
            "value": 0.47422759999999986,
            "min": 0.47422759999999986,
            "max": 0.7233356999999999,
            "count": 4
        },
        "3DBall.Policy.Beta.mean": {
            "value": 0.0009149510800000003,
            "min": 0.0009149510800000003,
            "max": 0.0009853856199999998,
            "count": 4
        },
        "3DBall.Policy.Beta.sum": {
            "value": 0.0018299021600000007,
            "min": 0.0018299021600000007,
            "max": 0.00282401562,
            "count": 4
        },
        "3DBall.IsTraining.mean": {
            "value": 1.0,
            "min": 1.0,
            "max": 1.0,
            "count": 4
        },
        "3DBall.IsTraining.sum": {
            "value": 1.0,
            "min": 1.0,
            "max": 1.0,
            "count": 4
        }
    },
    "metadata": {
        "timer_format_version": "0.1.0",
        "start_time_seconds": "1764638553",
        "python_version": "3.10.11 (tags/v3.10.11:7d4cc5a, Apr  5 2023, 00:38:17) [MSC v.1929 64 bit (AMD64)]",
        "command_line_arguments": "C:\\Users\\moebn\\Documents\\University\\Project 2-1\\project_2_1_group_7\\venv\\Scripts\\mlagents-learn Config/training_config.yaml --run-id=run_batch_size1_buffer_size4900_learning_rate0.0001_beta0.001_epsilon0.25 --time-scale=20 --env=3DBall_environment/UnityEnvironment.exe --no-graphics",
        "mlagents_version": "1.0.0",
        "mlagents_envs_version": "1.0.0",
        "communication_protocol_version": "1.5.0",
        "pytorch_version": "2.9.1+cpu",
        "numpy_version": "1.23.5",
        "end_time_seconds": "1764638828"
    },
    "total": 275.10753470000054,
    "count": 1,
    "self": 0.2047000000020489,
    "children": {
        "run_training.setup": {
            "total": 0.06296540000039386,
            "count": 1,
            "self": 0.06296540000039386
        },
        "TrainerController.start_learning": {
            "total": 274.8398692999981,
            "count": 1,
            "self": 0.046801299904473126,
            "children": {
                "TrainerController._reset_env": {
                    "total": 7.568972799999756,
                    "count": 1,
                    "self": 7.568972799999756
                },
                "TrainerController.advance": {
                    "total": 267.21780900009617,
                    "count": 5458,
                    "self": 0.04543100006048917,
                    "children": {
                        "env_step": {
                            "total": 14.430805599928135,
                            "count": 5458,
                            "self": 12.794559499958268,
                            "children": {
                                "SubprocessEnvManager._take_step": {
                                    "total": 1.6031650999611884,
                                    "count": 5458,
                                    "self": 0.13292099989121198,
                                    "children": {
                                        "TorchPolicy.evaluate": {
                                            "total": 1.4702441000699764,
                                            "count": 4684,
                                            "self": 1.4702441000699764
                                        }
                                    }
                                },
                                "workers": {
                                    "total": 0.03308100000867853,
                                    "count": 5458,
                                    "self": 0.0,
                                    "children": {
                                        "worker_root": {
                                            "total": 267.7875459999268,
                                            "count": 5458,
                                            "is_parallel": true,
                                            "self": 258.0113825996996,
                                            "children": {
                                                "steps_from_proto": {
                                                    "total": 0.0002749999985098839,
                                                    "count": 1,