{
    "name": "root",
    "gauges": {
        "3DBall.Policy.Entropy.mean": {
            "value": 1.403612732887268,
            "min": 1.403612732887268,
            "max": 1.4189382791519165,
            "count": 4
        },
        "3DBall.Policy.Entropy.sum": {
            "value": 16877.0390625,
            "min": 16877.0390625,
            "max": 17231.5859375,
            "count": 4
        },
        "3DBall.Environment.EpisodeLength.mean": {
            "value": 30.793650793650794,
            "min": 22.183397683397683,
            "max": 30.793650793650794,
            "count": 4
        },
        "3DBall.Environment.EpisodeLength.sum": {
            "value": 11640.0,
            "min": 11491.0,
            "max": 11640.0,
            "count": 4
        },
        "3DBall.Step.mean": {
            "value": 47993.0,
            "min": 11982.0,
            "max": 47993.0,
            "count": 4
        },
        "3DBall.Step.sum": {
            "value": 47993.0,
            "min": 11982.0,
            "max": 47993.0,
            "count": 4
        },
        "3DBall.Policy.ExtrinsicValueEstimate.mean": {
            "value": 0.38873016834259033,
            "min": -0.6325651407241821,
            "max": 0.38873016834259033,
            "count": 4
        },
        "3DBall.Policy.ExtrinsicValueEstimate.sum": {
            "value": 146.94000244140625,
            "min": -327.0361633300781,
            "max": 146.94000244140625,
            "count": 4
        },
        "3DBall.Environment.CumulativeReward.mean": {
            "value": 2.0735449396743975,
            "min": 1.2176015157994726,
            "max": 2.0735449396743975,
            "count": 4
        },
        "3DBall.Environment.CumulativeReward.sum": {
            "value": 783.7999871969223,
            "min": 629.4999836683273,
            "max": 783.7999871969223,
            "count": 4
        },
        "3DBall.Policy.ExtrinsicReward.mean": {
            "value": 2.0735449396743975,
            "min": 1.2176015157994726,
            "max": 2.0735449396743975,
            "count": 4
        },
        "3DBall.Policy.ExtrinsicReward.sum": {
            "value": 783.7999871969223,
            "min": 629.4999836683273,
            "max": 783.7999871969223,
            "count": 4
        },
        "3DBall.IsTraining.mean": {
            "value": 1.0,
            "min": 1.0,
            "max": 1.0,
            "count": 4
        },
        "3DBall.IsTraining.sum": {
            "value": 1.0,
            "min": 1.0,
            "max": 1.0,
            "count": 4
        },
        "3DBall.Losses.PolicyLoss.mean": {
            "value": 0.1536248988781552,
            "min": 0.1536248988781552,
            "max": 0.1558938397615186,
            "count": 2
        },
        "3DBall.Losses.PolicyLoss.sum": {
            "value": 0.1536248988781552,
            "min": 0.1536248988781552,
            "max": 0.1558938397615186,
            "count": 2
        },
        "3DBall.Losses.ValueLoss.mean": {
            "value": 0.3181747171567592,
            "min": 0.3181747171567592,
            "max": 0.3907221891767495,
            "count": 2
        },
        "3DBall.Losses.ValueLoss.sum": {
            "value": 0.3181747171567592,
            "min": 0.3181747171567592,
            "max": 0.3907221891767495,
            "count": 2
        },
        "3DBall.Policy.LearningRate.mean": {
            "value": 9.227620772380003e-05,
            "min": 9.227620772380003e-05,
            "max": 9.61386038614e-05,
            "count": 2
        },
        "3DBall.Policy.LearningRate.sum": {
            "value": 9.227620772380003e-05,
            "min": 9.227620772380003e-05,
            "max": 9.61386038614e-05,
            "count": 2
        },
        "3DBall.Policy.Epsilon.mean": {
            "value": 0.28455240000000004,
            "min": 0.28455240000000004,
            "max": 0.2922772,
            "count": 2
        },
        "3DBall.Policy.Epsilon.sum": {
            "value": 0.28455240000000004,
            "min": 0.28455240000000004,
            "max": 0.2922772,
            "count": 2
        },
        "3DBall.Policy.Beta.mean": {
            "value": 0.0012003629799999997,
            "min": 0.0012003629799999997,
            "max": 0.0012501879399999995,
            "count": 2
        },
        "3DBall.Policy.Beta.sum": {
            "value": 0.0012003629799999997,
            "min": 0.0012003629799999997,
            "max": 0.0012501879399999995,
            "count": 2
        }
    },
    "metadata": {
        "timer_format_version": "0.1.0",
        "start_time_seconds": "1765073570",
        "python_version": "3.10.11 (tags/v3.10.11:7d4cc5a, Apr  5 2023, 00:38:17) [MSC v.1929 64 bit (AMD64)]",
        "command_line_arguments": "C:\\Users\\moebn\\Documents\\University\\Project 2-1\\project_2_1_group_7\\venv\\Scripts\\mlagents-learn Config/training_config.yaml --run-id=run_batch_size27_buffer_size19300_learning_rate0.0001_beta0.0013_epsilon0.3 --time-scale=20 --env=3DBall_environment/UnityEnvironment.exe --no-graphics",
        "mlagents_version": "1.0.0",
        "mlagents_envs_version": "1.0.0",
        "communication_protocol_version": "1.5.0",
        "pytorch_version": "2.9.1+cpu",
        "numpy_version": "1.23.5",
        "end_time_seconds": "1765073603"
    },
    "total": 33.45667850000609,
    "count": 1,
    "self": 0.22756980003032368,
    "children": {
        "run_training.setup": {
            "total": 0.0669245999888517,
            "count": 1,
            "self": 0.0669245999888517
        },
        "TrainerController.start_learning": {
            "total": 33.162184099986916,
            "count": 1,
            "self": 0.049311599708744325,
            "children": {
                "TrainerController._reset_env": {
                    "total": 5.976895700005116,
                    "count": 1,
                    "self": 5.976895700005116
                },
                "TrainerController.advance": {
                    "total": 27.129008700270788,
                    "count": 5654,
                    "self": 0.04710209918266628,
                    "children": {
                        "env_step": {
                            "total": 14.38445440067153,
                            "count": 5654,
                            "self": 12.716564599366393,
                            "children": {
                                "SubprocessEnvManager._take_step": {
                                    "total": 1.63413370057242,
                                    "count": 5654,
                                    "self": 0.12052120063162874,
                                    "children": {
                                        "TorchPolicy.evaluate": {
                                            "total": 1.5136124999407912,
                                            "count": 4192,
                                            "self": 1.5136124999407912
                                        }
                                    }
                                },
                                "workers": {
                                    "total": 0.03375610073271673,
                                    "count": 5654,
                                    "self": 0.0,
                                    "children": {
                                        "worker_root": {
                                            "total": 27.66216720000375,
                                            "count": 5654,
                                            "is_parallel": true,
                                            "self": 17.995586400371394,
                                            "children": {
                                                "steps_from_proto": {
                                                    "total": 0.0002624999906402081,
                                                    "count": 1,