{
    "name": "root",
    "gauges": {
        "3DBall.Policy.Entropy.mean": {
            "value": 1.4169402122497559,
            "min": 1.4169402122497559,
            "max": 1.4252996444702148,
            "count": 4
        },
        "3DBall.Policy.Entropy.sum": {
            "value": 17037.2890625,
            "min": 17037.2890625,
            "max": 17206.216796875,
            "count": 4
        },
        "3DBall.Environment.EpisodeLength.mean": {
            "value": 25.78125,
            "min": 21.022018348623853,
            "max": 25.78125,
            "count": 4
        },
        "3DBall.Environment.EpisodeLength.sum": {
            "value": 11550.0,
            "min": 11457.0,
            "max": 11550.0,
            "count": 4
        },
        "3DBall.Step.mean": {
            "value": 47979.0,
            "min": 11972.0,
            "max": 47979.0,
            "count": 4
        },
        "3DBall.Step.sum": {
            "value": 47979.0,
            "min": 11972.0,
            "max": 47979.0,
            "count": 4
        },
        "3DBall.Policy.ExtrinsicValueEstimate.mean": {
            "value": 0.3116946220397949,
            "min": 0.21523790061473846,
            "max": 0.6813589930534363,
            "count": 4
        },
        "3DBall.Policy.ExtrinsicValueEstimate.sum": {
            "value": 139.63919067382812,
            "min": 107.19293212890625,
            "max": 370.6593017578125,
            "count": 4
        },
        "3DBall.Environment.CumulativeReward.mean": {
            "value": 1.5770088543317147,
            "min": 1.1007352795671015,
            "max": 1.5770088543317147,
            "count": 4
        },
        "3DBall.Environment.CumulativeReward.sum": {
            "value": 706.4999667406082,
            "min": 598.7999920845032,
            "max": 706.4999667406082,
            "count": 4
        },
        "3DBall.Policy.ExtrinsicReward.mean": {
            "value": 1.5770088543317147,
            "min": 1.1007352795671015,
            "max": 1.5770088543317147,
            "count": 4
        },
        "3DBall.Policy.ExtrinsicReward.sum": {
            "value": 706.4999667406082,
            "min": 598.7999920845032,
            "max": 706.4999667406082,
            "count": 4
        },
        "3DBall.IsTraining.mean": {
            "value": 1.0,
            "min": 1.0,
            "max": 1.0,
            "count": 4
        },
        "3DBall.IsTraining.sum": {
            "value": 1.0,
            "min": 1.0,
            "max": 1.0,
            "count": 4
        },
        "3DBall.Losses.PolicyLoss.mean": {
            "value": 0.10191407707882011,
            "min": 0.09564957408258226,
            "max": 0.10242557079445279,
            "count": 3
        },
        "3DBall.Losses.PolicyLoss.sum": {
            "value": 0.10191407707882011,
            "min": 0.09564957408258226,
            "max": 0.10242557079445279,
            "count": 3
        },
        "3DBall.Losses.ValueLoss.mean": {
            "value": 0.2073653916979314,
            "min": 0.20456247814746067,
            "max": 0.3469686510892948,
            "count": 3
        },
        "3DBall.Losses.ValueLoss.sum": {
            "value": 0.2073653916979314,
            "min": 0.20456247814746067,
            "max": 0.3469686510892948,
            "count": 3
        },
        "3DBall.Policy.LearningRate.mean": {
            "value": 0.00027818580727140003,
            "min": 0.00027818580727140003,
            "max": 0.00029272980242340006,
            "count": 3
        },
        "3DBall.Policy.LearningRate.sum": {
            "value": 0.00027818580727140003,
            "min": 0.00027818580727140003,
            "max": 0.00029272980242340006,
            "count": 3
        },
        "3DBall.Policy.Epsilon.mean": {
            "value": 0.1463643,
            "min": 0.1463643,
            "max": 0.14878829999999998,
            "count": 3
        },
        "3DBall.Policy.Epsilon.sum": {
            "value": 0.1463643,
            "min": 0.1463643,
            "max": 0.14878829999999998,
            "count": 3
        },
        "3DBall.Policy.Beta.mean": {
            "value": 0.0011134703400000005,
            "min": 0.0011134703400000005,
            "max": 0.0011711615399999998,
            "count": 3
        },
        "3DBall.Policy.Beta.sum": {
            "value": 0.0011134703400000005,
            "min": 0.0011134703400000005,
            "max": 0.0011711615399999998,
            "count": 3
        }
    },
    "metadata": {
        "timer_format_version": "0.1.0",
        "start_time_seconds": "1765213770",
        "python_version": "3.10.11 (tags/v3.10.11:7d4cc5a, Apr  5 2023, 00:38:17) [MSC v.1929 64 bit (AMD64)]",
        "command_line_arguments": "C:\\Users\\moebn\\Documents\\University\\Project 2-1\\project_2_1_group_7\\venv\\Scripts\\mlagents-learn Config/training_config.yaml --run-id=run_batch_size66_buffer_size12100_learning_rate0.0003_beta0.0012_epsilon0.15 --time-scale=20 --env=3DBall_environment/UnityEnvironment.exe --no-graphics",
        "mlagents_version": "1.0.0",
        "mlagents_envs_version": "1.0.0",
        "communication_protocol_version": "1.5.0",
        "pytorch_version": "2.9.1+cpu",
        "numpy_version": "1.23.5",
        "end_time_seconds": "1765213799"
    },
    "total": 29.411492000013823,
    "count": 1,
    "self": 0.2229296000150498,
    "children": {
        "run_training.setup": {
            "total": 0.08750870000221767,
            "count": 1,
            "self": 0.08750870000221767
        },
        "TrainerController.start_learning": {
            "total": 29.101053699996555,
            "count": 1,
            "self": 0.05101280068629421,
            "children": {
                "TrainerController._reset_env": {
                    "total": 3.766106299997773,
                    "count": 1,
                    "self": 3.766106299997773
                },
                "TrainerController.advance": {
                    "total": 25.27740669931518,
                    "count": 5786,
                    "self": 0.05113339886884205,
                    "children": {
                        "env_step": {
                            "total": 14.197898100217571,
                            "count": 5786,
                            "self": 12.616424801759422,
                            "children": {
                                "SubprocessEnvManager._take_step": {
                                    "total": 1.5461936991487164,
                                    "count": 5786,
                                    "self": 0.12282789891469292,
                                    "children": {
                                        "TorchPolicy.evaluate": {
                                            "total": 1.4233658002340235,
                                            "count": 4191,
                                            "self": 1.4233658002340235
                                        }
                                    }
                                },
                                "workers": {
                                    "total": 0.03527959930943325,
                                    "count": 5786,
                                    "self": 0.0,
                                    "children": {
                                        "worker_root": {
                                            "total": 26.03895990055753,
                                            "count": 5786,
                                            "is_parallel": true,
                                            "self": 16.52149710111553,
                                            "children": {
                                                "steps_from_proto": {
                                                    "total": 0.0011131000064779073,
                                                    "count": 1,