{
    "name": "root",
    "gauges": {
        "3DBall.Policy.Entropy.mean": {
            "value": 1.3981271982192993,
            "min": 1.3981271982192993,
            "max": 1.4189382791519165,
            "count": 4
        },
        "3DBall.Policy.Entropy.sum": {
            "value": 16660.083984375,
            "min": 16660.083984375,
            "max": 17231.5859375,
            "count": 4
        },
        "3DBall.Environment.EpisodeLength.mean": {
            "value": 26.75462962962963,
            "min": 21.60828625235405,
            "max": 26.75462962962963,
            "count": 4
        },
        "3DBall.Environment.EpisodeLength.sum": {
            "value": 11558.0,
            "min": 11474.0,
            "max": 11558.0,
            "count": 4
        },
        "3DBall.Step.mean": {
            "value": 47999.0,
            "min": 11988.0,
            "max": 47999.0,
            "count": 4
        },
        "3DBall.Step.sum": {
            "value": 47999.0,
            "min": 11988.0,
            "max": 47999.0,
            "count": 4
        },
        "3DBall.Policy.ExtrinsicValueEstimate.mean": {
            "value": 0.30603182315826416,
            "min": 0.06667239964008331,
            "max": 0.30603182315826416,
            "count": 4
        },
        "3DBall.Policy.ExtrinsicValueEstimate.sum": {
            "value": 132.20574951171875,
            "min": 35.33637237548828,
            "max": 132.20574951171875,
            "count": 4
        },
        "3DBall.Environment.CumulativeReward.mean": {
            "value": 1.6780092122930068,
            "min": 1.1618867635726928,
            "max": 1.6780092122930068,
            "count": 4
        },
        "3DBall.Environment.CumulativeReward.sum": {
            "value": 724.8999797105789,
            "min": 615.7999846935272,
            "max": 724.8999797105789,
            "count": 4
        },
        "3DBall.Policy.ExtrinsicReward.mean": {
            "value": 1.6780092122930068,
            "min": 1.1618867635726928,
            "max": 1.6780092122930068,
            "count": 4
        },
        "3DBall.Policy.ExtrinsicReward.sum": {
            "value": 724.8999797105789,
            "min": 615.7999846935272,
            "max": 724.8999797105789,
            "count": 4
        },
        "3DBall.IsTraining.mean": {
            "value": 1.0,
            "min": 1.0,
            "max": 1.0,
            "count": 4
        },
        "3DBall.IsTraining.sum": {
            "value": 1.0,
            "min": 1.0,
            "max": 1.0,
            "count": 4
        },
        "3DBall.Losses.PolicyLoss.mean": {
            "value": 0.2149110031302519,
            "min": 0.21124725801656163,
            "max": 0.2149110031302519,
            "count": 2
        },
        "3DBall.Losses.PolicyLoss.sum": {
            "value": 0.2149110031302519,
            "min": 0.21124725801656163,
            "max": 0.2149110031302519,
            "count": 2
        },
        "3DBall.Losses.ValueLoss.mean": {
            "value": 0.16841645500444744,
            "min": 0.16841645500444744,
            "max": 0.1988005692340489,
            "count": 2
        },
        "3DBall.Losses.ValueLoss.sum": {
            "value": 0.16841645500444744,
            "min": 0.16841645500444744,
            "max": 0.1988005692340489,
            "count": 2
        },
        "3DBall.Policy.LearningRate.mean": {
            "value": 0.0001864604067698,
            "min": 0.0001864604067698,
            "max": 0.00019323280338360004,
            "count": 2
        },
        "3DBall.Policy.LearningRate.sum": {
            "value": 0.0001864604067698,
            "min": 0.0001864604067698,
            "max": 0.00019323280338360004,
            "count": 2
        },
        "3DBall.Policy.Epsilon.mean": {
            "value": 0.2864604,
            "min": 0.2864604,
            "max": 0.2932328,
            "count": 2
        },
        "3DBall.Policy.Epsilon.sum": {
            "value": 0.2864604,
            "min": 0.2864604,
            "max": 0.2932328,
            "count": 2
        },
        "3DBall.Policy.Beta.mean": {
            "value": 0.0011194393799999999,
            "min": 0.0011194393799999999,
            "max": 0.00115973516,
            "count": 2
        },
        "3DBall.Policy.Beta.sum": {
            "value": 0.0011194393799999999,
            "min": 0.0011194393799999999,
            "max": 0.00115973516,
            "count": 2
        }
    },
    "metadata": {
        "timer_format_version": "0.1.0",
        "start_time_seconds": "1764960821",
        "python_version": "3.10.11 (tags/v3.10.11:7d4cc5a, Apr  5 2023, 00:38:17) [MSC v.1929 64 bit (AMD64)]",
        "command_line_arguments": "C:\\Users\\moebn\\Documents\\University\\Project 2-1\\project_2_1_group_7\\venv\\Scripts\\mlagents-learn Config/training_config.yaml --run-id=run_batch_size14_buffer_size16900_learning_rate0.0002_beta0.0012_epsilon0.3 --time-scale=20 --env=3DBall_environment/UnityEnvironment.exe --no-graphics",
        "mlagents_version": "1.0.0",
        "mlagents_envs_version": "1.0.0",
        "communication_protocol_version": "1.5.0",
        "pytorch_version": "2.9.1+cpu",
        "numpy_version": "1.23.5",
        "end_time_seconds": "1764960857"
    },
    "total": 35.58948260000034,
    "count": 1,
    "self": 0.16292349999639555,
    "children": {
        "run_training.setup": {
            "total": 0.06453180000244174,
            "count": 1,
            "self": 0.06453180000244174
        },
        "TrainerController.start_learning": {
            "total": 35.3620273000015,
            "count": 1,
            "self": 0.05015079990334925,
            "children": {
                "TrainerController._reset_env": {
                    "total": 3.322177099998953,
                    "count": 1,
                    "self": 3.322177099998953
                },
                "TrainerController.advance": {
                    "total": 31.98294860009628,
                    "count": 5736,
                    "self": 0.048699100170779275,
                    "children": {
                        "env_step": {
                            "total": 14.182295499937027,
                            "count": 5736,
                            "self": 12.587843800018163,
                            "children": {
                                "SubprocessEnvManager._take_step": {
                                    "total": 1.560024399914255,
                                    "count": 5736,
                                    "self": 0.12041599977601436,
                                    "children": {
                                        "TorchPolicy.evaluate": {
                                            "total": 1.4396084001382405,
                                            "count": 4185,
                                            "self": 1.4396084001382405
                                        }
                                    }
                                },
                                "workers": {
                                    "total": 0.034427300004608696,
                                    "count": 5736,
                                    "self": 0.0,
                                    "children": {
                                        "worker_root": {
                                            "total": 32.46801609997419,
                                            "count": 5736,
                                            "is_parallel": true,
                                            "self": 22.878307700015284,
                                            "children": {
                                                "steps_from_proto": {
                                                    "total": 0.0002733999972406309,
                                                    "count": 1,
                                                    "is_parallel": true,