{
    "name": "root",
    "gauges": {
        "3DBall.Policy.Entropy.mean": {
            "value": 1.3370263576507568,
            "min": 1.3370263576507568,
            "max": 1.4114563465118408,
            "count": 4
        },
        "3DBall.Policy.Entropy.sum": {
            "value": 17087.197265625,
            "min": 17087.197265625,
            "max": 22770.8046875,
            "count": 4
        },
        "3DBall.Environment.EpisodeLength.mean": {
            "value": 750.0,
            "min": 21.99425287356322,
            "max": 750.0,
            "count": 4
        },
        "3DBall.Environment.EpisodeLength.sum": {
            "value": 12000.0,
            "min": 11481.0,
            "max": 12355.0,
            "count": 4
        },
        "3DBall.Step.mean": {
            "value": 47472.0,
            "min": 11987.0,
            "max": 47472.0,
            "count": 4
        },
        "3DBall.Step.sum": {
            "value": 47472.0,
            "min": 11987.0,
            "max": 47472.0,
            "count": 4
        },
        "3DBall.Policy.ExtrinsicValueEstimate.mean": {
            "value": 6.934493064880371,
            "min": 0.08140566945075989,
            "max": 6.934493064880371,
            "count": 4
        },
        "3DBall.Policy.ExtrinsicValueEstimate.sum": {
            "value": 110.95188903808594,
            "min": 42.412353515625,
            "max": 190.18035888671875,
            "count": 4
        },
        "3DBall.Environment.CumulativeReward.mean": {
            "value": 74.68751180171967,
            "min": 1.2007677175261924,
            "max": 74.68751180171967,
            "count": 4
        },
        "3DBall.Environment.CumulativeReward.sum": {
            "value": 1195.0001888275146,
            "min": 625.5999808311462,
            "max": 1195.0001888275146,
            "count": 4
        },
        "3DBall.Policy.ExtrinsicReward.mean": {
            "value": 74.68751180171967,
            "min": 1.2007677175261924,
            "max": 74.68751180171967,
            "count": 4
        },
        "3DBall.Policy.ExtrinsicReward.sum": {
            "value": 1195.0001888275146,
            "min": 625.5999808311462,
            "max": 1195.0001888275146,
            "count": 4
        },
        "3DBall.Losses.PolicyLoss.mean": {
            "value": 0.1232407597141762,
            "min": 0.1232407597141762,
            "max": 0.12539149617488954,
            "count": 4
        },
        "3DBall.Losses.PolicyLoss.sum": {
            "value": 0.2464815194283524,
            "min": 0.2464815194283524,
            "max": 0.3758867317212853,
            "count": 4
        },
        "3DBall.Losses.ValueLoss.mean": {
            "value": 1.5060581975567582,
            "min": 0.24250643593090965,
            "max": 2.316899269331922,
            "count": 4
        },
        "3DBall.Losses.ValueLoss.sum": {
            "value": 3.0121163951135164,
            "min": 0.4850128718618193,
            "max": 6.950697807995766,
            "count": 4
        },
        "3DBall.Policy.LearningRate.mean": {
            "value": 0.0004574165085166998,
            "min": 0.0004574165085166998,
            "max": 0.0004926355014729,
            "count": 4
        },
        "3DBall.Policy.LearningRate.sum": {
            "value": 0.0009148330170333996,
            "min": 0.0009148330170333996,
            "max": 0.0014113600177280004,
            "count": 4
        },
        "3DBall.Policy.Epsilon.mean": {
            "value": 0.28296659999999996,
            "min": 0.28296659999999996,
            "max": 0.29705419999999993,
            "count": 4
        },
        "3DBall.Policy.Epsilon.sum": {
            "value": 0.5659331999999999,
            "min": 0.5659331999999999,
            "max": 0.8645440000000002,
            "count": 4
        },
        "3DBall.Policy.Beta.mean": {
            "value": 0.0012816178699999996,
            "min": 0.0012816178699999996,
            "max": 0.0013795266899999997,
            "count": 4
        },
        "3DBall.Policy.Beta.sum": {
            "value": 0.0025632357399999993,
            "min": 0.0025632357399999993,
            "max": 0.003953580799999999,
            "count": 4
        },
        "3DBall.IsTraining.mean": {
            "value": 1.0,
            "min": 1.0,
            "max": 1.0,
            "count": 4
        },
        "3DBall.IsTraining.sum": {
            "value": 1.0,
            "min": 1.0,
            "max": 1.0,
            "count": 4
        }
    },
    "metadata": {
        "timer_format_version": "0.1.0",
        "start_time_seconds": "1765097430",
        "python_version": "3.10.11 (tags/v3.10.11:7d4cc5a, Apr  5 2023, 00:38:17) [MSC v.1929 64 bit (AMD64)]",
        "command_line_arguments": "C:\\Users\\moebn\\Documents\\University\\Project 2-1\\project_2_1_group_7\\venv\\Scripts\\mlagents-learn Config/training_config.yaml --run-id=run_batch_size40_buffer_size4900_learning_rate0.0005_beta0.0014_epsilon0.3 --time-scale=20 --env=3DBall_environment/UnityEnvironment.exe --no-graphics",
        "mlagents_version": "1.0.0",
        "mlagents_envs_version": "1.0.0",
        "communication_protocol_version": "1.5.0",
        "pytorch_version": "2.9.1+cpu",
        "numpy_version": "1.23.5",
        "end_time_seconds": "1765097460"
    },
    "total": 29.82137240000884,
    "count": 1,
    "self": 0.14460249998955987,
    "children": {
        "run_training.setup": {
            "total": 0.06851589999860153,
            "count": 1,
            "self": 0.06851589999860153
        },
        "TrainerController.start_learning": {
            "total": 29.60825400002068,
            "count": 1,
            "self": 0.04518679992179386,
            "children": {
                "TrainerController._reset_env": {
                    "total": 3.458575299999211,
                    "count": 1,
                    "self": 3.458575299999211
                },
                "TrainerController.advance": {
                    "total": 26.097992200113367,
                    "count": 5270,
                    "self": 0.04285770142450929,
                    "children": {
                        "env_step": {
                            "total": 14.450271998677636,
                            "count": 5270,
                            "self": 12.721629398380173,
                            "children": {
                                "SubprocessEnvManager._take_step": {
                                    "total": 1.697594400815433,
                                    "count": 5270,
                                    "self": 0.1265353012131527,
                                    "children": {
                                        "TorchPolicy.evaluate": {
                                            "total": 1.5710590996022802,
                                            "count": 4534,
                                            "self": 1.5710590996022802
                                        }
                                    }
                                },
                                "workers": {
                                    "total": 0.031048199482029304,
                                    "count": 5270,
                                    "self": 0.0,
                                    "children": {
                                        "worker_root": {
                                            "total": 26.700717500934843,
                                            "count": 5270,
                                            "is_parallel": true,
                                            "self": 16.856685502105393,
                                            "children": {
                                                "steps_from_proto": {
                                                    "total": 0.0002567000046838075,
                                                    "count": 1,