{
    "name": "root",
    "gauges": {
        "3DBall.Policy.Entropy.mean": {
            "value": 1.4024944305419922,
            "min": 1.4024944305419922,
            "max": 1.4175498485565186,
            "count": 4
        },
        "3DBall.Policy.Entropy.sum": {
            "value": 16813.103515625,
            "min": 16813.103515625,
            "max": 17231.736328125,
            "count": 4
        },
        "3DBall.Environment.EpisodeLength.mean": {
            "value": 29.465822784810126,
            "min": 22.42105263157895,
            "max": 29.465822784810126,
            "count": 4
        },
        "3DBall.Environment.EpisodeLength.sum": {
            "value": 11639.0,
            "min": 11502.0,
            "max": 11639.0,
            "count": 4
        },
        "3DBall.Step.mean": {
            "value": 47978.0,
            "min": 11984.0,
            "max": 47978.0,
            "count": 4
        },
        "3DBall.Step.sum": {
            "value": 47978.0,
            "min": 11984.0,
            "max": 47978.0,
            "count": 4
        },
        "3DBall.Policy.ExtrinsicValueEstimate.mean": {
            "value": 0.48201972246170044,
            "min": -0.46445155143737793,
            "max": 0.48201972246170044,
            "count": 4
        },
        "3DBall.Policy.ExtrinsicValueEstimate.sum": {
            "value": 189.43374633789062,
            "min": -237.7991943359375,
            "max": 189.43374633789062,
            "count": 4
        },
        "3DBall.Environment.CumulativeReward.mean": {
            "value": 1.9506360553299804,
            "min": 1.2406249535270035,
            "max": 1.9506360553299804,
            "count": 4
        },
        "3DBall.Environment.CumulativeReward.sum": {
            "value": 766.5999697446823,
            "min": 635.1999762058258,
            "max": 766.5999697446823,
            "count": 4
        },
        "3DBall.Policy.ExtrinsicReward.mean": {
            "value": 1.9506360553299804,
            "min": 1.2406249535270035,
            "max": 1.9506360553299804,
            "count": 4
        },
        "3DBall.Policy.ExtrinsicReward.sum": {
            "value": 766.5999697446823,
            "min": 635.1999762058258,
            "max": 766.5999697446823,
            "count": 4
        },
        "3DBall.Losses.PolicyLoss.mean": {
            "value": 0.11206316292981548,
            "min": 0.10695477251401544,
            "max": 0.11206316292981548,
            "count": 4
        },
        "3DBall.Losses.PolicyLoss.sum": {
            "value": 0.11206316292981548,
            "min": 0.10695477251401544,
            "max": 0.11206316292981548,
            "count": 4
        },
        "3DBall.Losses.ValueLoss.mean": {
            "value": 0.38527549553547186,
            "min": 0.2248890960422804,
            "max": 0.4777541601918434,
            "count": 4
        },
        "3DBall.Losses.ValueLoss.sum": {
            "value": 0.38527549553547186,
            "min": 0.2248890960422804,
            "max": 0.4777541601918434,
            "count": 4
        },
        "3DBall.Policy.LearningRate.mean": {
            "value": 0.0001844704077648,
            "min": 0.0001844704077648,
            "max": 0.00019611560194219998,
            "count": 4
        },
        "3DBall.Policy.LearningRate.sum": {
            "value": 0.0001844704077648,
            "min": 0.0001844704077648,
            "max": 0.00019611560194219998,
            "count": 4
        },
        "3DBall.Policy.Epsilon.mean": {
            "value": 0.1461176,
            "min": 0.1461176,
            "max": 0.14902889999999996,
            "count": 4
        },
        "3DBall.Policy.Epsilon.sum": {
            "value": 0.1461176,
            "min": 0.1461176,
            "max": 0.14902889999999996,
            "count": 4
        },
        "3DBall.Policy.Beta.mean": {
            "value": 0.0011998340800000002,
            "min": 0.0011998340800000002,
            "max": 0.0012749456199999997,
            "count": 4
        },
        "3DBall.Policy.Beta.sum": {
            "value": 0.0011998340800000002,
            "min": 0.0011998340800000002,
            "max": 0.0012749456199999997,
            "count": 4
        },
        "3DBall.IsTraining.mean": {
            "value": 1.0,
            "min": 1.0,
            "max": 1.0,
            "count": 4
        },
        "3DBall.IsTraining.sum": {
            "value": 1.0,
            "min": 1.0,
            "max": 1.0,
            "count": 4
        }
    },
    "metadata": {
        "timer_format_version": "0.1.0",
        "start_time_seconds": "1765145802",
        "python_version": "3.10.11 (tags/v3.10.11:7d4cc5a, Apr  5 2023, 00:38:17) [MSC v.1929 64 bit (AMD64)]",
        "command_line_arguments": "C:\\Users\\moebn\\Documents\\University\\Project 2-1\\project_2_1_group_7\\venv\\Scripts\\mlagents-learn Config/training_config.yaml --run-id=run_batch_size53_buffer_size9700_learning_rate0.0002_beta0.0013_epsilon0.15 --time-scale=20 --env=3DBall_environment/UnityEnvironment.exe --no-graphics",
        "mlagents_version": "1.0.0",
        "mlagents_envs_version": "1.0.0",
        "communication_protocol_version": "1.5.0",
        "pytorch_version": "2.9.1+cpu",
        "numpy_version": "1.23.5",
        "end_time_seconds": "1765145833"
    },
    "total": 30.837661700003082,
    "count": 1,
    "self": 0.2110499999835156,
    "children": {
        "run_training.setup": {
            "total": 0.07431210001232103,
            "count": 1,
            "self": 0.07431210001232103
        },
        "TrainerController.start_learning": {
            "total": 30.552299600007245,
            "count": 1,
            "self": 0.05125719984062016,
            "children": {
                "TrainerController._reset_env": {
                    "total": 4.715492599993013,
                    "count": 1,
                    "self": 4.715492599993013
                },
                "TrainerController.advance": {
                    "total": 25.779346100171097,
                    "count": 5658,
                    "self": 0.047761000285390764,
                    "children": {
                        "env_step": {
                            "total": 13.920579099998577,
                            "count": 5658,
                            "self": 12.33029780042125,
                            "children": {
                                "SubprocessEnvManager._take_step": {
                                    "total": 1.5562558995734435,
                                    "count": 5658,
                                    "self": 0.12105349989724346,
                                    "children": {
                                        "TorchPolicy.evaluate": {
                                            "total": 1.4352023996762,
                                            "count": 4193,
                                            "self": 1.4352023996762
                                        }
                                    }
                                },
                                "workers": {
                                    "total": 0.03402540000388399,
                                    "count": 5658,
                                    "self": 0.0,
                                    "children": {
                                        "worker_root": {
                                            "total": 26.377332000934985,
                                            "count": 5658,
                                            "is_parallel": true,
                                            "self": 16.982539599674055,
                                            "children": {
                                                "steps_from_proto": {
                                                    "total": 0.00022170000011101365,
                                                    "count": 1,