{
    "name": "root",
    "gauges": {
        "3DBall.Policy.Entropy.mean": {
            "value": 1.4133307933807373,
            "min": 1.4133307933807373,
            "max": 1.4189382791519165,
            "count": 4
        },
        "3DBall.Policy.Entropy.sum": {
            "value": 17112.609375,
            "min": 17006.25,
            "max": 17214.55859375,
            "count": 4
        },
        "3DBall.Environment.EpisodeLength.mean": {
            "value": 28.590123456790124,
            "min": 20.979853479853478,
            "max": 28.590123456790124,
            "count": 4
        },
        "3DBall.Environment.EpisodeLength.sum": {
            "value": 11579.0,
            "min": 11455.0,
            "max": 11579.0,
            "count": 4
        },
        "3DBall.Step.mean": {
            "value": 47998.0,
            "min": 11986.0,
            "max": 47998.0,
            "count": 4
        },
        "3DBall.Step.sum": {
            "value": 47998.0,
            "min": 11986.0,
            "max": 47998.0,
            "count": 4
        },
        "3DBall.Policy.ExtrinsicValueEstimate.mean": {
            "value": 0.37212878465652466,
            "min": -0.011023090220987797,
            "max": 0.37212878465652466,
            "count": 4
        },
        "3DBall.Policy.ExtrinsicValueEstimate.sum": {
            "value": 150.712158203125,
            "min": -6.007584095001221,
            "max": 150.712158203125,
            "count": 4
        },
        "3DBall.Environment.CumulativeReward.mean": {
            "value": 1.8639505624771118,
            "min": 1.0992660259981768,
            "max": 1.8639505624771118,
            "count": 4
        },
        "3DBall.Environment.CumulativeReward.sum": {
            "value": 754.8999778032303,
            "min": 599.0999841690063,
            "max": 754.8999778032303,
            "count": 4
        },
        "3DBall.Policy.ExtrinsicReward.mean": {
            "value": 1.8639505624771118,
            "min": 1.0992660259981768,
            "max": 1.8639505624771118,
            "count": 4
        },
        "3DBall.Policy.ExtrinsicReward.sum": {
            "value": 754.8999778032303,
            "min": 599.0999841690063,
            "max": 754.8999778032303,
            "count": 4
        },
        "3DBall.IsTraining.mean": {
            "value": 1.0,
            "min": 1.0,
            "max": 1.0,
            "count": 4
        },
        "3DBall.IsTraining.sum": {
            "value": 1.0,
            "min": 1.0,
            "max": 1.0,
            "count": 4
        },
        "3DBall.Losses.PolicyLoss.mean": {
            "value": 0.09617881343295805,
            "min": 0.09617881343295805,
            "max": 0.0986192150475483,
            "count": 3
        },
        "3DBall.Losses.PolicyLoss.sum": {
            "value": 0.09617881343295805,
            "min": 0.09617881343295805,
            "max": 0.0986192150475483,
            "count": 3
        },
        "3DBall.Losses.ValueLoss.mean": {
            "value": 0.345547552227611,
            "min": 0.24098891236565328,
            "max": 0.345547552227611,
            "count": 3
        },
        "3DBall.Losses.ValueLoss.sum": {
            "value": 0.345547552227611,
            "min": 0.24098891236565328,
            "max": 0.345547552227611,
            "count": 3
        },
        "3DBall.Policy.LearningRate.mean": {
            "value": 0.0001825736087132,
            "min": 0.0001825736087132,
            "max": 0.00019419400290300007,
            "count": 3
        },
        "3DBall.Policy.LearningRate.sum": {
            "value": 0.0001825736087132,
            "min": 0.0001825736087132,
            "max": 0.00019419400290300007,
            "count": 3
        },
        "3DBall.Policy.Epsilon.mean": {
            "value": 0.23693020000000004,
            "min": 0.23693020000000004,
            "max": 0.2456455,
            "count": 3
        },
        "3DBall.Policy.Epsilon.sum": {
            "value": 0.23693020000000004,
            "min": 0.23693020000000004,
            "max": 0.2456455,
            "count": 3
        },
        "3DBall.Policy.Beta.mean": {
            "value": 0.0011875997199999998,
            "min": 0.0011875997199999998,
            "max": 0.0012625512999999997,
            "count": 3
        },
        "3DBall.Policy.Beta.sum": {
            "value": 0.0011875997199999998,
            "min": 0.0011875997199999998,
            "max": 0.0012625512999999997,
            "count": 3
        }
    },
    "metadata": {
        "timer_format_version": "0.1.0",
        "start_time_seconds": "1765217675",
        "python_version": "3.10.11 (tags/v3.10.11:7d4cc5a, Apr  5 2023, 00:38:17) [MSC v.1929 64 bit (AMD64)]",
        "command_line_arguments": "C:\\Users\\moebn\\Documents\\University\\Project 2-1\\project_2_1_group_7\\venv\\Scripts\\mlagents-learn Config/training_config.yaml --run-id=run_batch_size66_buffer_size14500_learning_rate0.0002_beta0.0013_epsilon0.25 --time-scale=20 --env=3DBall_environment/UnityEnvironment.exe --no-graphics",
        "mlagents_version": "1.0.0",
        "mlagents_envs_version": "1.0.0",
        "communication_protocol_version": "1.5.0",
        "pytorch_version": "2.9.1+cpu",
        "numpy_version": "1.23.5",
        "end_time_seconds": "1765217705"
    },
    "total": 30.46899559997837,
    "count": 1,
    "self": 0.2389660999760963,
    "children": {
        "run_training.setup": {
            "total": 0.08983710000757128,
            "count": 1,
            "self": 0.08983710000757128
        },
        "TrainerController.start_learning": {
            "total": 30.140192399994703,
            "count": 1,
            "self": 0.05087770035606809,
            "children": {
                "TrainerController._reset_env": {
                    "total": 6.409311900002649,
                    "count": 1,
                    "self": 6.409311900002649
                },
                "TrainerController.advance": {
                    "total": 23.673955899634166,
                    "count": 5699,
                    "self": 0.048505398095585406,
                    "children": {
                        "env_step": {
                            "total": 14.195375100563979,
                            "count": 5699,
                            "self": 12.602680202922784,
                            "children": {
                                "SubprocessEnvManager._take_step": {
                                    "total": 1.5574969993904233,
                                    "count": 5699,
                                    "self": 0.12336849863640964,
                                    "children": {
                                        "TorchPolicy.evaluate": {
                                            "total": 1.4341285007540137,
                                            "count": 4197,
                                            "self": 1.4341285007540137
                                        }
                                    }
                                },
                                "workers": {
                                    "total": 0.035197898250771686,
                                    "count": 5699,
                                    "self": 0.0,
                                    "children": {
                                        "worker_root": {
                                            "total": 24.52836340034264,
                                            "count": 5699,
                                            "is_parallel": true,
                                            "self": 14.963467700057663,
                                            "children": {
                                                "steps_from_proto": {
                                                    "total": 0.0016351999947801232,
                                                    "count": 1,