{
    "name": "root",
    "gauges": {
        "3DBall.Policy.Entropy.mean": {
            "value": 1.415831208229065,
            "min": 1.415831208229065,
            "max": 1.4179192781448364,
            "count": 4
        },
        "3DBall.Policy.Entropy.sum": {
            "value": 17278.8046875,
            "min": 17031.16015625,
            "max": 17278.8046875,
            "count": 4
        },
        "3DBall.Environment.EpisodeLength.mean": {
            "value": 36.666666666666664,
            "min": 21.79506641366224,
            "max": 36.666666666666664,
            "count": 4
        },
        "3DBall.Environment.EpisodeLength.sum": {
            "value": 11660.0,
            "min": 11486.0,
            "max": 11660.0,
            "count": 4
        },
        "3DBall.Step.mean": {
            "value": 47955.0,
            "min": 11996.0,
            "max": 47955.0,
            "count": 4
        },
        "3DBall.Step.sum": {
            "value": 47955.0,
            "min": 11996.0,
            "max": 47955.0,
            "count": 4
        },
        "3DBall.Policy.ExtrinsicValueEstimate.mean": {
            "value": 0.759263813495636,
            "min": 0.03639337047934532,
            "max": 0.759263813495636,
            "count": 4
        },
        "3DBall.Policy.ExtrinsicValueEstimate.sum": {
            "value": 241.44589233398438,
            "min": 19.142911911010742,
            "max": 241.44589233398438,
            "count": 4
        },
        "3DBall.Environment.CumulativeReward.mean": {
            "value": 2.660062871639084,
            "min": 1.180608325358126,
            "max": 2.660062871639084,
            "count": 4
        },
        "3DBall.Environment.CumulativeReward.sum": {
            "value": 845.8999931812286,
            "min": 620.9999791383743,
            "max": 845.8999931812286,
            "count": 4
        },
        "3DBall.Policy.ExtrinsicReward.mean": {
            "value": 2.660062871639084,
            "min": 1.180608325358126,
            "max": 2.660062871639084,
            "count": 4
        },
        "3DBall.Policy.ExtrinsicReward.sum": {
            "value": 845.8999931812286,
            "min": 620.9999791383743,
            "max": 845.8999931812286,
            "count": 4
        },
        "3DBall.Losses.PolicyLoss.mean": {
            "value": 0.1040041642525634,
            "min": 0.1018705447130597,
            "max": 0.10849981266438999,
            "count": 4
        },
        "3DBall.Losses.PolicyLoss.sum": {
            "value": 0.2080083285051268,
            "min": 0.2037410894261194,
            "max": 0.3230624168667032,
            "count": 4
        },
        "3DBall.Losses.ValueLoss.mean": {
            "value": 0.6776954460292892,
            "min": 0.3466865116514374,
            "max": 0.6776954460292892,
            "count": 4
        },
        "3DBall.Losses.ValueLoss.sum": {
            "value": 1.3553908920585784,
            "min": 0.6933730233028748,
            "max": 1.3771357540060367,
            "count": 4
        },
        "3DBall.Policy.LearningRate.mean": {
            "value": 9.16381083619e-05,
            "min": 9.16381083619e-05,
            "max": 9.852850147149999e-05,
            "count": 4
        },
        "3DBall.Policy.LearningRate.sum": {
            "value": 0.0001832762167238,
            "min": 0.0001832762167238,
            "max": 0.00028231181768819996,
            "count": 4
        },
        "3DBall.Policy.Epsilon.mean": {
            "value": 0.09999999999999998,
            "min": 0.09999999999999998,
            "max": 0.09999999999999998,
            "count": 4
        },
        "3DBall.Policy.Epsilon.sum": {
            "value": 0.19999999999999996,
            "min": 0.19999999999999996,
            "max": 0.29999999999999993,
            "count": 4
        },
        "3DBall.Policy.Beta.mean": {
            "value": 0.0011921314899999997,
            "min": 0.0011921314899999997,
            "max": 0.0012810176500000002,
            "count": 4
        },
        "3DBall.Policy.Beta.sum": {
            "value": 0.0023842629799999994,
            "min": 0.0023842629799999994,
            "max": 0.00367182222,
            "count": 4
        },
        "3DBall.IsTraining.mean": {
            "value": 1.0,
            "min": 1.0,
            "max": 1.0,
            "count": 4
        },
        "3DBall.IsTraining.sum": {
            "value": 1.0,
            "min": 1.0,
            "max": 1.0,
            "count": 4
        }
    },
    "metadata": {
        "timer_format_version": "0.1.0",
        "start_time_seconds": "1765135411",
        "python_version": "3.10.11 (tags/v3.10.11:7d4cc5a, Apr  5 2023, 00:38:17) [MSC v.1929 64 bit (AMD64)]",
        "command_line_arguments": "C:\\Users\\moebn\\Documents\\University\\Project 2-1\\project_2_1_group_7\\venv\\Scripts\\mlagents-learn Config/training_config.yaml --run-id=run_batch_size53_buffer_size4900_learning_rate0.0001_beta0.0013_epsilon0.1 --time-scale=20 --env=3DBall_environment/UnityEnvironment.exe --no-graphics",
        "mlagents_version": "1.0.0",
        "mlagents_envs_version": "1.0.0",
        "communication_protocol_version": "1.5.0",
        "pytorch_version": "2.9.1+cpu",
        "numpy_version": "1.23.5",
        "end_time_seconds": "1765135440"
    },
    "total": 29.112786799989408,
    "count": 1,
    "self": 0.1652905999799259,
    "children": {
        "run_training.setup": {
            "total": 0.07379860000219196,
            "count": 1,
            "self": 0.07379860000219196
        },
        "TrainerController.start_learning": {
            "total": 28.87369760000729,
            "count": 1,
            "self": 0.04740089789265767,
            "children": {
                "TrainerController._reset_env": {
                    "total": 3.414308599982178,
                    "count": 1,
                    "self": 3.414308599982178
                },
                "TrainerController.advance": {
                    "total": 25.405084602127317,
                    "count": 5549,
                    "self": 0.04724060426815413,
                    "children": {
                        "env_step": {
                            "total": 13.990712798782624,
                            "count": 5549,
                            "self": 12.498714598768856,
                            "children": {
                                "SubprocessEnvManager._take_step": {
                                    "total": 1.4590039011090994,
                                    "count": 5549,
                                    "self": 0.11900340151623823,
                                    "children": {
                                        "TorchPolicy.evaluate": {
                                            "total": 1.3400004995928612,
                                            "count": 4189,
                                            "self": 1.3400004995928612
                                        }
                                    }
                                },
                                "workers": {
                                    "total": 0.03299429890466854,
                                    "count": 5549,
                                    "self": 0.0,
                                    "children": {
                                        "worker_root": {
                                            "total": 25.981681900389958,
                                            "count": 5549,
                                            "is_parallel": true,
                                            "self": 16.399301099329023,
                                            "children": {
                                                "steps_from_proto": {
                                                    "total": 0.0002373000024817884,
                                                    "count": 1,