{
    "name": "root",
    "gauges": {
        "3DBall.Policy.Entropy.mean": {
            "value": 1.3299368619918823,
            "min": 1.3299368619918823,
            "max": 1.4122856855392456,
            "count": 4
        },
        "3DBall.Policy.Entropy.sum": {
            "value": 19693.705078125,
            "min": 16830.62890625,
            "max": 19693.705078125,
            "count": 4
        },
        "3DBall.Environment.EpisodeLength.mean": {
            "value": 264.63829787234044,
            "min": 24.230607966457022,
            "max": 264.63829787234044,
            "count": 4
        },
        "3DBall.Environment.EpisodeLength.sum": {
            "value": 12438.0,
            "min": 11558.0,
            "max": 12438.0,
            "count": 4
        },
        "3DBall.Step.mean": {
            "value": 47891.0,
            "min": 11984.0,
            "max": 47891.0,
            "count": 4
        },
        "3DBall.Step.sum": {
            "value": 47891.0,
            "min": 11984.0,
            "max": 47891.0,
            "count": 4
        },
        "3DBall.Policy.ExtrinsicValueEstimate.mean": {
            "value": 4.126348495483398,
            "min": 0.17848245799541473,
            "max": 4.126348495483398,
            "count": 4
        },
        "3DBall.Policy.ExtrinsicValueEstimate.sum": {
            "value": 193.93838500976562,
            "min": 84.95764923095703,
            "max": 296.2989196777344,
            "count": 4
        },
        "3DBall.Environment.CumulativeReward.mean": {
            "value": 24.629790762637523,
            "min": 1.4176469983673896,
            "max": 24.629790762637523,
            "count": 4
        },
        "3DBall.Environment.CumulativeReward.sum": {
            "value": 1157.6001658439636,
            "min": 674.7999712228775,
            "max": 1157.6001658439636,
            "count": 4
        },
        "3DBall.Policy.ExtrinsicReward.mean": {
            "value": 24.629790762637523,
            "min": 1.4176469983673896,
            "max": 24.629790762637523,
            "count": 4
        },
        "3DBall.Policy.ExtrinsicReward.sum": {
            "value": 1157.6001658439636,
            "min": 674.7999712228775,
            "max": 1157.6001658439636,
            "count": 4
        },
        "3DBall.Losses.PolicyLoss.mean": {
            "value": 0.8252050186029756,
            "min": 0.7686621146015311,
            "max": 0.8378366376498406,
            "count": 4
        },
        "3DBall.Losses.PolicyLoss.sum": {
            "value": 1.6504100372059511,
            "min": 1.5373242292030622,
            "max": 2.5135099129495218,
            "count": 4
        },
        "3DBall.Losses.ValueLoss.mean": {
            "value": 3.1352454739394364,
            "min": 0.23575568315344936,
            "max": 3.1352454739394364,
            "count": 4
        },
        "3DBall.Losses.ValueLoss.sum": {
            "value": 6.270490947878873,
            "min": 0.4715113663068987,
            "max": 6.270490947878873,
            "count": 4
        },
        "3DBall.Policy.LearningRate.mean": {
            "value": 0.0001830214084893,
            "min": 0.0001830214084893,
            "max": 0.00019704920147539998,
            "count": 4
        },
        "3DBall.Policy.LearningRate.sum": {
            "value": 0.0003660428169786,
            "min": 0.0003660428169786,
            "max": 0.0005645716177142001,
            "count": 4
        },
        "3DBall.Policy.Epsilon.mean": {
            "value": 0.19151070000000003,
            "min": 0.19151070000000003,
            "max": 0.1985246,
            "count": 4
        },
        "3DBall.Policy.Epsilon.sum": {
            "value": 0.38302140000000007,
            "min": 0.38302140000000007,
            "max": 0.5822857999999999,
            "count": 4
        },
        "3DBall.Policy.Beta.mean": {
            "value": 0.0010989773299999997,
            "min": 0.0010989773299999997,
            "max": 0.0011824427399999998,
            "count": 4
        },
        "3DBall.Policy.Beta.sum": {
            "value": 0.0021979546599999993,
            "min": 0.0021979546599999993,
            "max": 0.0033892010199999996,
            "count": 4
        },
        "3DBall.IsTraining.mean": {
            "value": 1.0,
            "min": 1.0,
            "max": 1.0,
            "count": 4
        },
        "3DBall.IsTraining.sum": {
            "value": 1.0,
            "min": 1.0,
            "max": 1.0,
            "count": 4
        }
    },
    "metadata": {
        "timer_format_version": "0.1.0",
        "start_time_seconds": "1764648223",
        "python_version": "3.10.11 (tags/v3.10.11:7d4cc5a, Apr  5 2023, 00:38:17) [MSC v.1929 64 bit (AMD64)]",
        "command_line_arguments": "C:\\Users\\moebn\\Documents\\University\\Project 2-1\\project_2_1_group_7\\venv\\Scripts\\mlagents-learn Config/training_config.yaml --run-id=run_batch_size1_buffer_size4900_learning_rate0.0002_beta0.0012_epsilon0.2 --time-scale=20 --env=3DBall_environment/UnityEnvironment.exe --no-graphics",
        "mlagents_version": "1.0.0",
        "mlagents_envs_version": "1.0.0",
        "communication_protocol_version": "1.5.0",
        "pytorch_version": "2.9.1+cpu",
        "numpy_version": "1.23.5",
        "end_time_seconds": "1764648487"
    },
    "total": 263.2448024999976,
    "count": 1,
    "self": 0.18430179999995744,
    "children": {
        "run_training.setup": {
            "total": 0.06244010000227718,
            "count": 1,
            "self": 0.06244010000227718
        },
        "TrainerController.start_learning": {
            "total": 262.99806059999537,
            "count": 1,
            "self": 0.04618500013748417,
            "children": {
                "TrainerController._reset_env": {
                    "total": 3.3874393999940366,
                    "count": 1,
                    "self": 3.3874393999940366
                },
                "TrainerController.advance": {
                    "total": 259.5581345998653,
                    "count": 5379,
                    "self": 0.04479619982885197,
                    "children": {
                        "env_step": {
                            "total": 14.723455299950729,
                            "count": 5379,
                            "self": 12.884563599691319,
                            "children": {
                                "SubprocessEnvManager._take_step": {
                                    "total": 1.8062836002645781,
                                    "count": 5379,
                                    "self": 0.13072250012191944,
                                    "children": {
                                        "TorchPolicy.evaluate": {
                                            "total": 1.6755611001426587,
                                            "count": 4594,
                                            "self": 1.6755611001426587
                                        }
                                    }
                                },
                                "workers": {
                                    "total": 0.03260809999483172,
                                    "count": 5379,
                                    "self": 0.0,
                                    "children": {
                                        "worker_root": {
                                            "total": 260.1202385997676,
                                            "count": 5379,
                                            "is_parallel": true,
                                            "self": 250.17823649985075,
                                            "children": {
                                                "steps_from_proto": {
                                                    "total": 0.0002443000048515387,
                                                    "count": 1,