{
    "name": "root",
    "gauges": {
        "3DBall.Policy.Entropy.mean": {
            "value": 1.4108847379684448,
            "min": 1.4108847379684448,
            "max": 1.4269174337387085,
            "count": 4
        },
        "3DBall.Policy.Entropy.sum": {
            "value": 17082.9921875,
            "min": 17082.9921875,
            "max": 17211.625,
            "count": 4
        },
        "3DBall.Environment.EpisodeLength.mean": {
            "value": 25.603982300884955,
            "min": 22.544031311154598,
            "max": 25.603982300884955,
            "count": 4
        },
        "3DBall.Environment.EpisodeLength.sum": {
            "value": 11573.0,
            "min": 11488.0,
            "max": 11573.0,
            "count": 4
        },
        "3DBall.Step.mean": {
            "value": 47982.0,
            "min": 11983.0,
            "max": 47982.0,
            "count": 4
        },
        "3DBall.Step.sum": {
            "value": 47982.0,
            "min": 11983.0,
            "max": 47982.0,
            "count": 4
        },
        "3DBall.Policy.ExtrinsicValueEstimate.mean": {
            "value": 0.2597031593322754,
            "min": 0.07112745940685272,
            "max": 0.2597031593322754,
            "count": 4
        },
        "3DBall.Policy.ExtrinsicValueEstimate.sum": {
            "value": 117.38583374023438,
            "min": 36.132747650146484,
            "max": 117.38583374023438,
            "count": 4
        },
        "3DBall.Environment.CumulativeReward.mean": {
            "value": 1.553760989313632,
            "min": 1.2497064180803392,
            "max": 1.553760989313632,
            "count": 4
        },
        "3DBall.Environment.CumulativeReward.sum": {
            "value": 702.2999671697617,
            "min": 638.5999796390533,
            "max": 702.2999671697617,
            "count": 4
        },
        "3DBall.Policy.ExtrinsicReward.mean": {
            "value": 1.553760989313632,
            "min": 1.2497064180803392,
            "max": 1.553760989313632,
            "count": 4
        },
        "3DBall.Policy.ExtrinsicReward.sum": {
            "value": 702.2999671697617,
            "min": 638.5999796390533,
            "max": 702.2999671697617,
            "count": 4
        },
        "3DBall.IsTraining.mean": {
            "value": 1.0,
            "min": 1.0,
            "max": 1.0,
            "count": 4
        },
        "3DBall.IsTraining.sum": {
            "value": 1.0,
            "min": 1.0,
            "max": 1.0,
            "count": 4
        },
        "3DBall.Losses.PolicyLoss.mean": {
            "value": 0.69212548316417,
            "min": 0.69212548316417,
            "max": 0.7896897580127074,
            "count": 2
        },
        "3DBall.Losses.PolicyLoss.sum": {
            "value": 0.69212548316417,
            "min": 0.69212548316417,
            "max": 0.7896897580127074,
            "count": 2
        },
        "3DBall.Losses.ValueLoss.mean": {
            "value": 0.149102640559307,
            "min": 0.149102640559307,
            "max": 0.15074552535913327,
            "count": 2
        },
        "3DBall.Losses.ValueLoss.sum": {
            "value": 0.149102640559307,
            "min": 0.149102640559307,
            "max": 0.15074552535913327,
            "count": 2
        },
        "3DBall.Policy.LearningRate.mean": {
            "value": 0.0003728848067788001,
            "min": 0.0003728848067788001,
            "max": 0.00038644080338980005,
            "count": 2
        },
        "3DBall.Policy.LearningRate.sum": {
            "value": 0.0003728848067788001,
            "min": 0.0003728848067788001,
            "max": 0.00038644080338980005,
            "count": 2
        },
        "3DBall.Policy.Epsilon.mean": {
            "value": 0.1466106,
            "min": 0.1466106,
            "max": 0.1483051,
            "count": 2
        },
        "3DBall.Policy.Epsilon.sum": {
            "value": 0.1466106,
            "min": 0.1466106,
            "max": 0.1483051,
            "count": 2
        },
        "3DBall.Policy.Beta.mean": {
            "value": 0.0009328898799999994,
            "min": 0.0009328898799999994,
            "max": 0.0009664409800000001,
            "count": 2
        },
        "3DBall.Policy.Beta.sum": {
            "value": 0.0009328898799999994,
            "min": 0.0009328898799999994,
            "max": 0.0009664409800000001,
            "count": 2
        }
    },
    "metadata": {
        "timer_format_version": "0.1.0",
        "start_time_seconds": "1764828928",
        "python_version": "3.10.11 (tags/v3.10.11:7d4cc5a, Apr  5 2023, 00:38:17) [MSC v.1929 64 bit (AMD64)]",
        "command_line_arguments": "C:\\Users\\moebn\\Documents\\University\\Project 2-1\\project_2_1_group_7\\venv\\Scripts\\mlagents-learn Config/training_config.yaml --run-id=run_batch_size1_buffer_size16900_learning_rate0.0004_beta0.001_epsilon0.15 --time-scale=20 --env=3DBall_environment/UnityEnvironment.exe --no-graphics",
        "mlagents_version": "1.0.0",
        "mlagents_envs_version": "1.0.0",
        "communication_protocol_version": "1.5.0",
        "pytorch_version": "2.9.1+cpu",
        "numpy_version": "1.23.5",
        "end_time_seconds": "1764829137"
    },
    "total": 209.9448596000002,
    "count": 1,
    "self": 0.17925230000037118,
    "children": {
        "run_training.setup": {
            "total": 0.06476119999933871,
            "count": 1,
            "self": 0.06476119999933871
        },
        "TrainerController.start_learning": {
            "total": 209.7008461000005,
            "count": 1,
            "self": 0.052188600006047636,
            "children": {
                "TrainerController._reset_env": {
                    "total": 3.4320225000010396,
                    "count": 1,
                    "self": 3.4320225000010396
                },
                "TrainerController.advance": {
                    "total": 206.20998949999557,
                    "count": 5736,
                    "self": 0.04903250025381567,
                    "children": {
                        "env_step": {
                            "total": 14.235301999866351,
                            "count": 5736,
                            "self": 12.612145799903374,
                            "children": {
                                "SubprocessEnvManager._take_step": {
                                    "total": 1.588769100013451,
                                    "count": 5736,
                                    "self": 0.12290389972258708,
                                    "children": {
                                        "TorchPolicy.evaluate": {
                                            "total": 1.4658652002908639,
                                            "count": 4177,
                                            "self": 1.4658652002908639
                                        }
                                    }
                                },
                                "workers": {
                                    "total": 0.0343870999495266,
                                    "count": 5736,
                                    "self": 0.0,
                                    "children": {
                                        "worker_root": {
                                            "total": 206.7801015000914,
                                            "count": 5736,
                                            "is_parallel": true,
                                            "self": 197.2072205001532,
                                            "children": {
                                                "steps_from_proto": {
                                                    "total": 0.00027039999986300245,
                                                    "count": 1,
                                                    "is_parallel": true,