{
    "name": "root",
    "gauges": {
        "3DBall.Policy.Entropy.mean": {
            "value": 1.4190987348556519,
            "min": 1.4189382791519165,
            "max": 1.422338604927063,
            "count": 4
        },
        "3DBall.Policy.Entropy.sum": {
            "value": 16995.126953125,
            "min": 16995.126953125,
            "max": 17231.5859375,
            "count": 4
        },
        "3DBall.Environment.EpisodeLength.mean": {
            "value": 24.678800856531048,
            "min": 22.107692307692307,
            "max": 24.678800856531048,
            "count": 4
        },
        "3DBall.Environment.EpisodeLength.sum": {
            "value": 11525.0,
            "min": 11484.0,
            "max": 11525.0,
            "count": 4
        },
        "3DBall.Step.mean": {
            "value": 47982.0,
            "min": 11996.0,
            "max": 47982.0,
            "count": 4
        },
        "3DBall.Step.sum": {
            "value": 47982.0,
            "min": 11996.0,
            "max": 47982.0,
            "count": 4
        },
        "3DBall.Policy.ExtrinsicValueEstimate.mean": {
            "value": 0.26145437359809875,
            "min": -0.05952915921807289,
            "max": 0.26145437359809875,
            "count": 4
        },
        "3DBall.Policy.ExtrinsicValueEstimate.sum": {
            "value": 122.09918975830078,
            "min": -30.895633697509766,
            "max": 122.09918975830078,
            "count": 4
        },
        "3DBall.Environment.CumulativeReward.mean": {
            "value": 1.4665952420592052,
            "min": 1.2113679714055878,
            "max": 1.4665952420592052,
            "count": 4
        },
        "3DBall.Environment.CumulativeReward.sum": {
            "value": 684.8999780416489,
            "min": 628.6999771595001,
            "max": 684.8999780416489,
            "count": 4
        },
        "3DBall.Policy.ExtrinsicReward.mean": {
            "value": 1.4665952420592052,
            "min": 1.2113679714055878,
            "max": 1.4665952420592052,
            "count": 4
        },
        "3DBall.Policy.ExtrinsicReward.sum": {
            "value": 684.8999780416489,
            "min": 628.6999771595001,
            "max": 684.8999780416489,
            "count": 4
        },
        "3DBall.IsTraining.mean": {
            "value": 1.0,
            "min": 1.0,
            "max": 1.0,
            "count": 4
        },
        "3DBall.IsTraining.sum": {
            "value": 1.0,
            "min": 1.0,
            "max": 1.0,
            "count": 4
        },
        "3DBall.Losses.PolicyLoss.mean": {
            "value": 0.10502162860043776,
            "min": 0.10502162860043776,
            "max": 0.10702430862363474,
            "count": 2
        },
        "3DBall.Losses.PolicyLoss.sum": {
            "value": 0.10502162860043776,
            "min": 0.10502162860043776,
            "max": 0.10702430862363474,
            "count": 2
        },
        "3DBall.Losses.ValueLoss.mean": {
            "value": 0.19913293500413826,
            "min": 0.19913293500413826,
            "max": 0.2181326075467271,
            "count": 2
        },
        "3DBall.Losses.ValueLoss.sum": {
            "value": 0.19913293500413826,
            "min": 0.19913293500413826,
            "max": 0.2181326075467271,
            "count": 2
        },
        "3DBall.Policy.LearningRate.mean": {
            "value": 0.00046136800772639996,
            "min": 0.00046136800772639996,
            "max": 0.0004806790038642,
            "count": 2
        },
        "3DBall.Policy.LearningRate.sum": {
            "value": 0.00046136800772639996,
            "min": 0.00046136800772639996,
            "max": 0.0004806790038642,
            "count": 2
        },
        "3DBall.Policy.Epsilon.mean": {
            "value": 0.14613680000000007,
            "min": 0.14613680000000007,
            "max": 0.14806789999999997,
            "count": 2
        },
        "3DBall.Policy.Epsilon.sum": {
            "value": 0.14613680000000007,
            "min": 0.14613680000000007,
            "max": 0.14806789999999997,
            "count": 2
        },
        "3DBall.Policy.Beta.mean": {
            "value": 0.0010157822400000004,
            "min": 0.0010157822400000004,
            "max": 0.0010578802199999997,
            "count": 2
        },
        "3DBall.Policy.Beta.sum": {
            "value": 0.0010157822400000004,
            "min": 0.0010157822400000004,
            "max": 0.0010578802199999997,
            "count": 2
        }
    },
    "metadata": {
        "timer_format_version": "0.1.0",
        "start_time_seconds": "1765166827",
        "python_version": "3.10.11 (tags/v3.10.11:7d4cc5a, Apr  5 2023, 00:38:17) [MSC v.1929 64 bit (AMD64)]",
        "command_line_arguments": "C:\\Users\\moebn\\Documents\\University\\Project 2-1\\project_2_1_group_7\\venv\\Scripts\\mlagents-learn Config/training_config.yaml --run-id=run_batch_size53_buffer_size19300_learning_rate0.0005_beta0.0011_epsilon0.15 --time-scale=20 --env=3DBall_environment/UnityEnvironment.exe --no-graphics",
        "mlagents_version": "1.0.0",
        "mlagents_envs_version": "1.0.0",
        "communication_protocol_version": "1.5.0",
        "pytorch_version": "2.9.1+cpu",
        "numpy_version": "1.23.5",
        "end_time_seconds": "1765166855"
    },
    "total": 27.693776500003878,
    "count": 1,
    "self": 0.1698500000347849,
    "children": {
        "run_training.setup": {
            "total": 0.07168179997825064,
            "count": 1,
            "self": 0.07168179997825064
        },
        "TrainerController.start_learning": {
            "total": 27.452244699990842,
            "count": 1,
            "self": 0.04987619968596846,
            "children": {
                "TrainerController._reset_env": {
                    "total": 3.5113857999967877,
                    "count": 1,
                    "self": 3.5113857999967877
                },
                "TrainerController.advance": {
                    "total": 23.88419950028765,
                    "count": 5762,
                    "self": 0.04783880017930642,
                    "children": {
                        "env_step": {
                            "total": 14.333495799830416,
                            "count": 5762,
                            "self": 12.761978801572695,
                            "children": {
                                "SubprocessEnvManager._take_step": {
                                    "total": 1.536820899520535,
                                    "count": 5762,
                                    "self": 0.12088579931878485,
                                    "children": {
                                        "TorchPolicy.evaluate": {
                                            "total": 1.4159351002017502,
                                            "count": 4182,
                                            "self": 1.4159351002017502
                                        }
                                    }
                                },
                                "workers": {
                                    "total": 0.03469609873718582,
                                    "count": 5762,
                                    "self": 0.0,
                                    "children": {
                                        "worker_root": {
                                            "total": 24.466936997981975,
                                            "count": 5762,
                                            "is_parallel": true,
                                            "self": 14.728244497760898,
                                            "children": {
                                                "steps_from_proto": {
                                                    "total": 0.0002707000239752233,