{
    "name": "root",
    "gauges": {
        "3DBall.Policy.Entropy.mean": {
            "value": 1.342008113861084,
            "min": 1.342008113861084,
            "max": 1.4116451740264893,
            "count": 4
        },
        "3DBall.Policy.Entropy.sum": {
            "value": 17875.548828125,
            "min": 16724.828125,
            "max": 21349.64453125,
            "count": 4
        },
        "3DBall.Environment.EpisodeLength.mean": {
            "value": 597.952380952381,
            "min": 26.529816513761467,
            "max": 597.952380952381,
            "count": 4
        },
        "3DBall.Environment.EpisodeLength.sum": {
            "value": 12557.0,
            "min": 11567.0,
            "max": 12557.0,
            "count": 4
        },
        "3DBall.Step.mean": {
            "value": 47583.0,
            "min": 11971.0,
            "max": 47583.0,
            "count": 4
        },
        "3DBall.Step.sum": {
            "value": 47583.0,
            "min": 11971.0,
            "max": 47583.0,
            "count": 4
        },
        "3DBall.Policy.ExtrinsicValueEstimate.mean": {
            "value": 8.395750045776367,
            "min": 0.3113136291503906,
            "max": 8.395750045776367,
            "count": 4
        },
        "3DBall.Policy.ExtrinsicValueEstimate.sum": {
            "value": 176.3107452392578,
            "min": 135.4214324951172,
            "max": 303.37408447265625,
            "count": 4
        },
        "3DBall.Environment.CumulativeReward.mean": {
            "value": 59.26667558579218,
            "min": 1.651953957272672,
            "max": 59.26667558579218,
            "count": 4
        },
        "3DBall.Environment.CumulativeReward.sum": {
            "value": 1244.6001873016357,
            "min": 718.5999714136124,
            "max": 1244.6001873016357,
            "count": 4
        },
        "3DBall.Policy.ExtrinsicReward.mean": {
            "value": 59.26667558579218,
            "min": 1.651953957272672,
            "max": 59.26667558579218,
            "count": 4
        },
        "3DBall.Policy.ExtrinsicReward.sum": {
            "value": 1244.6001873016357,
            "min": 718.5999714136124,
            "max": 1244.6001873016357,
            "count": 4
        },
        "3DBall.Losses.PolicyLoss.mean": {
            "value": 0.14958585623903053,
            "min": 0.13011639113925194,
            "max": 0.15370763553168554,
            "count": 4
        },
        "3DBall.Losses.PolicyLoss.sum": {
            "value": 2.8421312685415803,
            "min": 2.8421312685415803,
            "max": 13.401988287342949,
            "count": 4
        },
        "3DBall.Losses.ValueLoss.mean": {
            "value": 3.7270465804167348,
            "min": 0.6931117735899578,
            "max": 5.397289903658888,
            "count": 4
        },
        "3DBall.Losses.ValueLoss.sum": {
            "value": 70.81388502791796,
            "min": 70.81388502791796,
            "max": 193.13796658203032,
            "count": 4
        },
        "3DBall.Policy.LearningRate.mean": {
            "value": 0.00018344508196167366,
            "min": 0.00018344508196167366,
            "max": 0.00019760572158548933,
            "count": 4
        },
        "3DBall.Policy.LearningRate.sum": {
            "value": 0.0034854565572717995,
            "min": 0.0034854565572717995,
            "max": 0.020353389323305403,
            "count": 4
        },
        "3DBall.Policy.Epsilon.mean": {
            "value": 0.09999999999999999,
            "min": 0.09999999999999999,
            "max": 0.1,
            "count": 4
        },
        "3DBall.Policy.Epsilon.sum": {
            "value": 1.9,
            "min": 1.9,
            "max": 10.299999999999999,
            "count": 4
        },
        "3DBall.Policy.Beta.mean": {
            "value": 0.0012849432621052633,
            "min": 0.0012849432621052633,
            "max": 0.0013833597566990288,
            "count": 4
        },
        "3DBall.Policy.Beta.sum": {
            "value": 0.024413921980000003,
            "min": 0.024413921980000003,
            "max": 0.14248605493999997,
            "count": 4
        },
        "3DBall.IsTraining.mean": {
            "value": 1.0,
            "min": 1.0,
            "max": 1.0,
            "count": 4
        },
        "3DBall.IsTraining.sum": {
            "value": 1.0,
            "min": 1.0,
            "max": 1.0,
            "count": 4
        }
    },
    "metadata": {
        "timer_format_version": "0.1.0",
        "start_time_seconds": "1765034697",
        "python_version": "3.10.11 (tags/v3.10.11:7d4cc5a, Apr  5 2023, 00:38:17) [MSC v.1929 64 bit (AMD64)]",
        "command_line_arguments": "C:\\Users\\moebn\\Documents\\University\\Project 2-1\\project_2_1_group_7\\venv\\Scripts\\mlagents-learn Config/training_config.yaml --run-id=run_batch_size27_buffer_size100_learning_rate0.0002_beta0.0014_epsilon0.1 --time-scale=20 --env=3DBall_environment/UnityEnvironment.exe --no-graphics",
        "mlagents_version": "1.0.0",
        "mlagents_envs_version": "1.0.0",
        "communication_protocol_version": "1.5.0",
        "pytorch_version": "2.9.1+cpu",
        "numpy_version": "1.23.5",
        "end_time_seconds": "1765034731"
    },
    "total": 33.679143100001966,
    "count": 1,
    "self": 0.144703700003447,
    "children": {
        "run_training.setup": {
            "total": 0.0678122999961488,
            "count": 1,
            "self": 0.0678122999961488
        },
        "TrainerController.start_learning": {
            "total": 33.46662710000237,
            "count": 1,
            "self": 0.04261090062209405,
            "children": {
                "TrainerController._reset_env": {
                    "total": 3.44886599999154,
                    "count": 1,
                    "self": 3.44886599999154
                },
                "TrainerController.advance": {
                    "total": 29.969181199383456,
                    "count": 5158,
                    "self": 0.042380198516184464,
                    "children": {
                        "env_step": {
                            "total": 14.199122600693954,
                            "count": 5158,
                            "self": 12.475229199932073,
                            "children": {
                                "SubprocessEnvManager._take_step": {
                                    "total": 1.6934134003386134,
                                    "count": 5158,
                                    "self": 0.12820010038558394,
                                    "children": {
                                        "TorchPolicy.evaluate": {
                                            "total": 1.5652132999530295,
                                            "count": 4653,
                                            "self": 1.5652132999530295
                                        }
                                    }
                                },
                                "workers": {
                                    "total": 0.030480000423267484,
                                    "count": 5158,
                                    "self": 0.0,
                                    "children": {
                                        "worker_root": {
                                            "total": 30.58090630012157,
                                            "count": 5158,
                                            "is_parallel": true,
                                            "self": 20.886118700538645,
                                            "children": {
                                                "steps_from_proto": {
                                                    "total": 0.00029010001162532717,
                                                    "count": 1,
                                                    "is_parallel": true,