{
    "name": "root",
    "gauges": {
        "3DBall.Policy.Entropy.mean": {
            "value": 1.3528192043304443,
            "min": 1.3528192043304443,
            "max": 1.4090063571929932,
            "count": 4
        },
        "3DBall.Policy.Entropy.sum": {
            "value": 16233.830078125,
            "min": 16233.830078125,
            "max": 20715.955078125,
            "count": 4
        },
        "3DBall.Environment.EpisodeLength.mean": {
            "value": 860.5,
            "min": 39.56,
            "max": 875.4615384615385,
            "count": 4
        },
        "3DBall.Environment.EpisodeLength.sum": {
            "value": 12047.0,
            "min": 11381.0,
            "max": 12570.0,
            "count": 4
        },
        "3DBall.Step.mean": {
            "value": 47209.0,
            "min": 11931.0,
            "max": 47209.0,
            "count": 4
        },
        "3DBall.Step.sum": {
            "value": 47209.0,
            "min": 11931.0,
            "max": 47209.0,
            "count": 4
        },
        "3DBall.Policy.ExtrinsicValueEstimate.mean": {
            "value": 9.696320533752441,
            "min": 0.7266995906829834,
            "max": 9.696320533752441,
            "count": 4
        },
        "3DBall.Policy.ExtrinsicValueEstimate.sum": {
            "value": 135.7484893798828,
            "min": 119.85216522216797,
            "max": 217.28317260742188,
            "count": 4
        },
        "3DBall.Environment.CumulativeReward.mean": {
            "value": 85.9142986706325,
            "min": 2.890301237138219,
            "max": 87.39232107309195,
            "count": 4
        },
        "3DBall.Environment.CumulativeReward.sum": {
            "value": 1202.800181388855,
            "min": 864.2000699043274,
            "max": 1202.800181388855,
            "count": 4
        },
        "3DBall.Policy.ExtrinsicReward.mean": {
            "value": 85.9142986706325,
            "min": 2.890301237138219,
            "max": 87.39232107309195,
            "count": 4
        },
        "3DBall.Policy.ExtrinsicReward.sum": {
            "value": 1202.800181388855,
            "min": 864.2000699043274,
            "max": 1202.800181388855,
            "count": 4
        },
        "3DBall.Losses.PolicyLoss.mean": {
            "value": 0.147220901780344,
            "min": 0.1391339886823894,
            "max": 0.1502673045121511,
            "count": 4
        },
        "3DBall.Losses.PolicyLoss.sum": {
            "value": 1.913871723144472,
            "min": 1.6747529964442531,
            "max": 11.40898707195593,
            "count": 4
        },
        "3DBall.Losses.ValueLoss.mean": {
            "value": 0.739435598694181,
            "min": 0.6436418766702988,
            "max": 2.607795941075911,
            "count": 4
        },
        "3DBall.Losses.ValueLoss.sum": {
            "value": 9.612662783024353,
            "min": 7.723702520043585,
            "max": 136.0959247025011,
            "count": 4
        },
        "3DBall.Policy.LearningRate.mean": {
            "value": 0.0003667161313978924,
            "min": 0.0003667161313978924,
            "max": 0.0003958259034825488,
            "count": 4
        },
        "3DBall.Policy.LearningRate.sum": {
            "value": 0.004767309708172601,
            "min": 0.0045147384713154,
            "max": 0.032457724085569004,
            "count": 4
        },
        "3DBall.Policy.Epsilon.mean": {
            "value": 0.28335806153846155,
            "min": 0.28335806153846155,
            "max": 0.2979129512195122,
            "count": 4
        },
        "3DBall.Policy.Epsilon.sum": {
            "value": 3.6836548000000002,
            "min": 3.4573691999999996,
            "max": 24.428862000000002,
            "count": 4
        },
        "3DBall.Policy.Beta.mean": {
            "value": 0.0009176224046153846,
            "min": 0.0009176224046153846,
            "max": 0.0009896691085365854,
            "count": 4
        },
        "3DBall.Policy.Beta.sum": {
            "value": 0.01192909126,
            "min": 0.01129397754,
            "max": 0.08115286690000001,
            "count": 4
        },
        "3DBall.IsTraining.mean": {
            "value": 1.0,
            "min": 1.0,
            "max": 1.0,
            "count": 4
        },
        "3DBall.IsTraining.sum": {
            "value": 1.0,
            "min": 1.0,
            "max": 1.0,
            "count": 4
        }
    },
    "metadata": {
        "timer_format_version": "0.1.0",
        "start_time_seconds": "1765035973",
        "python_version": "3.10.11 (tags/v3.10.11:7d4cc5a, Apr  5 2023, 00:38:17) [MSC v.1929 64 bit (AMD64)]",
        "command_line_arguments": "C:\\Users\\moebn\\Documents\\University\\Project 2-1\\project_2_1_group_7\\venv\\Scripts\\mlagents-learn Config/training_config.yaml --run-id=run_batch_size27_buffer_size100_learning_rate0.0004_beta0.001_epsilon0.3 --time-scale=20 --env=3DBall_environment/UnityEnvironment.exe --no-graphics",
        "mlagents_version": "1.0.0",
        "mlagents_envs_version": "1.0.0",
        "communication_protocol_version": "1.5.0",
        "pytorch_version": "2.9.1+cpu",
        "numpy_version": "1.23.5",
        "end_time_seconds": "1765036006"
    },
    "total": 33.47099230000458,
    "count": 1,
    "self": 0.15020370001730043,
    "children": {
        "run_training.setup": {
            "total": 0.0654278999863891,
            "count": 1,
            "self": 0.0654278999863891
        },
        "TrainerController.start_learning": {
            "total": 33.25536070000089,
            "count": 1,
            "self": 0.03947099993820302,
            "children": {
                "TrainerController._reset_env": {
                    "total": 3.4003410000004806,
                    "count": 1,
                    "self": 3.4003410000004806
                },
                "TrainerController.advance": {
                    "total": 29.80894600006286,
                    "count": 4815,
                    "self": 0.03899849941080902,
                    "children": {
                        "env_step": {
                            "total": 13.60214700071083,
                            "count": 4815,
                            "self": 12.046674400669872,
                            "children": {
                                "SubprocessEnvManager._take_step": {
                                    "total": 1.5271659002173692,
                                    "count": 4815,
                                    "self": 0.12430329984636046,
                                    "children": {
                                        "TorchPolicy.evaluate": {
                                            "total": 1.4028626003710087,
                                            "count": 4562,
                                            "self": 1.4028626003710087
                                        }
                                    }
                                },
                                "workers": {
                                    "total": 0.028306699823588133,
                                    "count": 4815,
                                    "self": 0.0,
                                    "children": {
                                        "worker_root": {
                                            "total": 30.334973200398963,
                                            "count": 4815,
                                            "is_parallel": true,
                                            "self": 20.892785800955608,
                                            "children": {
                                                "steps_from_proto": {
                                                    "total": 0.00022339999850373715,
                                                    "count": 1,
                                                    "is_parallel": true,