{
    "name": "root",
    "gauges": {
        "3DBall.Policy.Entropy.mean": {
            "value": 1.344288945198059,
            "min": 1.344288945198059,
            "max": 1.4146851301193237,
            "count": 4
        },
        "3DBall.Policy.Entropy.sum": {
            "value": 16792.857421875,
            "min": 16491.51953125,
            "max": 17179.935546875,
            "count": 4
        },
        "3DBall.Environment.EpisodeLength.mean": {
            "value": 60.92857142857143,
            "min": 22.03646833013436,
            "max": 60.92857142857143,
            "count": 4
        },
        "3DBall.Environment.EpisodeLength.sum": {
            "value": 11942.0,
            "min": 11481.0,
            "max": 11942.0,
            "count": 4
        },
        "3DBall.Step.mean": {
            "value": 47866.0,
            "min": 11980.0,
            "max": 47866.0,
            "count": 4
        },
        "3DBall.Step.sum": {
            "value": 47866.0,
            "min": 11980.0,
            "max": 47866.0,
            "count": 4
        },
        "3DBall.Policy.ExtrinsicValueEstimate.mean": {
            "value": 1.1723555326461792,
            "min": 0.1560487300157547,
            "max": 1.1723555326461792,
            "count": 4
        },
        "3DBall.Policy.ExtrinsicValueEstimate.sum": {
            "value": 229.78167724609375,
            "min": 81.14533996582031,
            "max": 229.78167724609375,
            "count": 4
        },
        "3DBall.Environment.CumulativeReward.mean": {
            "value": 4.968367877663399,
            "min": 1.2038461203758533,
            "max": 4.968367877663399,
            "count": 4
        },
        "3DBall.Environment.CumulativeReward.sum": {
            "value": 973.8001040220261,
            "min": 625.9999825954437,
            "max": 973.8001040220261,
            "count": 4
        },
        "3DBall.Policy.ExtrinsicReward.mean": {
            "value": 4.968367877663399,
            "min": 1.2038461203758533,
            "max": 4.968367877663399,
            "count": 4
        },
        "3DBall.Policy.ExtrinsicReward.sum": {
            "value": 973.8001040220261,
            "min": 625.9999825954437,
            "max": 973.8001040220261,
            "count": 4
        },
        "3DBall.Losses.PolicyLoss.mean": {
            "value": 0.12225738684864863,
            "min": 0.12225738684864863,
            "max": 0.129013187661859,
            "count": 4
        },
        "3DBall.Losses.PolicyLoss.sum": {
            "value": 0.12225738684864863,
            "min": 0.12225738684864863,
            "max": 0.129013187661859,
            "count": 4
        },
        "3DBall.Losses.ValueLoss.mean": {
            "value": 0.9608544728233794,
            "min": 0.1884124268657084,
            "max": 0.9608544728233794,
            "count": 4
        },
        "3DBall.Losses.ValueLoss.sum": {
            "value": 0.9608544728233794,
            "min": 0.1884124268657084,
            "max": 0.9608544728233794,
            "count": 4
        },
        "3DBall.Policy.LearningRate.mean": {
            "value": 0.00036892000777,
            "min": 0.00036892000777,
            "max": 0.0003922344019414,
            "count": 4
        },
        "3DBall.Policy.LearningRate.sum": {
            "value": 0.00036892000777,
            "min": 0.00036892000777,
            "max": 0.0003922344019414,
            "count": 4
        },
        "3DBall.Policy.Epsilon.mean": {
            "value": 0.28446000000000005,
            "min": 0.28446000000000005,
            "max": 0.2961171999999999,
            "count": 4
        },
        "3DBall.Policy.Epsilon.sum": {
            "value": 0.28446000000000005,
            "min": 0.28446000000000005,
            "max": 0.2961171999999999,
            "count": 4
        },
        "3DBall.Policy.Beta.mean": {
            "value": 0.0010153069999999998,
            "min": 0.0010153069999999998,
            "max": 0.0010788387400000002,
            "count": 4
        },
        "3DBall.Policy.Beta.sum": {
            "value": 0.0010153069999999998,
            "min": 0.0010153069999999998,
            "max": 0.0010788387400000002,
            "count": 4
        },
        "3DBall.IsTraining.mean": {
            "value": 1.0,
            "min": 1.0,
            "max": 1.0,
            "count": 4
        },
        "3DBall.IsTraining.sum": {
            "value": 1.0,
            "min": 1.0,
            "max": 1.0,
            "count": 4
        }
    },
    "metadata": {
        "timer_format_version": "0.1.0",
        "start_time_seconds": "1765104554",
        "python_version": "3.10.11 (tags/v3.10.11:7d4cc5a, Apr  5 2023, 00:38:17) [MSC v.1929 64 bit (AMD64)]",
        "command_line_arguments": "C:\\Users\\moebn\\Documents\\University\\Project 2-1\\project_2_1_group_7\\venv\\Scripts\\mlagents-learn Config/training_config.yaml --run-id=run_batch_size40_buffer_size9700_learning_rate0.0004_beta0.0011_epsilon0.3 --time-scale=20 --env=3DBall_environment/UnityEnvironment.exe --no-graphics",
        "mlagents_version": "1.0.0",
        "mlagents_envs_version": "1.0.0",
        "communication_protocol_version": "1.5.0",
        "pytorch_version": "2.9.1+cpu",
        "numpy_version": "1.23.5",
        "end_time_seconds": "1765104585"
    },
    "total": 30.910321899980772,
    "count": 1,
    "self": 0.15513619998819195,
    "children": {
        "run_training.setup": {
            "total": 0.07124849999672733,
            "count": 1,
            "self": 0.07124849999672733
        },
        "TrainerController.start_learning": {
            "total": 30.683937199995853,
            "count": 1,
            "self": 0.04777519905474037,
            "children": {
                "TrainerController._reset_env": {
                    "total": 3.4121049999957904,
                    "count": 1,
                    "self": 3.4121049999957904
                },
                "TrainerController.advance": {
                    "total": 27.217593000968918,
                    "count": 5589,
                    "self": 0.04592290034634061,
                    "children": {
                        "env_step": {
                            "total": 14.521728000050643,
                            "count": 5589,
                            "self": 12.891658600594383,
                            "children": {
                                "SubprocessEnvManager._take_step": {
                                    "total": 1.5967173000099137,
                                    "count": 5589,
                                    "self": 0.12392419998650439,
                                    "children": {
                                        "TorchPolicy.evaluate": {
                                            "total": 1.4727931000234094,
                                            "count": 4403,
                                            "self": 1.4727931000234094
                                        }
                                    }
                                },
                                "workers": {
                                    "total": 0.03335209944634698,
                                    "count": 5589,
                                    "self": 0.0,
                                    "children": {
                                        "worker_root": {
                                            "total": 27.791225199238397,
                                            "count": 5589,
                                            "is_parallel": true,
                                            "self": 17.856898700003512,
                                            "children": {
                                                "steps_from_proto": {
                                                    "total": 0.00025740001001395285,
                                                    "count": 1,