{
    "name": "root",
    "gauges": {
        "3DBall.Policy.Entropy.mean": {
            "value": 1.4152127504348755,
            "min": 1.4152127504348755,
            "max": 1.4189382791519165,
            "count": 4
        },
        "3DBall.Policy.Entropy.sum": {
            "value": 16931.60546875,
            "min": 16931.60546875,
            "max": 17248.61328125,
            "count": 4
        },
        "3DBall.Environment.EpisodeLength.mean": {
            "value": 23.31910569105691,
            "min": 22.173076923076923,
            "max": 23.31910569105691,
            "count": 4
        },
        "3DBall.Environment.EpisodeLength.sum": {
            "value": 11473.0,
            "min": 11447.0,
            "max": 11530.0,
            "count": 4
        },
        "3DBall.Step.mean": {
            "value": 47981.0,
            "min": 11996.0,
            "max": 47981.0,
            "count": 4
        },
        "3DBall.Step.sum": {
            "value": 47981.0,
            "min": 11996.0,
            "max": 47981.0,
            "count": 4
        },
        "3DBall.Policy.ExtrinsicValueEstimate.mean": {
            "value": 0.21336720883846283,
            "min": -0.04423864558339119,
            "max": 0.21336720883846283,
            "count": 4
        },
        "3DBall.Policy.ExtrinsicValueEstimate.sum": {
            "value": 105.19003295898438,
            "min": -22.871379852294922,
            "max": 105.19003295898438,
            "count": 4
        },
        "3DBall.Environment.CumulativeReward.mean": {
            "value": 1.331440115071697,
            "min": 1.22030943182497,
            "max": 1.331440115071697,
            "count": 4
        },
        "3DBall.Environment.CumulativeReward.sum": {
            "value": 656.3999767303467,
            "min": 630.8999762535095,
            "max": 656.3999767303467,
            "count": 4
        },
        "3DBall.Policy.ExtrinsicReward.mean": {
            "value": 1.331440115071697,
            "min": 1.22030943182497,
            "max": 1.331440115071697,
            "count": 4
        },
        "3DBall.Policy.ExtrinsicReward.sum": {
            "value": 656.3999767303467,
            "min": 630.8999762535095,
            "max": 656.3999767303467,
            "count": 4
        },
        "3DBall.IsTraining.mean": {
            "value": 1.0,
            "min": 1.0,
            "max": 1.0,
            "count": 4
        },
        "3DBall.IsTraining.sum": {
            "value": 1.0,
            "min": 1.0,
            "max": 1.0,
            "count": 4
        },
        "3DBall.Losses.PolicyLoss.mean": {
            "value": 0.12621920219911215,
            "min": 0.12485086759491802,
            "max": 0.12621920219911215,
            "count": 2
        },
        "3DBall.Losses.PolicyLoss.sum": {
            "value": 0.12621920219911215,
            "min": 0.12485086759491802,
            "max": 0.12621920219911215,
            "count": 2
        },
        "3DBall.Losses.ValueLoss.mean": {
            "value": 0.20622143414474375,
            "min": 0.20622143414474375,
            "max": 0.40643645104167375,
            "count": 2
        },
        "3DBall.Losses.ValueLoss.sum": {
            "value": 0.20622143414474375,
            "min": 0.20622143414474375,
            "max": 0.40643645104167375,
            "count": 2
        },
        "3DBall.Policy.LearningRate.mean": {
            "value": 9.227360772640002e-05,
            "min": 9.227360772640002e-05,
            "max": 9.613560386440001e-05,
            "count": 2
        },
        "3DBall.Policy.LearningRate.sum": {
            "value": 9.227360772640002e-05,
            "min": 9.227360772640002e-05,
            "max": 9.613560386440001e-05,
            "count": 2
        },
        "3DBall.Policy.Epsilon.mean": {
            "value": 0.09999999999999999,
            "min": 0.09999999999999999,
            "max": 0.1,
            "count": 2
        },
        "3DBall.Policy.Epsilon.sum": {
            "value": 0.09999999999999999,
            "min": 0.09999999999999999,
            "max": 0.1,
            "count": 2
        },
        "3DBall.Policy.Beta.mean": {
            "value": 0.00120032944,
            "min": 0.00120032944,
            "max": 0.00125014924,
            "count": 2
        },
        "3DBall.Policy.Beta.sum": {
            "value": 0.00120032944,
            "min": 0.00120032944,
            "max": 0.00125014924,
            "count": 2
        }
    },
    "metadata": {
        "timer_format_version": "0.1.0",
        "start_time_seconds": "1765118926",
        "python_version": "3.10.11 (tags/v3.10.11:7d4cc5a, Apr  5 2023, 00:38:17) [MSC v.1929 64 bit (AMD64)]",
        "command_line_arguments": "C:\\Users\\moebn\\Documents\\University\\Project 2-1\\project_2_1_group_7\\venv\\Scripts\\mlagents-learn Config/training_config.yaml --run-id=run_batch_size40_buffer_size19300_learning_rate0.0001_beta0.0013_epsilon0.1 --time-scale=20 --env=3DBall_environment/UnityEnvironment.exe --no-graphics",
        "mlagents_version": "1.0.0",
        "mlagents_envs_version": "1.0.0",
        "communication_protocol_version": "1.5.0",
        "pytorch_version": "2.9.1+cpu",
        "numpy_version": "1.23.5",
        "end_time_seconds": "1765118954"
    },
    "total": 28.58125500002643,
    "count": 1,
    "self": 0.15803610000875778,
    "children": {
        "run_training.setup": {
            "total": 0.06983110000146553,
            "count": 1,
            "self": 0.06983110000146553
        },
        "TrainerController.start_learning": {
            "total": 28.353387800016208,
            "count": 1,
            "self": 0.04967179920640774,
            "children": {
                "TrainerController._reset_env": {
                    "total": 3.4175014999927953,
                    "count": 1,
                    "self": 3.4175014999927953
                },
                "TrainerController.advance": {
                    "total": 24.87931690082769,
                    "count": 5785,
                    "self": 0.04760110125062056,
                    "children": {
                        "env_step": {
                            "total": 14.312185000017053,
                            "count": 5785,
                            "self": 12.715003000630531,
                            "children": {
                                "SubprocessEnvManager._take_step": {
                                    "total": 1.5631782993732486,
                                    "count": 5785,
                                    "self": 0.12017459879280068,
                                    "children": {
                                        "TorchPolicy.evaluate": {
                                            "total": 1.443003700580448,
                                            "count": 4180,
                                            "self": 1.443003700580448
                                        }
                                    }
                                },
                                "workers": {
                                    "total": 0.034003700013272464,
                                    "count": 5785,
                                    "self": 0.0,
                                    "children": {
                                        "worker_root": {
                                            "total": 25.38923679900472,
                                            "count": 5785,
                                            "is_parallel": true,
                                            "self": 15.68165479938034,
                                            "children": {
                                                "steps_from_proto": {
                                                    "total": 0.00028410000959411263,
                                                    "count": 1,
                                                    "is_parallel": true,