{
    "name": "root",
    "gauges": {
        "3DBall.Policy.Entropy.mean": {
            "value": 1.3161799907684326,
            "min": 1.3150193691253662,
            "max": 1.4225490093231201,
            "count": 41
        },
        "3DBall.Policy.Entropy.sum": {
            "value": 15794.16015625,
            "min": 14752.03125,
            "max": 23365.490234375,
            "count": 41
        },
        "3DBall.Environment.EpisodeLength.mean": {
            "value": 999.0,
            "min": 22.322330097087377,
            "max": 999.0,
            "count": 41
        },
        "3DBall.Environment.EpisodeLength.sum": {
            "value": 11988.0,
            "min": 11114.0,
            "max": 12662.0,
            "count": 41
        },
        "3DBall.Step.mean": {
            "value": 491265.0,
            "min": 11981.0,
            "max": 491265.0,
            "count": 41
        },
        "3DBall.Step.sum": {
            "value": 491265.0,
            "min": 11981.0,
            "max": 491265.0,
            "count": 41
        },
        "3DBall.Policy.ExtrinsicValueEstimate.mean": {
            "value": 9.999833106994629,
            "min": 0.27021661400794983,
            "max": 10.005209922790527,
            "count": 41
        },
        "3DBall.Policy.ExtrinsicValueEstimate.sum": {
            "value": 119.99799346923828,
            "min": 90.8467788696289,
            "max": 212.6713104248047,
            "count": 41
        },
        "3DBall.Environment.CumulativeReward.mean": {
            "value": 100.00001525878906,
            "min": 1.2309338188356926,
            "max": 100.00001525878906,
            "count": 41
        },
        "3DBall.Environment.CumulativeReward.sum": {
            "value": 1200.0001831054688,
            "min": 632.699982881546,
            "max": 1213.5001850128174,
            "count": 41
        },
        "3DBall.Policy.ExtrinsicReward.mean": {
            "value": 100.00001525878906,
            "min": 1.2309338188356926,
            "max": 100.00001525878906,
            "count": 41
        },
        "3DBall.Policy.ExtrinsicReward.sum": {
            "value": 1200.0001831054688,
            "min": 632.699982881546,
            "max": 1213.5001850128174,
            "count": 41
        },
        "3DBall.Losses.PolicyLoss.mean": {
            "value": 0.17762894484378544,
            "min": 0.1468659481150173,
            "max": 0.20277707050470226,
            "count": 41
        },
        "3DBall.Losses.PolicyLoss.sum": {
            "value": 0.3552578896875709,
            "min": 0.1651380476309815,
            "max": 0.39982044779106085,
            "count": 41
        },
        "3DBall.Losses.ValueLoss.mean": {
            "value": 0.0005473675148726001,
            "min": 0.00036763586061408347,
            "max": 3.103941964513826,
            "count": 41
        },
        "3DBall.Losses.ValueLoss.sum": {
            "value": 0.0010947350297452001,
            "min": 0.00036763586061408347,
            "max": 6.207883929027652,
            "count": 41
        },
        "3DBall.Policy.LearningRate.mean": {
            "value": 3.0470969530000003e-06,
            "min": 3.0470969530000003e-06,
            "max": 9.835800164200001e-05,
            "count": 41
        },
        "3DBall.Policy.LearningRate.sum": {
            "value": 6.094193906000001e-06,
            "min": 5.747094253000002e-06,
            "max": 0.000188512011488,
            "count": 41
        },
        "3DBall.Policy.Epsilon.mean": {
            "value": 0.106094,
            "min": 0.106094,
            "max": 0.296716,
            "count": 41
        },
        "3DBall.Policy.Epsilon.sum": {
            "value": 0.212188,
            "min": 0.111494,
            "max": 0.577024,
            "count": 41
        },
        "3DBall.Policy.Beta.mean": {
            "value": 4.0165299999999986e-05,
            "min": 4.0165299999999986e-05,
            "max": 0.0009837442000000004,
            "count": 41
        },
        "3DBall.Policy.Beta.sum": {
            "value": 8.033059999999997e-05,
            "min": 6.689530000000004e-05,
            "max": 0.0018862687999999998,
            "count": 41
        },
        "3DBall.IsTraining.mean": {
            "value": 1.0,
            "min": 1.0,
            "max": 1.0,
            "count": 41
        },
        "3DBall.IsTraining.sum": {
            "value": 1.0,
            "min": 1.0,
            "max": 1.0,
            "count": 41
        }
    },
    "metadata": {
        "timer_format_version": "0.1.0",
        "start_time_seconds": "1767654567",
        "python_version": "3.10.11 (tags/v3.10.11:7d4cc5a, Apr  5 2023, 00:38:17) [MSC v.1929 64 bit (AMD64)]",
        "command_line_arguments": "C:\\Users\\atoz\\Documents\\01_2025_2026_year_2\\semester_1\\project_2_1\\code\\project_2_1_group_7\\venv\\Scripts\\mlagents-learn Config/training_config.yaml --run-id=omar-run138 --time-scale=20 --env=3DBall_environment/UnityEnvironment.exe --no-graphics",
        "mlagents_version": "1.0.0",
        "mlagents_envs_version": "1.0.0",
        "communication_protocol_version": "1.5.0",
        "pytorch_version": "1.13.1+cpu",
        "numpy_version": "1.23.5",
        "end_time_seconds": "1767654891"
    },
    "total": 323.9927536000032,
    "count": 1,
    "self": 0.5461604000010993,
    "children": {
        "run_training.setup": {
            "total": 0.07013099998584948,
            "count": 1,
            "self": 0.07013099998584948
        },
        "TrainerController.start_learning": {
            "total": 323.37646220001625,
            "count": 1,
            "self": 0.5210341988422442,
            "children": {
                "TrainerController._reset_env": {
                    "total": 1.6559759000083432,
                    "count": 1,
                    "self": 1.6559759000083432
                },
                "TrainerController.advance": {
                    "total": 321.1647366011457,
                    "count": 43528,
                    "self": 0.4704322036122903,
                    "children": {
                        "env_step": {
                            "total": 146.70819979952648,
                            "count": 43528,
                            "self": 125.18582410045201,
                            "children": {
                                "SubprocessEnvManager._take_step": {
                                    "total": 21.19816690130392,
                                    "count": 43528,
                                    "self": 1.5778910970548168,
                                    "children": {
                                        "TorchPolicy.evaluate": {
                                            "total": 19.620275804249104,
                                            "count": 42078,
                                            "self": 19.620275804249104
                                        }
                                    }
                                },
                                "workers": {
                                    "total": 0.32420879777055234,
                                    "count": 43528,
                                    "self": 0.0,
                                    "children": {
                                        "worker_root": {
                                            "total": 320.9795269962633,
                                            "count": 43528,
                                            "is_parallel": true,
                                            "self": 226.63169710012153,
                                            "children": {
                                                "steps_from_proto": {
                                                    "total": 0.0002480999974068254,
                                                    "count": 1,
                                                    "is_parallel": true,