{
    "name": "root",
    "gauges": {
        "3DBall.Policy.Entropy.mean": {
            "value": 1.3075833320617676,
            "min": 1.3075833320617676,
            "max": 1.4185055494308472,
            "count": 4
        },
        "3DBall.Policy.Entropy.sum": {
            "value": 12960.765625,
            "min": 12960.765625,
            "max": 23116.0625,
            "count": 4
        },
        "3DBall.Environment.EpisodeLength.mean": {
            "value": 571.3809523809524,
            "min": 24.597014925373134,
            "max": 571.3809523809524,
            "count": 4
        },
        "3DBall.Environment.EpisodeLength.sum": {
            "value": 11999.0,
            "min": 11536.0,
            "max": 12123.0,
            "count": 4
        },
        "3DBall.Step.mean": {
            "value": 47636.0,
            "min": 11984.0,
            "max": 47636.0,
            "count": 4
        },
        "3DBall.Step.sum": {
            "value": 47636.0,
            "min": 11984.0,
            "max": 47636.0,
            "count": 4
        },
        "3DBall.Policy.ExtrinsicValueEstimate.mean": {
            "value": 8.297609329223633,
            "min": 0.3683684766292572,
            "max": 8.297609329223633,
            "count": 4
        },
        "3DBall.Policy.ExtrinsicValueEstimate.sum": {
            "value": 174.24978637695312,
            "min": 172.39645385742188,
            "max": 272.1328125,
            "count": 4
        },
        "3DBall.Environment.CumulativeReward.mean": {
            "value": 58.2666760739826,
            "min": 1.460683709026402,
            "max": 58.2666760739826,
            "count": 4
        },
        "3DBall.Environment.CumulativeReward.sum": {
            "value": 1223.6001975536346,
            "min": 683.5999758243561,
            "max": 1223.6001975536346,
            "count": 4
        },
        "3DBall.Policy.ExtrinsicReward.mean": {
            "value": 58.2666760739826,
            "min": 1.460683709026402,
            "max": 58.2666760739826,
            "count": 4
        },
        "3DBall.Policy.ExtrinsicReward.sum": {
            "value": 1223.6001975536346,
            "min": 683.5999758243561,
            "max": 1223.6001975536346,
            "count": 4
        },
        "3DBall.Losses.PolicyLoss.mean": {
            "value": 0.5326398261263628,
            "min": 0.5326398261263628,
            "max": 0.802949111029377,
            "count": 4
        },
        "3DBall.Losses.PolicyLoss.sum": {
            "value": 2.1305593045054514,
            "min": 2.1305593045054514,
            "max": 3.9154376119507392,
            "count": 4
        },
        "3DBall.Losses.ValueLoss.mean": {
            "value": 1.1619601039868208,
            "min": 0.23699234115077655,
            "max": 2.6557359647493097,
            "count": 4
        },
        "3DBall.Losses.ValueLoss.sum": {
            "value": 4.647840415947283,
            "min": 0.9479693646031062,
            "max": 10.622943858997239,
            "count": 4
        },
        "3DBall.Policy.LearningRate.mean": {
            "value": 0.0004590965081807,
            "min": 0.0004590965081807,
            "max": 0.0004937160012568001,
            "count": 4
        },
        "3DBall.Policy.LearningRate.sum": {
            "value": 0.0018363860327228,
            "min": 0.0018363860327228,
            "max": 0.0024119980176003997,
            "count": 4
        },
        "3DBall.Policy.Epsilon.mean": {
            "value": 0.14590965,
            "min": 0.14590965,
            "max": 0.1493716,
            "count": 4
        },
        "3DBall.Policy.Epsilon.sum": {
            "value": 0.5836386,
            "min": 0.5836386,
            "max": 0.7411998000000002,
            "count": 4
        },
        "3DBall.Policy.Beta.mean": {
            "value": 0.0010108303700000001,
            "min": 0.0010108303700000001,
            "max": 0.0010863008800000003,
            "count": 4
        },
        "3DBall.Policy.Beta.sum": {
            "value": 0.004043321480000001,
            "min": 0.004043321480000001,
            "max": 0.005308155639999999,
            "count": 4
        },
        "3DBall.IsTraining.mean": {
            "value": 1.0,
            "min": 1.0,
            "max": 1.0,
            "count": 4
        },
        "3DBall.IsTraining.sum": {
            "value": 1.0,
            "min": 1.0,
            "max": 1.0,
            "count": 4
        }
    },
    "metadata": {
        "timer_format_version": "0.1.0",
        "start_time_seconds": "1764632130",
        "python_version": "3.10.11 (tags/v3.10.11:7d4cc5a, Apr  5 2023, 00:38:17) [MSC v.1929 64 bit (AMD64)]",
        "command_line_arguments": "C:\\Users\\moebn\\Documents\\University\\Project 2-1\\project_2_1_group_7\\venv\\Scripts\\mlagents-learn Config/training_config.yaml --run-id=run_batch_size1_buffer_size2500_learning_rate0.0005_beta0.0011_epsilon0.15 --time-scale=20 --env=3DBall_environment/UnityEnvironment.exe --no-graphics",
        "mlagents_version": "1.0.0",
        "mlagents_envs_version": "1.0.0",
        "communication_protocol_version": "1.5.0",
        "pytorch_version": "2.9.1+cpu",
        "numpy_version": "1.23.5",
        "end_time_seconds": "1764632420"
    },
    "total": 290.31623580000087,
    "count": 1,
    "self": 0.16959480000150506,
    "children": {
        "run_training.setup": {
            "total": 0.06403249999857508,
            "count": 1,
            "self": 0.06403249999857508
        },
        "TrainerController.start_learning": {
            "total": 290.0826085000008,
            "count": 1,
            "self": 0.04669920000014827,
            "children": {
                "TrainerController._reset_env": {
                    "total": 6.566683299999568,
                    "count": 1,
                    "self": 6.566683299999568
                },
                "TrainerController.advance": {
                    "total": 283.46282040000006,
                    "count": 5272,
                    "self": 0.044945499819732504,
                    "children": {
                        "env_step": {
                            "total": 14.554588400074863,
                            "count": 5272,
                            "self": 12.785674800212291,
                            "children": {
                                "SubprocessEnvManager._take_step": {
                                    "total": 1.7366964999491756,
                                    "count": 5272,
                                    "self": 0.13210079996861168,
                                    "children": {
                                        "TorchPolicy.evaluate": {
                                            "total": 1.604595699980564,
                                            "count": 4659,
                                            "self": 1.604595699980564
                                        }
                                    }
                                },
                                "workers": {
                                    "total": 0.03221709991339594,
                                    "count": 5272,
                                    "self": 0.0,
                                    "children": {
                                        "worker_root": {
                                            "total": 284.03595779999887,
                                            "count": 5272,
                                            "is_parallel": true,
                                            "self": 274.21647400004076,
                                            "children": {
                                                "steps_from_proto": {
                                                    "total": 0.0003068000005441718,
                                                    "count": 1,
                                                    "is_parallel": true,