{
    "name": "root",
    "gauges": {
        "3DBall.Policy.Entropy.mean": {
            "value": 1.234298586845398,
            "min": 1.2335362434387207,
            "max": 1.4189382791519165,
            "count": 41
        },
        "3DBall.Policy.Entropy.sum": {
            "value": 14811.5830078125,
            "min": 13774.0263671875,
            "max": 19576.08984375,
            "count": 41
        },
        "3DBall.Environment.EpisodeLength.mean": {
            "value": 999.0,
            "min": 21.312267657992564,
            "max": 999.0,
            "count": 41
        },
        "3DBall.Environment.EpisodeLength.sum": {
            "value": 11988.0,
            "min": 11322.0,
            "max": 12651.0,
            "count": 41
        },
        "3DBall.Step.mean": {
            "value": 491977.0,
            "min": 11986.0,
            "max": 491977.0,
            "count": 41
        },
        "3DBall.Step.sum": {
            "value": 491977.0,
            "min": 11986.0,
            "max": 491977.0,
            "count": 41
        },
        "3DBall.Policy.ExtrinsicValueEstimate.mean": {
            "value": 9.993682861328125,
            "min": 0.10930687934160233,
            "max": 9.993682861328125,
            "count": 41
        },
        "3DBall.Policy.ExtrinsicValueEstimate.sum": {
            "value": 119.9241943359375,
            "min": 58.69779586791992,
            "max": 238.94244384765625,
            "count": 41
        },
        "3DBall.Environment.CumulativeReward.mean": {
            "value": 100.00001525878906,
            "min": 1.1320297735807394,
            "max": 100.00001525878906,
            "count": 41
        },
        "3DBall.Environment.CumulativeReward.sum": {
            "value": 1200.0001831054688,
            "min": 607.899988412857,
            "max": 1254.1001892089844,
            "count": 41
        },
        "3DBall.Policy.ExtrinsicReward.mean": {
            "value": 100.00001525878906,
            "min": 1.1320297735807394,
            "max": 100.00001525878906,
            "count": 41
        },
        "3DBall.Policy.ExtrinsicReward.sum": {
            "value": 1200.0001831054688,
            "min": 607.899988412857,
            "max": 1254.1001892089844,
            "count": 41
        },
        "3DBall.IsTraining.mean": {
            "value": 1.0,
            "min": 1.0,
            "max": 1.0,
            "count": 41
        },
        "3DBall.IsTraining.sum": {
            "value": 1.0,
            "min": 1.0,
            "max": 1.0,
            "count": 41
        },
        "3DBall.Losses.PolicyLoss.mean": {
            "value": 0.0884042436250123,
            "min": 0.08260680347039523,
            "max": 0.10769118785426901,
            "count": 38
        },
        "3DBall.Losses.PolicyLoss.sum": {
            "value": 0.0884042436250123,
            "min": 0.08260680347039523,
            "max": 0.10769118785426901,
            "count": 38
        },
        "3DBall.Losses.ValueLoss.mean": {
            "value": 0.008066007197254959,
            "min": 0.0031083000605743936,
            "max": 2.820448859997675,
            "count": 38
        },
        "3DBall.Losses.ValueLoss.sum": {
            "value": 0.008066007197254959,
            "min": 0.0031083000605743936,
            "max": 2.820448859997675,
            "count": 38
        },
        "3DBall.Policy.LearningRate.mean": {
            "value": 1.2013895995400007e-05,
            "min": 1.2013895995400007e-05,
            "max": 0.0002927976024007999,
            "count": 38
        },
        "3DBall.Policy.LearningRate.sum": {
            "value": 1.2013895995400007e-05,
            "min": 1.2013895995400007e-05,
            "max": 0.0002927976024007999,
            "count": 38
        },
        "3DBall.Policy.Epsilon.mean": {
            "value": 0.10400459999999999,
            "min": 0.10400459999999999,
            "max": 0.1975992,
            "count": 38
        },
        "3DBall.Policy.Epsilon.sum": {
            "value": 0.10400459999999999,
            "min": 0.10400459999999999,
            "max": 0.1975992,
            "count": 38
        },
        "3DBall.Policy.Beta.mean": {
            "value": 4.964554000000003e-05,
            "min": 4.964554000000003e-05,
            "max": 0.0009762320800000002,
            "count": 38
        },
        "3DBall.Policy.Beta.sum": {
            "value": 4.964554000000003e-05,
            "min": 4.964554000000003e-05,
            "max": 0.0009762320800000002,
            "count": 38
        }
    },
    "metadata": {
        "timer_format_version": "0.1.0",
        "start_time_seconds": "1762949504",
        "python_version": "3.10.11 (tags/v3.10.11:7d4cc5a, Apr  5 2023, 00:38:17) [MSC v.1929 64 bit (AMD64)]",
        "command_line_arguments": "C:\\Users\\atoz\\Documents\\01_2025_2026_year_2\\semester_1\\project_2_1\\code\\project_2_1_group_7\\venv\\Scripts\\mlagents-learn Config/training_config.yaml --run-id=omar-run2 --time-scale=20 --no-graphics",
        "mlagents_version": "1.0.0",
        "mlagents_envs_version": "1.0.0",
        "communication_protocol_version": "1.5.0",
        "pytorch_version": "1.13.1+cpu",
        "numpy_version": "1.23.5",
        "end_time_seconds": "1762949802"
    },
    "total": 298.0782824999187,
    "count": 1,
    "self": 0.00935309985652566,
    "children": {
        "run_training.setup": {
            "total": 0.06487640005070716,
            "count": 1,
            "self": 0.06487640005070716
        },
        "TrainerController.start_learning": {
            "total": 298.0040530000115,
            "count": 1,
            "self": 0.5338058014167473,
            "children": {
                "TrainerController._reset_env": {
                    "total": 7.873870199895464,
                    "count": 1,
                    "self": 7.873870199895464
                },
                "TrainerController.advance": {
                    "total": 289.54954389866907,
                    "count": 44288,
                    "self": 0.4937724091578275,
                    "children": {
                        "env_step": {
                            "total": 181.84966487821657,
                            "count": 44288,
                            "self": 155.33365815330762,
                            "children": {
                                "SubprocessEnvManager._take_step": {
                                    "total": 26.18711211613845,
                                    "count": 44288,
                                    "self": 1.6388233231846243,
                                    "children": {
                                        "TorchPolicy.evaluate": {
                                            "total": 24.548288792953826,
                                            "count": 42313,
                                            "self": 24.548288792953826
                                        }
                                    }
                                },
                                "workers": {
                                    "total": 0.32889460877049714,
                                    "count": 44288,
                                    "self": 0.0,
                                    "children": {
                                        "worker_root": {
                                            "total": 289.4166562000755,
                                            "count": 44288,
                                            "is_parallel": true,
                                            "self": 165.18868100782856,
                                            "children": {
                                                "steps_from_proto": {
                                                    "total": 0.0002463000128045678,
                                                    "count": 1,
                                                    "is_parallel": true,