{
    "name": "root",
    "gauges": {
        "3DBall.Policy.Entropy.mean": {
            "value": 1.398316740989685,
            "min": 1.398316740989685,
            "max": 1.4189382791519165,
            "count": 4
        },
        "3DBall.Policy.Entropy.sum": {
            "value": 16863.69921875,
            "min": 16863.69921875,
            "max": 17214.55859375,
            "count": 4
        },
        "3DBall.Environment.EpisodeLength.mean": {
            "value": 24.759656652360515,
            "min": 21.199630314232902,
            "max": 24.759656652360515,
            "count": 4
        },
        "3DBall.Environment.EpisodeLength.sum": {
            "value": 11538.0,
            "min": 11469.0,
            "max": 11538.0,
            "count": 4
        },
        "3DBall.Step.mean": {
            "value": 47998.0,
            "min": 11991.0,
            "max": 47998.0,
            "count": 4
        },
        "3DBall.Step.sum": {
            "value": 47998.0,
            "min": 11991.0,
            "max": 47998.0,
            "count": 4
        },
        "3DBall.Policy.ExtrinsicValueEstimate.mean": {
            "value": 0.24146659672260284,
            "min": 0.027155742049217224,
            "max": 0.24146659672260284,
            "count": 4
        },
        "3DBall.Policy.ExtrinsicValueEstimate.sum": {
            "value": 112.5234375,
            "min": 14.664100646972656,
            "max": 112.5234375,
            "count": 4
        },
        "3DBall.Environment.CumulativeReward.mean": {
            "value": 1.4751072193419985,
            "min": 1.1205555330823969,
            "max": 1.4751072193419985,
            "count": 4
        },
        "3DBall.Environment.CumulativeReward.sum": {
            "value": 687.3999642133713,
            "min": 605.0999878644943,
            "max": 687.3999642133713,
            "count": 4
        },
        "3DBall.Policy.ExtrinsicReward.mean": {
            "value": 1.4751072193419985,
            "min": 1.1205555330823969,
            "max": 1.4751072193419985,
            "count": 4
        },
        "3DBall.Policy.ExtrinsicReward.sum": {
            "value": 687.3999642133713,
            "min": 605.0999878644943,
            "max": 687.3999642133713,
            "count": 4
        },
        "3DBall.IsTraining.mean": {
            "value": 1.0,
            "min": 1.0,
            "max": 1.0,
            "count": 4
        },
        "3DBall.IsTraining.sum": {
            "value": 1.0,
            "min": 1.0,
            "max": 1.0,
            "count": 4
        },
        "3DBall.Losses.PolicyLoss.mean": {
            "value": 0.09939743791013218,
            "min": 0.097429391509678,
            "max": 0.09939743791013218,
            "count": 2
        },
        "3DBall.Losses.PolicyLoss.sum": {
            "value": 0.09939743791013218,
            "min": 0.097429391509678,
            "max": 0.09939743791013218,
            "count": 2
        },
        "3DBall.Losses.ValueLoss.mean": {
            "value": 0.18622139747215746,
            "min": 0.18622139747215746,
            "max": 0.347426222996243,
            "count": 2
        },
        "3DBall.Losses.ValueLoss.sum": {
            "value": 0.18622139747215746,
            "min": 0.18622139747215746,
            "max": 0.347426222996243,
            "count": 2
        },
        "3DBall.Policy.LearningRate.mean": {
            "value": 0.0001864716067642,
            "min": 0.0001864716067642,
            "max": 0.00019323240338380002,
            "count": 2
        },
        "3DBall.Policy.LearningRate.sum": {
            "value": 0.0001864716067642,
            "min": 0.0001864716067642,
            "max": 0.00019323240338380002,
            "count": 2
        },
        "3DBall.Policy.Epsilon.mean": {
            "value": 0.2864716,
            "min": 0.2864716,
            "max": 0.29323239999999995,
            "count": 2
        },
        "3DBall.Policy.Epsilon.sum": {
            "value": 0.2864716,
            "min": 0.2864716,
            "max": 0.29323239999999995,
            "count": 2
        },
        "3DBall.Policy.Beta.mean": {
            "value": 0.0011195060199999996,
            "min": 0.0011195060199999996,
            "max": 0.00115973278,
            "count": 2
        },
        "3DBall.Policy.Beta.sum": {
            "value": 0.0011195060199999996,
            "min": 0.0011195060199999996,
            "max": 0.00115973278,
            "count": 2
        }
    },
    "metadata": {
        "timer_format_version": "0.1.0",
        "start_time_seconds": "1765222055",
        "python_version": "3.10.11 (tags/v3.10.11:7d4cc5a, Apr  5 2023, 00:38:17) [MSC v.1929 64 bit (AMD64)]",
        "command_line_arguments": "C:\\Users\\moebn\\Documents\\University\\Project 2-1\\project_2_1_group_7\\venv\\Scripts\\mlagents-learn Config/training_config.yaml --run-id=run_batch_size66_buffer_size16900_learning_rate0.0002_beta0.0012_epsilon0.3 --time-scale=20 --env=3DBall_environment/UnityEnvironment.exe --no-graphics",
        "mlagents_version": "1.0.0",
        "mlagents_envs_version": "1.0.0",
        "communication_protocol_version": "1.5.0",
        "pytorch_version": "2.9.1+cpu",
        "numpy_version": "1.23.5",
        "end_time_seconds": "1765222085"
    },
    "total": 29.35668289999012,
    "count": 1,
    "self": 0.22517099999822676,
    "children": {
        "run_training.setup": {
            "total": 0.0896945999993477,
            "count": 1,
            "self": 0.0896945999993477
        },
        "TrainerController.start_learning": {
            "total": 29.041817299992545,
            "count": 1,
            "self": 0.052131300733890384,
            "children": {
                "TrainerController._reset_env": {
                    "total": 5.221516799996607,
                    "count": 1,
                    "self": 5.221516799996607
                },
                "TrainerController.advance": {
                    "total": 23.761182399262907,
                    "count": 5801,
                    "self": 0.050609896978130564,
                    "children": {
                        "env_step": {
                            "total": 15.169824600685388,
                            "count": 5801,
                            "self": 13.513379503710894,
                            "children": {
                                "SubprocessEnvManager._take_step": {
                                    "total": 1.620377198792994,
                                    "count": 5801,
                                    "self": 0.1242783996858634,
                                    "children": {
                                        "TorchPolicy.evaluate": {
                                            "total": 1.4960987991071306,
                                            "count": 4184,
                                            "self": 1.4960987991071306
                                        }
                                    }
                                },
                                "workers": {
                                    "total": 0.03606789818149991,
                                    "count": 5801,
                                    "self": 0.0,
                                    "children": {
                                        "worker_root": {
                                            "total": 25.17899829923408,
                                            "count": 5801,
                                            "is_parallel": true,
                                            "self": 15.023509700375143,
                                            "children": {
                                                "steps_from_proto": {
                                                    "total": 0.0016645999858155847,
                                                    "count": 1,
                                                    "is_parallel": true,