{
    "name": "root",
    "gauges": {
        "3DBall.Policy.Entropy.mean": {
            "value": 1.3982690572738647,
            "min": 1.3982690572738647,
            "max": 1.4189382791519165,
            "count": 4
        },
        "3DBall.Policy.Entropy.sum": {
            "value": 16678.552734375,
            "min": 16678.552734375,
            "max": 17248.61328125,
            "count": 4
        },
        "3DBall.Environment.EpisodeLength.mean": {
            "value": 25.367032967032966,
            "min": 21.47752808988764,
            "max": 25.367032967032966,
            "count": 4
        },
        "3DBall.Environment.EpisodeLength.sum": {
            "value": 11542.0,
            "min": 11469.0,
            "max": 11542.0,
            "count": 4
        },
        "3DBall.Step.mean": {
            "value": 47989.0,
            "min": 11971.0,
            "max": 47989.0,
            "count": 4
        },
        "3DBall.Step.sum": {
            "value": 47989.0,
            "min": 11971.0,
            "max": 47989.0,
            "count": 4
        },
        "3DBall.Policy.ExtrinsicValueEstimate.mean": {
            "value": 0.28435662388801575,
            "min": 0.26621729135513306,
            "max": 0.5395209789276123,
            "count": 4
        },
        "3DBall.Policy.ExtrinsicValueEstimate.sum": {
            "value": 129.38226318359375,
            "min": 129.38226318359375,
            "max": 287.564697265625,
            "count": 4
        },
        "3DBall.Environment.CumulativeReward.mean": {
            "value": 1.5375823605191576,
            "min": 1.145966195702329,
            "max": 1.5375823605191576,
            "count": 4
        },
        "3DBall.Environment.CumulativeReward.sum": {
            "value": 699.5999740362167,
            "min": 610.7999823093414,
            "max": 699.5999740362167,
            "count": 4
        },
        "3DBall.Policy.ExtrinsicReward.mean": {
            "value": 1.5375823605191576,
            "min": 1.145966195702329,
            "max": 1.5375823605191576,
            "count": 4
        },
        "3DBall.Policy.ExtrinsicReward.sum": {
            "value": 699.5999740362167,
            "min": 610.7999823093414,
            "max": 699.5999740362167,
            "count": 4
        },
        "3DBall.IsTraining.mean": {
            "value": 1.0,
            "min": 1.0,
            "max": 1.0,
            "count": 4
        },
        "3DBall.IsTraining.sum": {
            "value": 1.0,
            "min": 1.0,
            "max": 1.0,
            "count": 4
        },
        "3DBall.Losses.PolicyLoss.mean": {
            "value": 0.7159710937837549,
            "min": 0.7159710937837549,
            "max": 0.7679128240884358,
            "count": 2
        },
        "3DBall.Losses.PolicyLoss.sum": {
            "value": 0.7159710937837549,
            "min": 0.7159710937837549,
            "max": 0.7679128240884358,
            "count": 2
        },
        "3DBall.Losses.ValueLoss.mean": {
            "value": 0.1426955180987011,
            "min": 0.1426955180987011,
            "max": 0.16890743525917093,
            "count": 2
        },
        "3DBall.Losses.ValueLoss.sum": {
            "value": 0.1426955180987011,
            "min": 0.1426955180987011,
            "max": 0.16890743525917093,
            "count": 2
        },
        "3DBall.Policy.LearningRate.mean": {
            "value": 0.00018262240868880002,
            "min": 0.00018262240868880002,
            "max": 0.00019131840434080005,
            "count": 2
        },
        "3DBall.Policy.LearningRate.sum": {
            "value": 0.00018262240868880002,
            "min": 0.00018262240868880002,
            "max": 0.00019131840434080005,
            "count": 2
        },
        "3DBall.Policy.Epsilon.mean": {
            "value": 0.2826224000000001,
            "min": 0.2826224000000001,
            "max": 0.29131839999999987,
            "count": 2
        },
        "3DBall.Policy.Epsilon.sum": {
            "value": 0.2826224000000001,
            "min": 0.2826224000000001,
            "max": 0.29131839999999987,
            "count": 2
        },
        "3DBall.Policy.Beta.mean": {
            "value": 0.0009139808800000002,
            "min": 0.0009139808800000002,
            "max": 0.0009570260799999996,
            "count": 2
        },
        "3DBall.Policy.Beta.sum": {
            "value": 0.0009139808800000002,
            "min": 0.0009139808800000002,
            "max": 0.0009570260799999996,
            "count": 2
        }
    },
    "metadata": {
        "timer_format_version": "0.1.0",
        "start_time_seconds": "1764879256",
        "python_version": "3.10.11 (tags/v3.10.11:7d4cc5a, Apr  5 2023, 00:38:17) [MSC v.1929 64 bit (AMD64)]",
        "command_line_arguments": "C:\\Users\\moebn\\Documents\\University\\Project 2-1\\project_2_1_group_7\\venv\\Scripts\\mlagents-learn Config/training_config.yaml --run-id=run_batch_size1_buffer_size21700_learning_rate0.0002_beta0.001_epsilon0.3 --time-scale=20 --env=3DBall_environment/UnityEnvironment.exe --no-graphics",
        "mlagents_version": "1.0.0",
        "mlagents_envs_version": "1.0.0",
        "communication_protocol_version": "1.5.0",
        "pytorch_version": "2.9.1+cpu",
        "numpy_version": "1.23.5",
        "end_time_seconds": "1764879499"
    },
    "total": 242.92912510000315,
    "count": 1,
    "self": 0.5461295000059181,
    "children": {
        "run_training.setup": {
            "total": 0.07807749999483349,
            "count": 1,
            "self": 0.07807749999483349
        },
        "TrainerController.start_learning": {
            "total": 242.3049181000024,
            "count": 1,
            "self": 0.05156059991713846,
            "children": {
                "TrainerController._reset_env": {
                    "total": 7.1697475999972085,
                    "count": 1,
                    "self": 7.1697475999972085
                },
                "TrainerController.advance": {
                    "total": 235.07664180009306,
                    "count": 5753,
                    "self": 0.04905820051499177,
                    "children": {
                        "env_step": {
                            "total": 14.212750800157664,
                            "count": 5753,
                            "self": 12.650971399627451,
                            "children": {
                                "SubprocessEnvManager._take_step": {
                                    "total": 1.5269569002557546,
                                    "count": 5753,
                                    "self": 0.12200190038856817,
                                    "children": {
                                        "TorchPolicy.evaluate": {
                                            "total": 1.4049549998671864,
                                            "count": 4182,
                                            "self": 1.4049549998671864
                                        }
                                    }
                                },
                                "workers": {
                                    "total": 0.034822500274458434,
                                    "count": 5753,
                                    "self": 0.0,
                                    "children": {
                                        "worker_root": {
                                            "total": 235.62033090001205,
                                            "count": 5753,
                                            "is_parallel": true,
                                            "self": 225.98470249985257,
                                            "children": {
                                                "steps_from_proto": {
                                                    "total": 0.00028249999741092324,