{
    "name": "root",
    "gauges": {
        "3DBall.Policy.Entropy.mean": {
            "value": 1.4007196426391602,
            "min": 1.4007196426391602,
            "max": 1.417419672012329,
            "count": 4
        },
        "3DBall.Policy.Entropy.sum": {
            "value": 17380.12890625,
            "min": 16943.115234375,
            "max": 17380.12890625,
            "count": 4
        },
        "3DBall.Environment.EpisodeLength.mean": {
            "value": 44.958015267175576,
            "min": 21.956022944550668,
            "max": 44.958015267175576,
            "count": 4
        },
        "3DBall.Environment.EpisodeLength.sum": {
            "value": 11779.0,
            "min": 11483.0,
            "max": 11779.0,
            "count": 4
        },
        "3DBall.Step.mean": {
            "value": 47908.0,
            "min": 11978.0,
            "max": 47908.0,
            "count": 4
        },
        "3DBall.Step.sum": {
            "value": 47908.0,
            "min": 11978.0,
            "max": 47908.0,
            "count": 4
        },
        "3DBall.Policy.ExtrinsicValueEstimate.mean": {
            "value": 0.9222720861434937,
            "min": -0.2704879343509674,
            "max": 0.9222720861434937,
            "count": 4
        },
        "3DBall.Policy.ExtrinsicValueEstimate.sum": {
            "value": 242.55755615234375,
            "min": -141.1947021484375,
            "max": 242.55755615234375,
            "count": 4
        },
        "3DBall.Environment.CumulativeReward.mean": {
            "value": 3.4368823435823272,
            "min": 1.1946359836278748,
            "max": 3.4368823435823272,
            "count": 4
        },
        "3DBall.Environment.CumulativeReward.sum": {
            "value": 903.9000563621521,
            "min": 623.5999834537506,
            "max": 903.9000563621521,
            "count": 4
        },
        "3DBall.Policy.ExtrinsicReward.mean": {
            "value": 3.4368823435823272,
            "min": 1.1946359836278748,
            "max": 3.4368823435823272,
            "count": 4
        },
        "3DBall.Policy.ExtrinsicReward.sum": {
            "value": 903.9000563621521,
            "min": 623.5999834537506,
            "max": 903.9000563621521,
            "count": 4
        },
        "3DBall.Losses.PolicyLoss.mean": {
            "value": 0.12671977755514915,
            "min": 0.12430257346707652,
            "max": 0.12671977755514915,
            "count": 4
        },
        "3DBall.Losses.PolicyLoss.sum": {
            "value": 0.2534395551102983,
            "min": 0.12614612268930697,
            "max": 0.2534395551102983,
            "count": 4
        },
        "3DBall.Losses.ValueLoss.mean": {
            "value": 0.7765016358732526,
            "min": 0.23253098777717068,
            "max": 0.7765016358732526,
            "count": 4
        },
        "3DBall.Losses.ValueLoss.sum": {
            "value": 1.5530032717465052,
            "min": 0.37666691067345415,
            "max": 1.5530032717465052,
            "count": 4
        },
        "3DBall.Policy.LearningRate.mean": {
            "value": 0.0001838986080507,
            "min": 0.0001838986080507,
            "max": 0.00019707320146340003,
            "count": 4
        },
        "3DBall.Policy.LearningRate.sum": {
            "value": 0.0003677972161014,
            "min": 0.0001882992058504,
            "max": 0.00038536800731600005,
            "count": 4
        },
        "3DBall.Policy.Epsilon.mean": {
            "value": 0.19194930000000002,
            "min": 0.19194930000000002,
            "max": 0.19853659999999998,
            "count": 4
        },
        "3DBall.Policy.Epsilon.sum": {
            "value": 0.38389860000000003,
            "min": 0.1941496,
            "max": 0.39268400000000003,
            "count": 4
        },
        "3DBall.Policy.Beta.mean": {
            "value": 0.0009202980700000001,
            "min": 0.0009202980700000001,
            "max": 0.0009855123399999995,
            "count": 4
        },
        "3DBall.Policy.Beta.sum": {
            "value": 0.0018405961400000002,
            "min": 0.0009420810399999998,
            "max": 0.0019275716,
            "count": 4
        },
        "3DBall.IsTraining.mean": {
            "value": 1.0,
            "min": 1.0,
            "max": 1.0,
            "count": 4
        },
        "3DBall.IsTraining.sum": {
            "value": 1.0,
            "min": 1.0,
            "max": 1.0,
            "count": 4
        }
    },
    "metadata": {
        "timer_format_version": "0.1.0",
        "start_time_seconds": "1765098367",
        "python_version": "3.10.11 (tags/v3.10.11:7d4cc5a, Apr  5 2023, 00:38:17) [MSC v.1929 64 bit (AMD64)]",
        "command_line_arguments": "C:\\Users\\moebn\\Documents\\University\\Project 2-1\\project_2_1_group_7\\venv\\Scripts\\mlagents-learn Config/training_config.yaml --run-id=run_batch_size40_buffer_size7300_learning_rate0.0002_beta0.001_epsilon0.2 --time-scale=20 --env=3DBall_environment/UnityEnvironment.exe --no-graphics",
        "mlagents_version": "1.0.0",
        "mlagents_envs_version": "1.0.0",
        "communication_protocol_version": "1.5.0",
        "pytorch_version": "2.9.1+cpu",
        "numpy_version": "1.23.5",
        "end_time_seconds": "1765098397"
    },
    "total": 29.331684100005077,
    "count": 1,
    "self": 0.15407860002596863,
    "children": {
        "run_training.setup": {
            "total": 0.07097619998967275,
            "count": 1,
            "self": 0.07097619998967275
        },
        "TrainerController.start_learning": {
            "total": 29.106629299989436,
            "count": 1,
            "self": 0.04708310149726458,
            "children": {
                "TrainerController._reset_env": {
                    "total": 3.433765800000401,
                    "count": 1,
                    "self": 3.433765800000401
                },
                "TrainerController.advance": {
                    "total": 25.61917019847897,
                    "count": 5540,
                    "self": 0.04592949539073743,
                    "children": {
                        "env_step": {
                            "total": 14.102451100654434,
                            "count": 5540,
                            "self": 12.540391900925897,
                            "children": {
                                "SubprocessEnvManager._take_step": {
                                    "total": 1.5296358997002244,
                                    "count": 5540,
                                    "self": 0.11910009864368476,
                                    "children": {
                                        "TorchPolicy.evaluate": {
                                            "total": 1.4105358010565396,
                                            "count": 4217,
                                            "self": 1.4105358010565396
                                        }
                                    }
                                },
                                "workers": {
                                    "total": 0.03242330002831295,
                                    "count": 5540,
                                    "self": 0.0,
                                    "children": {
                                        "worker_root": {
                                            "total": 26.200570800428977,
                                            "count": 5540,
                                            "is_parallel": true,
                                            "self": 16.597970299626468,
                                            "children": {
                                                "steps_from_proto": {
                                                    "total": 0.0003908999788109213,
                                                    "count": 1,