{
    "name": "root",
    "gauges": {
        "3DBall.Policy.Entropy.mean": {
            "value": 1.3694324493408203,
            "min": 1.3694324493408203,
            "max": 1.4109458923339844,
            "count": 4
        },
        "3DBall.Policy.Entropy.sum": {
            "value": 16088.0927734375,
            "min": 16088.0927734375,
            "max": 23301.767578125,
            "count": 4
        },
        "3DBall.Environment.EpisodeLength.mean": {
            "value": 799.5333333333333,
            "min": 30.650918635170605,
            "max": 799.5333333333333,
            "count": 4
        },
        "3DBall.Environment.EpisodeLength.sum": {
            "value": 11993.0,
            "min": 11678.0,
            "max": 12655.0,
            "count": 4
        },
        "3DBall.Step.mean": {
            "value": 47834.0,
            "min": 11999.0,
            "max": 47834.0,
            "count": 4
        },
        "3DBall.Step.sum": {
            "value": 47834.0,
            "min": 11999.0,
            "max": 47834.0,
            "count": 4
        },
        "3DBall.Policy.ExtrinsicValueEstimate.mean": {
            "value": 9.661694526672363,
            "min": 0.3857518136501312,
            "max": 9.661694526672363,
            "count": 4
        },
        "3DBall.Policy.ExtrinsicValueEstimate.sum": {
            "value": 144.9254150390625,
            "min": 144.9254150390625,
            "max": 166.79061889648438,
            "count": 4
        },
        "3DBall.Environment.CumulativeReward.mean": {
            "value": 79.61334454218546,
            "min": 2.0576315490823043,
            "max": 79.61334454218546,
            "count": 4
        },
        "3DBall.Environment.CumulativeReward.sum": {
            "value": 1194.200168132782,
            "min": 781.8999886512756,
            "max": 1261.6001935005188,
            "count": 4
        },
        "3DBall.Policy.ExtrinsicReward.mean": {
            "value": 79.61334454218546,
            "min": 2.0576315490823043,
            "max": 79.61334454218546,
            "count": 4
        },
        "3DBall.Policy.ExtrinsicReward.sum": {
            "value": 1194.200168132782,
            "min": 781.8999886512756,
            "max": 1261.6001935005188,
            "count": 4
        },
        "3DBall.Losses.PolicyLoss.mean": {
            "value": 0.10323940501063286,
            "min": 0.08267924838848781,
            "max": 0.10499128700507261,
            "count": 4
        },
        "3DBall.Losses.PolicyLoss.sum": {
            "value": 1.3421122651382271,
            "min": 1.3421122651382271,
            "max": 8.102566342071805,
            "count": 4
        },
        "3DBall.Losses.ValueLoss.mean": {
            "value": 1.477933183832471,
            "min": 1.1106147681369263,
            "max": 4.4212721992778095,
            "count": 4
        },
        "3DBall.Losses.ValueLoss.sum": {
            "value": 19.213131389822124,
            "min": 19.213131389822124,
            "max": 137.0594381776121,
            "count": 4
        },
        "3DBall.Policy.LearningRate.mean": {
            "value": 0.0003661115161644308,
            "min": 0.0003661115161644308,
            "max": 0.00039534666238782453,
            "count": 4
        },
        "3DBall.Policy.LearningRate.sum": {
            "value": 0.0047594497101376,
            "min": 0.0047594497101376,
            "max": 0.0387439729140068,
            "count": 4
        },
        "3DBall.Policy.Epsilon.mean": {
            "value": 0.28305575384615383,
            "min": 0.28305575384615383,
            "max": 0.2976733306122449,
            "count": 4
        },
        "3DBall.Policy.Epsilon.sum": {
            "value": 3.6797248,
            "min": 3.6797248,
            "max": 29.171986399999998,
            "count": 4
        },
        "3DBall.Policy.Beta.mean": {
            "value": 0.0010076538584615385,
            "min": 0.0010076538584615385,
            "max": 0.0010873196518367348,
            "count": 4
        },
        "3DBall.Policy.Beta.sum": {
            "value": 0.013099500160000001,
            "min": 0.013099500160000001,
            "max": 0.10655732588,
            "count": 4
        },
        "3DBall.IsTraining.mean": {
            "value": 1.0,
            "min": 1.0,
            "max": 1.0,
            "count": 4
        },
        "3DBall.IsTraining.sum": {
            "value": 1.0,
            "min": 1.0,
            "max": 1.0,
            "count": 4
        }
    },
    "metadata": {
        "timer_format_version": "0.1.0",
        "start_time_seconds": "1765129434",
        "python_version": "3.10.11 (tags/v3.10.11:7d4cc5a, Apr  5 2023, 00:38:17) [MSC v.1929 64 bit (AMD64)]",
        "command_line_arguments": "C:\\Users\\moebn\\Documents\\University\\Project 2-1\\project_2_1_group_7\\venv\\Scripts\\mlagents-learn Config/training_config.yaml --run-id=run_batch_size53_buffer_size100_learning_rate0.0004_beta0.0011_epsilon0.3 --time-scale=20 --env=3DBall_environment/UnityEnvironment.exe --no-graphics",
        "mlagents_version": "1.0.0",
        "mlagents_envs_version": "1.0.0",
        "communication_protocol_version": "1.5.0",
        "pytorch_version": "2.9.1+cpu",
        "numpy_version": "1.23.5",
        "end_time_seconds": "1765129463"
    },
    "total": 28.062409200007096,
    "count": 1,
    "self": 0.14888230001088232,
    "children": {
        "run_training.setup": {
            "total": 0.07117189999553375,
            "count": 1,
            "self": 0.07117189999553375
        },
        "TrainerController.start_learning": {
            "total": 27.84235500000068,
            "count": 1,
            "self": 0.041293400834547356,
            "children": {
                "TrainerController._reset_env": {
                    "total": 3.369700900017051,
                    "count": 1,
                    "self": 3.369700900017051
                },
                "TrainerController.advance": {
                    "total": 24.42451749916654,
                    "count": 5017,
                    "self": 0.04079180062399246,
                    "children": {
                        "env_step": {
                            "total": 14.603875099943252,
                            "count": 5017,
                            "self": 12.788373300922103,
                            "children": {
                                "SubprocessEnvManager._take_step": {
                                    "total": 1.7860024998662993,
                                    "count": 5017,
                                    "self": 0.12918669861392118,
                                    "children": {
                                        "TorchPolicy.evaluate": {
                                            "total": 1.6568158012523782,
                                            "count": 4656,
                                            "self": 1.6568158012523782
                                        }
                                    }
                                },
                                "workers": {
                                    "total": 0.029499299154849723,
                                    "count": 5017,
                                    "self": 0.0,
                                    "children": {
                                        "worker_root": {
                                            "total": 24.95773890145938,
                                            "count": 5017,
                                            "is_parallel": true,
                                            "self": 14.97121910189162,
                                            "children": {
                                                "steps_from_proto": {
                                                    "total": 0.00026259999140165746,
                                                    "count": 1,