{
    "name": "root",
    "gauges": {
        "3DBall.Policy.Entropy.mean": {
            "value": 1.4018962383270264,
            "min": 1.4018962383270264,
            "max": 1.4189382791519165,
            "count": 4
        },
        "3DBall.Policy.Entropy.sum": {
            "value": 17075.095703125,
            "min": 16948.3671875,
            "max": 17265.640625,
            "count": 4
        },
        "3DBall.Environment.EpisodeLength.mean": {
            "value": 31.454054054054055,
            "min": 22.3852140077821,
            "max": 31.454054054054055,
            "count": 4
        },
        "3DBall.Environment.EpisodeLength.sum": {
            "value": 11638.0,
            "min": 11506.0,
            "max": 11638.0,
            "count": 4
        },
        "3DBall.Step.mean": {
            "value": 47990.0,
            "min": 11999.0,
            "max": 47990.0,
            "count": 4
        },
        "3DBall.Step.sum": {
            "value": 47990.0,
            "min": 11999.0,
            "max": 47990.0,
            "count": 4
        },
        "3DBall.Policy.ExtrinsicValueEstimate.mean": {
            "value": 0.4615024924278259,
            "min": 0.16559213399887085,
            "max": 0.4615024924278259,
            "count": 4
        },
        "3DBall.Policy.ExtrinsicValueEstimate.sum": {
            "value": 170.75592041015625,
            "min": 84.94876098632812,
            "max": 170.75592041015625,
            "count": 4
        },
        "3DBall.Environment.CumulativeReward.mean": {
            "value": 2.148378305177431,
            "min": 1.2389863211276704,
            "max": 2.148378305177431,
            "count": 4
        },
        "3DBall.Environment.CumulativeReward.sum": {
            "value": 794.8999729156494,
            "min": 635.5999827384949,
            "max": 794.8999729156494,
            "count": 4
        },
        "3DBall.Policy.ExtrinsicReward.mean": {
            "value": 2.148378305177431,
            "min": 1.2389863211276704,
            "max": 2.148378305177431,
            "count": 4
        },
        "3DBall.Policy.ExtrinsicReward.sum": {
            "value": 794.8999729156494,
            "min": 635.5999827384949,
            "max": 794.8999729156494,
            "count": 4
        },
        "3DBall.IsTraining.mean": {
            "value": 1.0,
            "min": 1.0,
            "max": 1.0,
            "count": 4
        },
        "3DBall.IsTraining.sum": {
            "value": 1.0,
            "min": 1.0,
            "max": 1.0,
            "count": 4
        },
        "3DBall.Losses.PolicyLoss.mean": {
            "value": 0.15715445911685824,
            "min": 0.15020653943846896,
            "max": 0.15715445911685824,
            "count": 3
        },
        "3DBall.Losses.PolicyLoss.sum": {
            "value": 0.15715445911685824,
            "min": 0.15020653943846896,
            "max": 0.15715445911685824,
            "count": 3
        },
        "3DBall.Losses.ValueLoss.mean": {
            "value": 0.33143152254457287,
            "min": 0.2426741373055215,
            "max": 0.3622350802218448,
            "count": 3
        },
        "3DBall.Losses.ValueLoss.sum": {
            "value": 0.33143152254457287,
            "min": 0.2426741373055215,
            "max": 0.3622350802218448,
            "count": 3
        },
        "3DBall.Policy.LearningRate.mean": {
            "value": 0.00018259080870460008,
            "min": 0.00018259080870460008,
            "max": 0.00019419800290100002,
            "count": 3
        },
        "3DBall.Policy.LearningRate.sum": {
            "value": 0.00018259080870460008,
            "min": 0.00018259080870460008,
            "max": 0.00019419800290100002,
            "count": 3
        },
        "3DBall.Policy.Epsilon.mean": {
            "value": 0.23694310000000002,
            "min": 0.23694310000000002,
            "max": 0.2456485,
            "count": 3
        },
        "3DBall.Policy.Epsilon.sum": {
            "value": 0.23694310000000002,
            "min": 0.23694310000000002,
            "max": 0.2456485,
            "count": 3
        },
        "3DBall.Policy.Beta.mean": {
            "value": 0.0012790060600000003,
            "min": 0.0012790060600000003,
            "max": 0.0013596760999999998,
            "count": 3
        },
        "3DBall.Policy.Beta.sum": {
            "value": 0.0012790060600000003,
            "min": 0.0012790060600000003,
            "max": 0.0013596760999999998,
            "count": 3
        }
    },
    "metadata": {
        "timer_format_version": "0.1.0",
        "start_time_seconds": "1765064756",
        "python_version": "3.10.11 (tags/v3.10.11:7d4cc5a, Apr  5 2023, 00:38:17) [MSC v.1929 64 bit (AMD64)]",
        "command_line_arguments": "C:\\Users\\moebn\\Documents\\University\\Project 2-1\\project_2_1_group_7\\venv\\Scripts\\mlagents-learn Config/training_config.yaml --run-id=run_batch_size27_buffer_size14500_learning_rate0.0002_beta0.0014_epsilon0.25 --time-scale=20 --env=3DBall_environment/UnityEnvironment.exe --no-graphics",
        "mlagents_version": "1.0.0",
        "mlagents_envs_version": "1.0.0",
        "communication_protocol_version": "1.5.0",
        "pytorch_version": "2.9.1+cpu",
        "numpy_version": "1.23.5",
        "end_time_seconds": "1765064792"
    },
    "total": 36.49690909999481,
    "count": 1,
    "self": 0.20775609998963773,
    "children": {
        "run_training.setup": {
            "total": 0.06776370000443421,
            "count": 1,
            "self": 0.06776370000443421
        },
        "TrainerController.start_learning": {
            "total": 36.22138930000074,
            "count": 1,
            "self": 0.04905590010457672,
            "children": {
                "TrainerController._reset_env": {
                    "total": 7.495976299993345,
                    "count": 1,
                    "self": 7.495976299993345
                },
                "TrainerController.advance": {
                    "total": 28.670074999899953,
                    "count": 5596,
                    "self": 0.04672359947289806,
                    "children": {
                        "env_step": {
                            "total": 14.232475500029977,
                            "count": 5596,
                            "self": 12.635694799784687,
                            "children": {
                                "SubprocessEnvManager._take_step": {
                                    "total": 1.5628669005964184,
                                    "count": 5596,
                                    "self": 0.12165990067296661,
                                    "children": {
                                        "TorchPolicy.evaluate": {
                                            "total": 1.4412069999234518,
                                            "count": 4199,
                                            "self": 1.4412069999234518
                                        }
                                    }
                                },
                                "workers": {
                                    "total": 0.033913799648871645,
                                    "count": 5596,
                                    "self": 0.0,
                                    "children": {
                                        "worker_root": {
                                            "total": 29.2380868998589,
                                            "count": 5596,
                                            "is_parallel": true,
                                            "self": 19.59287729933567,
                                            "children": {
                                                "steps_from_proto": {
                                                    "total": 0.0002275000006193295,
                                                    "count": 1,