{
    "name": "root",
    "gauges": {
        "3DBall.Policy.Entropy.mean": {
            "value": 1.4058376550674438,
            "min": 1.4058376550674438,
            "max": 1.4189382791519165,
            "count": 4
        },
        "3DBall.Policy.Entropy.sum": {
            "value": 16920.662109375,
            "min": 16881.294921875,
            "max": 17197.53125,
            "count": 4
        },
        "3DBall.Environment.EpisodeLength.mean": {
            "value": 25.44273127753304,
            "min": 22.300970873786408,
            "max": 25.44273127753304,
            "count": 4
        },
        "3DBall.Environment.EpisodeLength.sum": {
            "value": 11551.0,
            "min": 11485.0,
            "max": 11551.0,
            "count": 4
        },
        "3DBall.Step.mean": {
            "value": 47990.0,
            "min": 11968.0,
            "max": 47990.0,
            "count": 4
        },
        "3DBall.Step.sum": {
            "value": 47990.0,
            "min": 11968.0,
            "max": 47990.0,
            "count": 4
        },
        "3DBall.Policy.ExtrinsicValueEstimate.mean": {
            "value": 0.24583213031291962,
            "min": -0.500187337398529,
            "max": 0.24583213031291962,
            "count": 4
        },
        "3DBall.Policy.ExtrinsicValueEstimate.sum": {
            "value": 111.6077880859375,
            "min": -256.0959167480469,
            "max": 111.6077880859375,
            "count": 4
        },
        "3DBall.Environment.CumulativeReward.mean": {
            "value": 1.541850166436334,
            "min": 1.2306201127610465,
            "max": 1.541850166436334,
            "count": 4
        },
        "3DBall.Environment.CumulativeReward.sum": {
            "value": 699.9999755620956,
            "min": 633.5999764204025,
            "max": 699.9999755620956,
            "count": 4
        },
        "3DBall.Policy.ExtrinsicReward.mean": {
            "value": 1.541850166436334,
            "min": 1.2306201127610465,
            "max": 1.541850166436334,
            "count": 4
        },
        "3DBall.Policy.ExtrinsicReward.sum": {
            "value": 699.9999755620956,
            "min": 633.5999764204025,
            "max": 699.9999755620956,
            "count": 4
        },
        "3DBall.IsTraining.mean": {
            "value": 1.0,
            "min": 1.0,
            "max": 1.0,
            "count": 4
        },
        "3DBall.IsTraining.sum": {
            "value": 1.0,
            "min": 1.0,
            "max": 1.0,
            "count": 4
        },
        "3DBall.Losses.PolicyLoss.mean": {
            "value": 0.10983681628711961,
            "min": 0.10983681628711961,
            "max": 0.1138319905939405,
            "count": 2
        },
        "3DBall.Losses.PolicyLoss.sum": {
            "value": 0.10983681628711961,
            "min": 0.10983681628711961,
            "max": 0.1138319905939405,
            "count": 2
        },
        "3DBall.Losses.ValueLoss.mean": {
            "value": 0.2228632411496758,
            "min": 0.2205739213182563,
            "max": 0.2228632411496758,
            "count": 2
        },
        "3DBall.Losses.ValueLoss.sum": {
            "value": 0.2228632411496758,
            "min": 0.2205739213182563,
            "max": 0.2228632411496758,
            "count": 2
        },
        "3DBall.Policy.LearningRate.mean": {
            "value": 0.0004565660086867998,
            "min": 0.0004565660086867998,
            "max": 0.0004782810043438001,
            "count": 2
        },
        "3DBall.Policy.LearningRate.sum": {
            "value": 0.0004565660086867998,
            "min": 0.0004565660086867998,
            "max": 0.0004782810043438001,
            "count": 2
        },
        "3DBall.Policy.Epsilon.mean": {
            "value": 0.23696979999999998,
            "min": 0.23696979999999998,
            "max": 0.24348430000000004,
            "count": 2
        },
        "3DBall.Policy.Epsilon.sum": {
            "value": 0.23696979999999998,
            "min": 0.23696979999999998,
            "max": 0.24348430000000004,
            "count": 2
        },
        "3DBall.Policy.Beta.mean": {
            "value": 0.0012792534799999998,
            "min": 0.0012792534799999998,
            "max": 0.0013396211799999998,
            "count": 2
        },
        "3DBall.Policy.Beta.sum": {
            "value": 0.0012792534799999998,
            "min": 0.0012792534799999998,
            "max": 0.0013396211799999998,
            "count": 2
        }
    },
    "metadata": {
        "timer_format_version": "0.1.0",
        "start_time_seconds": "1765172187",
        "python_version": "3.10.11 (tags/v3.10.11:7d4cc5a, Apr  5 2023, 00:38:17) [MSC v.1929 64 bit (AMD64)]",
        "command_line_arguments": "C:\\Users\\moebn\\Documents\\University\\Project 2-1\\project_2_1_group_7\\venv\\Scripts\\mlagents-learn Config/training_config.yaml --run-id=run_batch_size53_buffer_size21700_learning_rate0.0005_beta0.0014_epsilon0.25 --time-scale=20 --env=3DBall_environment/UnityEnvironment.exe --no-graphics",
        "mlagents_version": "1.0.0",
        "mlagents_envs_version": "1.0.0",
        "communication_protocol_version": "1.5.0",
        "pytorch_version": "2.9.1+cpu",
        "numpy_version": "1.23.5",
        "end_time_seconds": "1765172222"
    },
    "total": 35.134524399996735,
    "count": 1,
    "self": 0.1709922000009101,
    "children": {
        "run_training.setup": {
            "total": 0.07319230001303367,
            "count": 1,
            "self": 0.07319230001303367
        },
        "TrainerController.start_learning": {
            "total": 34.89033989998279,
            "count": 1,
            "self": 0.05060079923714511,
            "children": {
                "TrainerController._reset_env": {
                    "total": 10.467792899988126,
                    "count": 1,
                    "self": 10.467792899988126
                },
                "TrainerController.advance": {
                    "total": 24.36519450074411,
                    "count": 5743,
                    "self": 0.048402800428448245,
                    "children": {
                        "env_step": {
                            "total": 14.37423219915945,
                            "count": 5743,
                            "self": 12.776408503152197,
                            "children": {
                                "SubprocessEnvManager._take_step": {
                                    "total": 1.562740496970946,
                                    "count": 5743,
                                    "self": 0.12056329724146053,
                                    "children": {
                                        "TorchPolicy.evaluate": {
                                            "total": 1.4421771997294854,
                                            "count": 4185,
                                            "self": 1.4421771997294854
                                        }
                                    }
                                },
                                "workers": {
                                    "total": 0.03508319903630763,
                                    "count": 5743,
                                    "self": 0.0,
                                    "children": {
                                        "worker_root": {
                                            "total": 24.964609900140204,
                                            "count": 5743,
                                            "is_parallel": true,
                                            "self": 15.211994300596416,
                                            "children": {
                                                "steps_from_proto": {
                                                    "total": 0.00027180000324733555,
                                                    "count": 1,