{
    "name": "root",
    "gauges": {
        "3DBall.Policy.Entropy.mean": {
            "value": 1.4055346250534058,
            "min": 1.4055346250534058,
            "max": 1.4189382791519165,
            "count": 4
        },
        "3DBall.Policy.Entropy.sum": {
            "value": 16815.81640625,
            "min": 16815.81640625,
            "max": 17248.61328125,
            "count": 4
        },
        "3DBall.Environment.EpisodeLength.mean": {
            "value": 28.542997542997544,
            "min": 22.00383141762452,
            "max": 28.542997542997544,
            "count": 4
        },
        "3DBall.Environment.EpisodeLength.sum": {
            "value": 11617.0,
            "min": 11486.0,
            "max": 11617.0,
            "count": 4
        },
        "3DBall.Step.mean": {
            "value": 47999.0,
            "min": 11992.0,
            "max": 47999.0,
            "count": 4
        },
        "3DBall.Step.sum": {
            "value": 47999.0,
            "min": 11992.0,
            "max": 47999.0,
            "count": 4
        },
        "3DBall.Policy.ExtrinsicValueEstimate.mean": {
            "value": 0.325784832239151,
            "min": -0.3259034752845764,
            "max": 0.325784832239151,
            "count": 4
        },
        "3DBall.Policy.ExtrinsicValueEstimate.sum": {
            "value": 132.59442138671875,
            "min": -169.79571533203125,
            "max": 132.59442138671875,
            "count": 4
        },
        "3DBall.Environment.CumulativeReward.mean": {
            "value": 1.8547910782863233,
            "min": 1.2017274058482925,
            "max": 1.8547910782863233,
            "count": 4
        },
        "3DBall.Environment.CumulativeReward.sum": {
            "value": 754.8999688625336,
            "min": 626.0999784469604,
            "max": 754.8999688625336,
            "count": 4
        },
        "3DBall.Policy.ExtrinsicReward.mean": {
            "value": 1.8547910782863233,
            "min": 1.2017274058482925,
            "max": 1.8547910782863233,
            "count": 4
        },
        "3DBall.Policy.ExtrinsicReward.sum": {
            "value": 754.8999688625336,
            "min": 626.0999784469604,
            "max": 754.8999688625336,
            "count": 4
        },
        "3DBall.IsTraining.mean": {
            "value": 1.0,
            "min": 1.0,
            "max": 1.0,
            "count": 4
        },
        "3DBall.IsTraining.sum": {
            "value": 1.0,
            "min": 1.0,
            "max": 1.0,
            "count": 4
        },
        "3DBall.Losses.PolicyLoss.mean": {
            "value": 0.12577430616731958,
            "min": 0.1228893287796577,
            "max": 0.12577430616731958,
            "count": 2
        },
        "3DBall.Losses.PolicyLoss.sum": {
            "value": 0.12577430616731958,
            "min": 0.1228893287796577,
            "max": 0.12577430616731958,
            "count": 2
        },
        "3DBall.Losses.ValueLoss.mean": {
            "value": 0.20645763574382894,
            "min": 0.20645763574382894,
            "max": 0.2494785952430342,
            "count": 2
        },
        "3DBall.Losses.ValueLoss.sum": {
            "value": 0.20645763574382894,
            "min": 0.20645763574382894,
            "max": 0.2494785952430342,
            "count": 2
        },
        "3DBall.Policy.LearningRate.mean": {
            "value": 0.0002797164067612,
            "min": 0.0002797164067612,
            "max": 0.00028985700338100004,
            "count": 2
        },
        "3DBall.Policy.LearningRate.sum": {
            "value": 0.0002797164067612,
            "min": 0.0002797164067612,
            "max": 0.00028985700338100004,
            "count": 2
        },
        "3DBall.Policy.Epsilon.mean": {
            "value": 0.2398582,
            "min": 0.2398582,
            "max": 0.24492849999999994,
            "count": 2
        },
        "3DBall.Policy.Epsilon.sum": {
            "value": 0.2398582,
            "min": 0.2398582,
            "max": 0.24492849999999994,
            "count": 2
        },
        "3DBall.Policy.Beta.mean": {
            "value": 0.0010263029199999998,
            "min": 0.0010263029199999998,
            "max": 0.0010631471,
            "count": 2
        },
        "3DBall.Policy.Beta.sum": {
            "value": 0.0010263029199999998,
            "min": 0.0010263029199999998,
            "max": 0.0010631471,
            "count": 2
        }
    },
    "metadata": {
        "timer_format_version": "0.1.0",
        "start_time_seconds": "1765116310",
        "python_version": "3.10.11 (tags/v3.10.11:7d4cc5a, Apr  5 2023, 00:38:17) [MSC v.1929 64 bit (AMD64)]",
        "command_line_arguments": "C:\\Users\\moebn\\Documents\\University\\Project 2-1\\project_2_1_group_7\\venv\\Scripts\\mlagents-learn Config/training_config.yaml --run-id=run_batch_size40_buffer_size16900_learning_rate0.0003_beta0.0011_epsilon0.25 --time-scale=20 --env=3DBall_environment/UnityEnvironment.exe --no-graphics",
        "mlagents_version": "1.0.0",
        "mlagents_envs_version": "1.0.0",
        "communication_protocol_version": "1.5.0",
        "pytorch_version": "2.9.1+cpu",
        "numpy_version": "1.23.5",
        "end_time_seconds": "1765116337"
    },
    "total": 27.365449700009776,
    "count": 1,
    "self": 0.1462201000249479,
    "children": {
        "run_training.setup": {
            "total": 0.07182049998664297,
            "count": 1,
            "self": 0.07182049998664297
        },
        "TrainerController.start_learning": {
            "total": 27.147409099998185,
            "count": 1,
            "self": 0.04828939924482256,
            "children": {
                "TrainerController._reset_env": {
                    "total": 3.4804589000123087,
                    "count": 1,
                    "self": 3.4804589000123087
                },
                "TrainerController.advance": {
                    "total": 23.612842400732916,
                    "count": 5686,
                    "self": 0.04795540092163719,
                    "children": {
                        "env_step": {
                            "total": 14.19977340035257,
                            "count": 5686,
                            "self": 12.64161099944613,
                            "children": {
                                "SubprocessEnvManager._take_step": {
                                    "total": 1.5242945002682973,
                                    "count": 5686,
                                    "self": 0.1192824000318069,
                                    "children": {
                                        "TorchPolicy.evaluate": {
                                            "total": 1.4050121002364904,
                                            "count": 4180,
                                            "self": 1.4050121002364904
                                        }
                                    }
                                },
                                "workers": {
                                    "total": 0.0338679006381426,
                                    "count": 5686,
                                    "self": 0.0,
                                    "children": {
                                        "worker_root": {
                                            "total": 24.20685529927141,
                                            "count": 5686,
                                            "is_parallel": true,
                                            "self": 14.531727599503938,
                                            "children": {
                                                "steps_from_proto": {
                                                    "total": 0.0002631999959703535,
                                                    "count": 1,