{
    "name": "root",
    "gauges": {
        "3DBall.Policy.Entropy.mean": {
            "value": 1.4083828926086426,
            "min": 1.4083828926086426,
            "max": 1.418778419494629,
            "count": 4
        },
        "3DBall.Policy.Entropy.sum": {
            "value": 18421.6484375,
            "min": 16937.9296875,
            "max": 18421.6484375,
            "count": 4
        },
        "3DBall.Environment.EpisodeLength.mean": {
            "value": 96.10317460317461,
            "min": 23.130522088353413,
            "max": 96.10317460317461,
            "count": 4
        },
        "3DBall.Environment.EpisodeLength.sum": {
            "value": 12109.0,
            "min": 11519.0,
            "max": 12109.0,
            "count": 4
        },
        "3DBall.Step.mean": {
            "value": 47888.0,
            "min": 11991.0,
            "max": 47888.0,
            "count": 4
        },
        "3DBall.Step.sum": {
            "value": 47888.0,
            "min": 11991.0,
            "max": 47888.0,
            "count": 4
        },
        "3DBall.Policy.ExtrinsicValueEstimate.mean": {
            "value": 2.1087658405303955,
            "min": -0.08763498067855835,
            "max": 2.1087658405303955,
            "count": 4
        },
        "3DBall.Policy.ExtrinsicValueEstimate.sum": {
            "value": 265.7044982910156,
            "min": -43.55458450317383,
            "max": 265.7044982910156,
            "count": 4
        },
        "3DBall.Environment.CumulativeReward.mean": {
            "value": 8.350001205527594,
            "min": 1.3126760063996497,
            "max": 8.350001205527594,
            "count": 4
        },
        "3DBall.Environment.CumulativeReward.sum": {
            "value": 1052.1001518964767,
            "min": 652.3999751806259,
            "max": 1052.1001518964767,
            "count": 4
        },
        "3DBall.Policy.ExtrinsicReward.mean": {
            "value": 8.350001205527594,
            "min": 1.3126760063996497,
            "max": 8.350001205527594,
            "count": 4
        },
        "3DBall.Policy.ExtrinsicReward.sum": {
            "value": 1052.1001518964767,
            "min": 652.3999751806259,
            "max": 1052.1001518964767,
            "count": 4
        },
        "3DBall.Losses.PolicyLoss.mean": {
            "value": 0.12808047976214393,
            "min": 0.12420145474433605,
            "max": 0.12808047976214393,
            "count": 4
        },
        "3DBall.Losses.PolicyLoss.sum": {
            "value": 0.25616095952428786,
            "min": 0.2484029094886721,
            "max": 0.37492359452450896,
            "count": 4
        },
        "3DBall.Losses.ValueLoss.mean": {
            "value": 3.158609703208173,
            "min": 0.44745532386044645,
            "max": 3.158609703208173,
            "count": 4
        },
        "3DBall.Losses.ValueLoss.sum": {
            "value": 6.317219406416346,
            "min": 0.8949106477208929,
            "max": 6.317219406416346,
            "count": 4
        },
        "3DBall.Policy.LearningRate.mean": {
            "value": 9.159820840180002e-05,
            "min": 9.159820840180002e-05,
            "max": 9.85239014761e-05,
            "count": 4
        },
        "3DBall.Policy.LearningRate.sum": {
            "value": 0.00018319641680360004,
            "min": 0.00018319641680360004,
            "max": 0.000282287017713,
            "count": 4
        },
        "3DBall.Policy.Epsilon.mean": {
            "value": 0.1915982,
            "min": 0.1915982,
            "max": 0.19852390000000003,
            "count": 4
        },
        "3DBall.Policy.Epsilon.sum": {
            "value": 0.3831964,
            "min": 0.3831964,
            "max": 0.582287,
            "count": 4
        },
        "3DBall.Policy.Beta.mean": {
            "value": 0.0011000185800000002,
            "min": 0.0011000185800000002,
            "max": 0.0011824344099999999,
            "count": 4
        },
        "3DBall.Policy.Beta.sum": {
            "value": 0.0022000371600000004,
            "min": 0.0022000371600000004,
            "max": 0.0033892153000000006,
            "count": 4
        },
        "3DBall.IsTraining.mean": {
            "value": 1.0,
            "min": 1.0,
            "max": 1.0,
            "count": 4
        },
        "3DBall.IsTraining.sum": {
            "value": 1.0,
            "min": 1.0,
            "max": 1.0,
            "count": 4
        }
    },
    "metadata": {
        "timer_format_version": "0.1.0",
        "start_time_seconds": "1765093429",
        "python_version": "3.10.11 (tags/v3.10.11:7d4cc5a, Apr  5 2023, 00:38:17) [MSC v.1929 64 bit (AMD64)]",
        "command_line_arguments": "C:\\Users\\moebn\\Documents\\University\\Project 2-1\\project_2_1_group_7\\venv\\Scripts\\mlagents-learn Config/training_config.yaml --run-id=run_batch_size40_buffer_size4900_learning_rate0.0001_beta0.0012_epsilon0.2 --time-scale=20 --env=3DBall_environment/UnityEnvironment.exe --no-graphics",
        "mlagents_version": "1.0.0",
        "mlagents_envs_version": "1.0.0",
        "communication_protocol_version": "1.5.0",
        "pytorch_version": "2.9.1+cpu",
        "numpy_version": "1.23.5",
        "end_time_seconds": "1765093464"
    },
    "total": 35.16190010000719,
    "count": 1,
    "self": 0.18622349998622667,
    "children": {
        "run_training.setup": {
            "total": 0.07046640000771731,
            "count": 1,
            "self": 0.07046640000771731
        },
        "TrainerController.start_learning": {
            "total": 34.905210200013244,
            "count": 1,
            "self": 0.04632490013318602,
            "children": {
                "TrainerController._reset_env": {
                    "total": 7.816724699994666,
                    "count": 1,
                    "self": 7.816724699994666
                },
                "TrainerController.advance": {
                    "total": 27.03612759988755,
                    "count": 5431,
                    "self": 0.045009000445134006,
                    "children": {
                        "env_step": {
                            "total": 14.346710099605843,
                            "count": 5431,
                            "self": 12.739048299234128,
                            "children": {
                                "SubprocessEnvManager._take_step": {
                                    "total": 1.5756667000387097,
                                    "count": 5431,
                                    "self": 0.12341239984380081,
                                    "children": {
                                        "TorchPolicy.evaluate": {
                                            "total": 1.4522543001949089,
                                            "count": 4349,
                                            "self": 1.4522543001949089
                                        }
                                    }
                                },
                                "workers": {
                                    "total": 0.03199510033300612,
                                    "count": 5431,
                                    "self": 0.0,
                                    "children": {
                                        "worker_root": {
                                            "total": 27.62371659994824,
                                            "count": 5431,
                                            "is_parallel": true,
                                            "self": 17.849058200372383,
                                            "children": {
                                                "steps_from_proto": {
                                                    "total": 0.00022360000002663583,
                                                    "count": 1,