{
    "name": "root",
    "gauges": {
        "3DBall.Policy.Entropy.mean": {
            "value": 1.4106130599975586,
            "min": 1.4106130599975586,
            "max": 1.4189382791519165,
            "count": 4
        },
        "3DBall.Policy.Entropy.sum": {
            "value": 17079.703125,
            "min": 16951.390625,
            "max": 17265.640625,
            "count": 4
        },
        "3DBall.Environment.EpisodeLength.mean": {
            "value": 27.35697399527187,
            "min": 21.619585687382298,
            "max": 27.35697399527187,
            "count": 4
        },
        "3DBall.Environment.EpisodeLength.sum": {
            "value": 11572.0,
            "min": 11480.0,
            "max": 11572.0,
            "count": 4
        },
        "3DBall.Step.mean": {
            "value": 47964.0,
            "min": 11993.0,
            "max": 47964.0,
            "count": 4
        },
        "3DBall.Step.sum": {
            "value": 47964.0,
            "min": 11993.0,
            "max": 47964.0,
            "count": 4
        },
        "3DBall.Policy.ExtrinsicValueEstimate.mean": {
            "value": 0.3416568338871002,
            "min": 0.29443812370300293,
            "max": 0.6758441925048828,
            "count": 4
        },
        "3DBall.Policy.ExtrinsicValueEstimate.sum": {
            "value": 144.52084350585938,
            "min": 143.39137268066406,
            "max": 358.1974182128906,
            "count": 4
        },
        "3DBall.Environment.CumulativeReward.mean": {
            "value": 1.7364065773943638,
            "min": 1.16283014652864,
            "max": 1.7364065773943638,
            "count": 4
        },
        "3DBall.Environment.CumulativeReward.sum": {
            "value": 734.4999822378159,
            "min": 616.2999776601791,
            "max": 734.4999822378159,
            "count": 4
        },
        "3DBall.Policy.ExtrinsicReward.mean": {
            "value": 1.7364065773943638,
            "min": 1.16283014652864,
            "max": 1.7364065773943638,
            "count": 4
        },
        "3DBall.Policy.ExtrinsicReward.sum": {
            "value": 734.4999822378159,
            "min": 616.2999776601791,
            "max": 734.4999822378159,
            "count": 4
        },
        "3DBall.IsTraining.mean": {
            "value": 1.0,
            "min": 1.0,
            "max": 1.0,
            "count": 4
        },
        "3DBall.IsTraining.sum": {
            "value": 1.0,
            "min": 1.0,
            "max": 1.0,
            "count": 4
        },
        "3DBall.Losses.PolicyLoss.mean": {
            "value": 0.11016745308824971,
            "min": 0.11009477037825495,
            "max": 0.11016745308824971,
            "count": 2
        },
        "3DBall.Losses.PolicyLoss.sum": {
            "value": 0.11016745308824971,
            "min": 0.11009477037825495,
            "max": 0.11016745308824971,
            "count": 2
        },
        "3DBall.Losses.ValueLoss.mean": {
            "value": 0.25657839173209696,
            "min": 0.25657839173209696,
            "max": 0.28628909493133897,
            "count": 2
        },
        "3DBall.Losses.ValueLoss.sum": {
            "value": 0.25657839173209696,
            "min": 0.25657839173209696,
            "max": 0.28628909493133897,
            "count": 2
        },
        "3DBall.Policy.LearningRate.mean": {
            "value": 0.00027394920868359997,
            "min": 0.00027394920868359997,
            "max": 0.00028697820434059996,
            "count": 2
        },
        "3DBall.Policy.LearningRate.sum": {
            "value": 0.00027394920868359997,
            "min": 0.00027394920868359997,
            "max": 0.00028697820434059996,
            "count": 2
        },
        "3DBall.Policy.Epsilon.mean": {
            "value": 0.23697459999999995,
            "min": 0.23697459999999995,
            "max": 0.24348909999999999,
            "count": 2
        },
        "3DBall.Policy.Epsilon.sum": {
            "value": 0.23697459999999995,
            "min": 0.23697459999999995,
            "max": 0.24348909999999999,
            "count": 2
        },
        "3DBall.Policy.Beta.mean": {
            "value": 0.00100534876,
            "min": 0.00100534876,
            "max": 0.00105268746,
            "count": 2
        },
        "3DBall.Policy.Beta.sum": {
            "value": 0.00100534876,
            "min": 0.00100534876,
            "max": 0.00105268746,
            "count": 2
        }
    },
    "metadata": {
        "timer_format_version": "0.1.0",
        "start_time_seconds": "1765169677",
        "python_version": "3.10.11 (tags/v3.10.11:7d4cc5a, Apr  5 2023, 00:38:17) [MSC v.1929 64 bit (AMD64)]",
        "command_line_arguments": "C:\\Users\\moebn\\Documents\\University\\Project 2-1\\project_2_1_group_7\\venv\\Scripts\\mlagents-learn Config/training_config.yaml --run-id=run_batch_size53_buffer_size21700_learning_rate0.0003_beta0.0011_epsilon0.25 --time-scale=20 --env=3DBall_environment/UnityEnvironment.exe --no-graphics",
        "mlagents_version": "1.0.0",
        "mlagents_envs_version": "1.0.0",
        "communication_protocol_version": "1.5.0",
        "pytorch_version": "2.9.1+cpu",
        "numpy_version": "1.23.5",
        "end_time_seconds": "1765169705"
    },
    "total": 28.601832400017884,
    "count": 1,
    "self": 0.19315509998705238,
    "children": {
        "run_training.setup": {
            "total": 0.07104490001802333,
            "count": 1,
            "self": 0.07104490001802333
        },
        "TrainerController.start_learning": {
            "total": 28.337632400012808,
            "count": 1,
            "self": 0.05276020074961707,
            "children": {
                "TrainerController._reset_env": {
                    "total": 3.534267099981662,
                    "count": 1,
                    "self": 3.534267099981662
                },
                "TrainerController.advance": {
                    "total": 24.68182169928332,
                    "count": 5723,
                    "self": 0.049365797312930226,
                    "children": {
                        "env_step": {
                            "total": 13.874750902323285,
                            "count": 5723,
                            "self": 12.381418102915632,
                            "children": {
                                "SubprocessEnvManager._take_step": {
                                    "total": 1.4588794011215214,
                                    "count": 5723,
                                    "self": 0.12338750006165355,
                                    "children": {
                                        "TorchPolicy.evaluate": {
                                            "total": 1.3354919010598678,
                                            "count": 4181,
                                            "self": 1.3354919010598678
                                        }
                                    }
                                },
                                "workers": {
                                    "total": 0.03445339828613214,
                                    "count": 5723,
                                    "self": 0.0,
                                    "children": {
                                        "worker_root": {
                                            "total": 25.30476599969552,
                                            "count": 5723,
                                            "is_parallel": true,
                                            "self": 15.9224696001329,
                                            "children": {
                                                "steps_from_proto": {
                                                    "total": 0.00030040001729503274,
                                                    "count": 1,