{
    "name": "root",
    "gauges": {
        "3DBall.Policy.Entropy.mean": {
            "value": 1.4011437892913818,
            "min": 1.4011437892913818,
            "max": 1.4189382791519165,
            "count": 4
        },
        "3DBall.Policy.Entropy.sum": {
            "value": 16914.607421875,
            "min": 16882.859375,
            "max": 17265.640625,
            "count": 4
        },
        "3DBall.Environment.EpisodeLength.mean": {
            "value": 29.692307692307693,
            "min": 22.72189349112426,
            "max": 29.692307692307693,
            "count": 4
        },
        "3DBall.Environment.EpisodeLength.sum": {
            "value": 11580.0,
            "min": 11499.0,
            "max": 11586.0,
            "count": 4
        },
        "3DBall.Step.mean": {
            "value": 47991.0,
            "min": 11999.0,
            "max": 47991.0,
            "count": 4
        },
        "3DBall.Step.sum": {
            "value": 47991.0,
            "min": 11999.0,
            "max": 47991.0,
            "count": 4
        },
        "3DBall.Policy.ExtrinsicValueEstimate.mean": {
            "value": 0.3530066907405853,
            "min": -0.43412986397743225,
            "max": 0.3530066907405853,
            "count": 4
        },
        "3DBall.Policy.ExtrinsicValueEstimate.sum": {
            "value": 137.672607421875,
            "min": -219.66970825195312,
            "max": 137.672607421875,
            "count": 4
        },
        "3DBall.Environment.CumulativeReward.mean": {
            "value": 1.9838460858051594,
            "min": 1.271343823006973,
            "max": 1.9838460858051594,
            "count": 4
        },
        "3DBall.Environment.CumulativeReward.sum": {
            "value": 773.6999734640121,
            "min": 643.2999744415283,
            "max": 773.6999734640121,
            "count": 4
        },
        "3DBall.Policy.ExtrinsicReward.mean": {
            "value": 1.9838460858051594,
            "min": 1.271343823006973,
            "max": 1.9838460858051594,
            "count": 4
        },
        "3DBall.Policy.ExtrinsicReward.sum": {
            "value": 773.6999734640121,
            "min": 643.2999744415283,
            "max": 773.6999734640121,
            "count": 4
        },
        "3DBall.IsTraining.mean": {
            "value": 1.0,
            "min": 1.0,
            "max": 1.0,
            "count": 4
        },
        "3DBall.IsTraining.sum": {
            "value": 1.0,
            "min": 1.0,
            "max": 1.0,
            "count": 4
        },
        "3DBall.Losses.PolicyLoss.mean": {
            "value": 0.10009832572935314,
            "min": 0.10009832572935314,
            "max": 0.10403847786384783,
            "count": 2
        },
        "3DBall.Losses.PolicyLoss.sum": {
            "value": 0.10009832572935314,
            "min": 0.10009832572935314,
            "max": 0.10403847786384783,
            "count": 2
        },
        "3DBall.Losses.ValueLoss.mean": {
            "value": 0.2348720981487228,
            "min": 0.22374577848919822,
            "max": 0.2348720981487228,
            "count": 2
        },
        "3DBall.Losses.ValueLoss.sum": {
            "value": 0.2348720981487228,
            "min": 0.22374577848919822,
            "max": 0.2348720981487228,
            "count": 2
        },
        "3DBall.Policy.LearningRate.mean": {
            "value": 0.00046614100677179997,
            "min": 0.00046614100677179997,
            "max": 0.0004830710033858001,
            "count": 2
        },
        "3DBall.Policy.LearningRate.sum": {
            "value": 0.00046614100677179997,
            "min": 0.00046614100677179997,
            "max": 0.0004830710033858001,
            "count": 2
        },
        "3DBall.Policy.Epsilon.mean": {
            "value": 0.19322820000000004,
            "min": 0.19322820000000004,
            "max": 0.1966142,
            "count": 2
        },
        "3DBall.Policy.Epsilon.sum": {
            "value": 0.19322820000000004,
            "min": 0.19322820000000004,
            "max": 0.1966142,
            "count": 2
        },
        "3DBall.Policy.Beta.mean": {
            "value": 0.00121264378,
            "min": 0.00121264378,
            "max": 0.0012563231799999999,
            "count": 2
        },
        "3DBall.Policy.Beta.sum": {
            "value": 0.00121264378,
            "min": 0.00121264378,
            "max": 0.0012563231799999999,
            "count": 2
        }
    },
    "metadata": {
        "timer_format_version": "0.1.0",
        "start_time_seconds": "1765224836",
        "python_version": "3.10.11 (tags/v3.10.11:7d4cc5a, Apr  5 2023, 00:38:17) [MSC v.1929 64 bit (AMD64)]",
        "command_line_arguments": "C:\\Users\\moebn\\Documents\\University\\Project 2-1\\project_2_1_group_7\\venv\\Scripts\\mlagents-learn Config/training_config.yaml --run-id=run_batch_size66_buffer_size16900_learning_rate0.0005_beta0.0013_epsilon0.2 --time-scale=20 --env=3DBall_environment/UnityEnvironment.exe --no-graphics",
        "mlagents_version": "1.0.0",
        "mlagents_envs_version": "1.0.0",
        "communication_protocol_version": "1.5.0",
        "pytorch_version": "2.9.1+cpu",
        "numpy_version": "1.23.5",
        "end_time_seconds": "1765224867"
    },
    "total": 30.862684399995487,
    "count": 1,
    "self": 0.2277983999811113,
    "children": {
        "run_training.setup": {
            "total": 0.09434870001859963,
            "count": 1,
            "self": 0.09434870001859963
        },
        "TrainerController.start_learning": {
            "total": 30.540537299995776,
            "count": 1,
            "self": 0.05130339914467186,
            "children": {
                "TrainerController._reset_env": {
                    "total": 8.090747700014617,
                    "count": 1,
                    "self": 8.090747700014617
                },
                "TrainerController.advance": {
                    "total": 22.391848600818776,
                    "count": 5618,
                    "self": 0.04933599557261914,
                    "children": {
                        "env_step": {
                            "total": 14.194381402921863,
                            "count": 5618,
                            "self": 12.642511797195766,
                            "children": {
                                "SubprocessEnvManager._take_step": {
                                    "total": 1.5180048021720722,
                                    "count": 5618,
                                    "self": 0.12432570301461965,
                                    "children": {
                                        "TorchPolicy.evaluate": {
                                            "total": 1.3936790991574526,
                                            "count": 4183,
                                            "self": 1.3936790991574526
                                        }
                                    }
                                },
                                "workers": {
                                    "total": 0.03386480355402455,
                                    "count": 5618,
                                    "self": 0.0,
                                    "children": {
                                        "worker_root": {
                                            "total": 23.90431090176571,
                                            "count": 5618,
                                            "is_parallel": true,
                                            "self": 14.288577003520913,
                                            "children": {
                                                "steps_from_proto": {
                                                    "total": 0.0011815999750979245,
                                                    "count": 1,