{
    "name": "root",
    "gauges": {
        "3DBall.Policy.Entropy.mean": {
            "value": 1.412834882736206,
            "min": 1.412834882736206,
            "max": 1.4186949729919434,
            "count": 4
        },
        "3DBall.Policy.Entropy.sum": {
            "value": 16970.97265625,
            "min": 16954.1015625,
            "max": 17279.705078125,
            "count": 4
        },
        "3DBall.Environment.EpisodeLength.mean": {
            "value": 32.666666666666664,
            "min": 21.87238095238095,
            "max": 32.666666666666664,
            "count": 4
        },
        "3DBall.Environment.EpisodeLength.sum": {
            "value": 11662.0,
            "min": 11483.0,
            "max": 11662.0,
            "count": 4
        },
        "3DBall.Step.mean": {
            "value": 47998.0,
            "min": 11989.0,
            "max": 47998.0,
            "count": 4
        },
        "3DBall.Step.sum": {
            "value": 47998.0,
            "min": 11989.0,
            "max": 47998.0,
            "count": 4
        },
        "3DBall.Policy.ExtrinsicValueEstimate.mean": {
            "value": 0.488324373960495,
            "min": 0.20281454920768738,
            "max": 0.488324373960495,
            "count": 4
        },
        "3DBall.Policy.ExtrinsicValueEstimate.sum": {
            "value": 174.33180236816406,
            "min": 101.81290435791016,
            "max": 189.08067321777344,
            "count": 4
        },
        "3DBall.Environment.CumulativeReward.mean": {
            "value": 2.266106390151657,
            "min": 1.18797705919688,
            "max": 2.266106390151657,
            "count": 4
        },
        "3DBall.Environment.CumulativeReward.sum": {
            "value": 808.9999812841415,
            "min": 622.499979019165,
            "max": 808.9999812841415,
            "count": 4
        },
        "3DBall.Policy.ExtrinsicReward.mean": {
            "value": 2.266106390151657,
            "min": 1.18797705919688,
            "max": 2.266106390151657,
            "count": 4
        },
        "3DBall.Policy.ExtrinsicReward.sum": {
            "value": 808.9999812841415,
            "min": 622.499979019165,
            "max": 808.9999812841415,
            "count": 4
        },
        "3DBall.Losses.PolicyLoss.mean": {
            "value": 0.09362939147107344,
            "min": 0.09362939147107344,
            "max": 0.10217476904573333,
            "count": 4
        },
        "3DBall.Losses.PolicyLoss.sum": {
            "value": 0.09362939147107344,
            "min": 0.09362939147107344,
            "max": 0.10217476904573333,
            "count": 4
        },
        "3DBall.Losses.ValueLoss.mean": {
            "value": 0.524024929724583,
            "min": 0.26490371365125487,
            "max": 0.524024929724583,
            "count": 4
        },
        "3DBall.Losses.ValueLoss.sum": {
            "value": 0.524024929724583,
            "min": 0.26490371365125487,
            "max": 0.524024929724583,
            "count": 4
        },
        "3DBall.Policy.LearningRate.mean": {
            "value": 9.222760777239998e-05,
            "min": 9.222760777239998e-05,
            "max": 9.8057001943e-05,
            "count": 4
        },
        "3DBall.Policy.LearningRate.sum": {
            "value": 9.222760777239998e-05,
            "min": 9.222760777239998e-05,
            "max": 9.8057001943e-05,
            "count": 4
        },
        "3DBall.Policy.Epsilon.mean": {
            "value": 0.23834139999999995,
            "min": 0.23834139999999995,
            "max": 0.24708549999999996,
            "count": 4
        },
        "3DBall.Policy.Epsilon.sum": {
            "value": 0.23834139999999995,
            "min": 0.23834139999999995,
            "max": 0.24708549999999996,
            "count": 4
        },
        "3DBall.Policy.Beta.mean": {
            "value": 0.0009230532399999995,
            "min": 0.0009230532399999995,
            "max": 0.0009807642999999995,
            "count": 4
        },
        "3DBall.Policy.Beta.sum": {
            "value": 0.0009230532399999995,
            "min": 0.0009230532399999995,
            "max": 0.0009807642999999995,
            "count": 4
        },
        "3DBall.IsTraining.mean": {
            "value": 1.0,
            "min": 1.0,
            "max": 1.0,
            "count": 4
        },
        "3DBall.IsTraining.sum": {
            "value": 1.0,
            "min": 1.0,
            "max": 1.0,
            "count": 4
        }
    },
    "metadata": {
        "timer_format_version": "0.1.0",
        "start_time_seconds": "1765207109",
        "python_version": "3.10.11 (tags/v3.10.11:7d4cc5a, Apr  5 2023, 00:38:17) [MSC v.1929 64 bit (AMD64)]",
        "command_line_arguments": "C:\\Users\\moebn\\Documents\\University\\Project 2-1\\project_2_1_group_7\\venv\\Scripts\\mlagents-learn Config/training_config.yaml --run-id=run_batch_size66_buffer_size9700_learning_rate0.0001_beta0.001_epsilon0.25 --time-scale=20 --env=3DBall_environment/UnityEnvironment.exe --no-graphics",
        "mlagents_version": "1.0.0",
        "mlagents_envs_version": "1.0.0",
        "communication_protocol_version": "1.5.0",
        "pytorch_version": "2.9.1+cpu",
        "numpy_version": "1.23.5",
        "end_time_seconds": "1765207137"
    },
    "total": 28.410041499999352,
    "count": 1,
    "self": 0.2124988999858033,
    "children": {
        "run_training.setup": {
            "total": 0.09135060000699013,
            "count": 1,
            "self": 0.09135060000699013
        },
        "TrainerController.start_learning": {
            "total": 28.10619200000656,
            "count": 1,
            "self": 0.049205198913114145,
            "children": {
                "TrainerController._reset_env": {
                    "total": 3.552906199998688,
                    "count": 1,
                    "self": 3.552906199998688
                },
                "TrainerController.advance": {
                    "total": 24.497677701088833,
                    "count": 5639,
                    "self": 0.048956200713291764,
                    "children": {
                        "env_step": {
                            "total": 14.151507899834542,
                            "count": 5639,
                            "self": 12.540532300889026,
                            "children": {
                                "SubprocessEnvManager._take_step": {
                                    "total": 1.5770204993023071,
                                    "count": 5639,
                                    "self": 0.12410339887719601,
                                    "children": {
                                        "TorchPolicy.evaluate": {
                                            "total": 1.4529171004251111,
                                            "count": 4192,
                                            "self": 1.4529171004251111
                                        }
                                    }
                                },
                                "workers": {
                                    "total": 0.033955099643208086,
                                    "count": 5639,
                                    "self": 0.0,
                                    "children": {
                                        "worker_root": {
                                            "total": 25.0831961001968,
                                            "count": 5639,
                                            "is_parallel": true,
                                            "self": 15.553212801460177,
                                            "children": {
                                                "steps_from_proto": {
                                                    "total": 0.0002832000027410686,
                                                    "count": 1,