{
    "name": "root",
    "gauges": {
        "3DBall.Policy.Entropy.mean": {
            "value": 1.4156208038330078,
            "min": 1.4156208038330078,
            "max": 1.4192829132080078,
            "count": 4
        },
        "3DBall.Policy.Entropy.sum": {
            "value": 17072.38671875,
            "min": 16938.455078125,
            "max": 17248.61328125,
            "count": 4
        },
        "3DBall.Environment.EpisodeLength.mean": {
            "value": 25.787946428571427,
            "min": 21.103130755064456,
            "max": 25.787946428571427,
            "count": 4
        },
        "3DBall.Environment.EpisodeLength.sum": {
            "value": 11553.0,
            "min": 11459.0,
            "max": 11553.0,
            "count": 4
        },
        "3DBall.Step.mean": {
            "value": 47978.0,
            "min": 11986.0,
            "max": 47978.0,
            "count": 4
        },
        "3DBall.Step.sum": {
            "value": 47978.0,
            "min": 11986.0,
            "max": 47978.0,
            "count": 4
        },
        "3DBall.Policy.ExtrinsicValueEstimate.mean": {
            "value": 0.2869766056537628,
            "min": -0.11534242331981659,
            "max": 0.2869766056537628,
            "count": 4
        },
        "3DBall.Policy.ExtrinsicValueEstimate.sum": {
            "value": 128.56552124023438,
            "min": -62.515594482421875,
            "max": 128.56552124023438,
            "count": 4
        },
        "3DBall.Environment.CumulativeReward.mean": {
            "value": 1.5745535003287452,
            "min": 1.1114390910331613,
            "max": 1.5745535003287452,
            "count": 4
        },
        "3DBall.Environment.CumulativeReward.sum": {
            "value": 705.3999681472778,
            "min": 602.3999873399734,
            "max": 705.3999681472778,
            "count": 4
        },
        "3DBall.Policy.ExtrinsicReward.mean": {
            "value": 1.5745535003287452,
            "min": 1.1114390910331613,
            "max": 1.5745535003287452,
            "count": 4
        },
        "3DBall.Policy.ExtrinsicReward.sum": {
            "value": 705.3999681472778,
            "min": 602.3999873399734,
            "max": 705.3999681472778,
            "count": 4
        },
        "3DBall.IsTraining.mean": {
            "value": 1.0,
            "min": 1.0,
            "max": 1.0,
            "count": 4
        },
        "3DBall.IsTraining.sum": {
            "value": 1.0,
            "min": 1.0,
            "max": 1.0,
            "count": 4
        },
        "3DBall.Losses.PolicyLoss.mean": {
            "value": 0.15235590982108901,
            "min": 0.15235590982108901,
            "max": 0.15845965089667632,
            "count": 3
        },
        "3DBall.Losses.PolicyLoss.sum": {
            "value": 0.15235590982108901,
            "min": 0.15235590982108901,
            "max": 0.15845965089667632,
            "count": 3
        },
        "3DBall.Losses.ValueLoss.mean": {
            "value": 0.26831030430413016,
            "min": 0.19549422192691943,
            "max": 0.31227394080565335,
            "count": 3
        },
        "3DBall.Losses.ValueLoss.sum": {
            "value": 0.26831030430413016,
            "min": 0.19549422192691943,
            "max": 0.31227394080565335,
            "count": 3
        },
        "3DBall.Policy.LearningRate.mean": {
            "value": 9.12872087128e-05,
            "min": 9.12872087128e-05,
            "max": 9.709640290360002e-05,
            "count": 3
        },
        "3DBall.Policy.LearningRate.sum": {
            "value": 9.12872087128e-05,
            "min": 9.12872087128e-05,
            "max": 9.709640290360002e-05,
            "count": 3
        },
        "3DBall.Policy.Epsilon.mean": {
            "value": 0.14564360000000004,
            "min": 0.14564360000000004,
            "max": 0.1485482,
            "count": 3
        },
        "3DBall.Policy.Epsilon.sum": {
            "value": 0.14564360000000004,
            "min": 0.14564360000000004,
            "max": 0.1485482,
            "count": 3
        },
        "3DBall.Policy.Beta.mean": {
            "value": 0.00100503048,
            "min": 0.00100503048,
            "max": 0.0010683507599999998,
            "count": 3
        },
        "3DBall.Policy.Beta.sum": {
            "value": 0.00100503048,
            "min": 0.00100503048,
            "max": 0.0010683507599999998,
            "count": 3
        }
    },
    "metadata": {
        "timer_format_version": "0.1.0",
        "start_time_seconds": "1765062980",
        "python_version": "3.10.11 (tags/v3.10.11:7d4cc5a, Apr  5 2023, 00:38:17) [MSC v.1929 64 bit (AMD64)]",
        "command_line_arguments": "C:\\Users\\moebn\\Documents\\University\\Project 2-1\\project_2_1_group_7\\venv\\Scripts\\mlagents-learn Config/training_config.yaml --run-id=run_batch_size27_buffer_size14500_learning_rate0.0001_beta0.0011_epsilon0.15 --time-scale=20 --env=3DBall_environment/UnityEnvironment.exe --no-graphics",
        "mlagents_version": "1.0.0",
        "mlagents_envs_version": "1.0.0",
        "communication_protocol_version": "1.5.0",
        "pytorch_version": "2.9.1+cpu",
        "numpy_version": "1.23.5",
        "end_time_seconds": "1765063018"
    },
    "total": 37.29591869999422,
    "count": 1,
    "self": 0.1971487000118941,
    "children": {
        "run_training.setup": {
            "total": 0.06587219999346416,
            "count": 1,
            "self": 0.06587219999346416
        },
        "TrainerController.start_learning": {
            "total": 37.03289779998886,
            "count": 1,
            "self": 0.050666500043007545,
            "children": {
                "TrainerController._reset_env": {
                    "total": 8.061934700002894,
                    "count": 1,
                    "self": 8.061934700002894
                },
                "TrainerController.advance": {
                    "total": 28.914113199934945,
                    "count": 5758,
                    "self": 0.048580399350612424,
                    "children": {
                        "env_step": {
                            "total": 14.35254110036476,
                            "count": 5758,
                            "self": 12.824292801014963,
                            "children": {
                                "SubprocessEnvManager._take_step": {
                                    "total": 1.4939896997238975,
                                    "count": 5758,
                                    "self": 0.12096540001221001,
                                    "children": {
                                        "TorchPolicy.evaluate": {
                                            "total": 1.3730242997116875,
                                            "count": 4182,
                                            "self": 1.3730242997116875
                                        }
                                    }
                                },
                                "workers": {
                                    "total": 0.03425859962590039,
                                    "count": 5758,
                                    "self": 0.0,
                                    "children": {
                                        "worker_root": {
                                            "total": 29.486040800096816,
                                            "count": 5758,
                                            "is_parallel": true,
                                            "self": 19.73756590062112,
                                            "children": {
                                                "steps_from_proto": {
                                                    "total": 0.0002626999921631068,
                                                    "count": 1,