{
    "name": "root",
    "gauges": {
        "3DBall.Policy.Entropy.mean": {
            "value": 1.3970035314559937,
            "min": 1.3970035314559937,
            "max": 1.4193819761276245,
            "count": 4
        },
        "3DBall.Policy.Entropy.sum": {
            "value": 16998.73828125,
            "min": 16725.98046875,
            "max": 17322.58203125,
            "count": 4
        },
        "3DBall.Environment.EpisodeLength.mean": {
            "value": 38.587458745874585,
            "min": 21.900763358778626,
            "max": 38.587458745874585,
            "count": 4
        },
        "3DBall.Environment.EpisodeLength.sum": {
            "value": 11692.0,
            "min": 11476.0,
            "max": 11692.0,
            "count": 4
        },
        "3DBall.Step.mean": {
            "value": 47975.0,
            "min": 11974.0,
            "max": 47975.0,
            "count": 4
        },
        "3DBall.Step.sum": {
            "value": 47975.0,
            "min": 11974.0,
            "max": 47975.0,
            "count": 4
        },
        "3DBall.Policy.ExtrinsicValueEstimate.mean": {
            "value": 0.8200955390930176,
            "min": 0.09448182582855225,
            "max": 0.8200955390930176,
            "count": 4
        },
        "3DBall.Policy.ExtrinsicValueEstimate.sum": {
            "value": 248.48895263671875,
            "min": 49.41399383544922,
            "max": 248.48895263671875,
            "count": 4
        },
        "3DBall.Environment.CumulativeReward.mean": {
            "value": 2.8597359901214197,
            "min": 1.1894837177962236,
            "max": 2.8597359901214197,
            "count": 4
        },
        "3DBall.Environment.CumulativeReward.sum": {
            "value": 866.5000050067902,
            "min": 622.0999844074249,
            "max": 866.5000050067902,
            "count": 4
        },
        "3DBall.Policy.ExtrinsicReward.mean": {
            "value": 2.8597359901214197,
            "min": 1.1894837177962236,
            "max": 2.8597359901214197,
            "count": 4
        },
        "3DBall.Policy.ExtrinsicReward.sum": {
            "value": 866.5000050067902,
            "min": 622.0999844074249,
            "max": 866.5000050067902,
            "count": 4
        },
        "3DBall.Losses.PolicyLoss.mean": {
            "value": 0.0983548003693255,
            "min": 0.09490169253637731,
            "max": 0.09925502254569088,
            "count": 4
        },
        "3DBall.Losses.PolicyLoss.sum": {
            "value": 0.196709600738651,
            "min": 0.09490169253637731,
            "max": 0.19770932659516938,
            "count": 4
        },
        "3DBall.Losses.ValueLoss.mean": {
            "value": 0.6315089284019038,
            "min": 0.18879424366309788,
            "max": 0.6315089284019038,
            "count": 4
        },
        "3DBall.Losses.ValueLoss.sum": {
            "value": 1.2630178568038075,
            "min": 0.305223409966989,
            "max": 1.2630178568038075,
            "count": 4
        },
        "3DBall.Policy.LearningRate.mean": {
            "value": 0.00036779360805159995,
            "min": 0.00036779360805159995,
            "max": 0.0003941368014658001,
            "count": 4
        },
        "3DBall.Policy.LearningRate.sum": {
            "value": 0.0007355872161031999,
            "min": 0.0003765792058552001,
            "max": 0.000770716007321,
            "count": 4
        },
        "3DBall.Policy.Epsilon.mean": {
            "value": 0.14597419999999994,
            "min": 0.14597419999999994,
            "max": 0.14926709999999996,
            "count": 4
        },
        "3DBall.Policy.Epsilon.sum": {
            "value": 0.2919483999999999,
            "min": 0.1470724,
            "max": 0.2963395,
            "count": 4
        },
        "3DBall.Policy.Beta.mean": {
            "value": 0.0009202891599999999,
            "min": 0.0009202891599999999,
            "max": 0.0009854885799999997,
            "count": 4
        },
        "3DBall.Policy.Beta.sum": {
            "value": 0.0018405783199999999,
            "min": 0.00094203352,
            "max": 0.0019275221000000001,
            "count": 4
        },
        "3DBall.IsTraining.mean": {
            "value": 1.0,
            "min": 1.0,
            "max": 1.0,
            "count": 4
        },
        "3DBall.IsTraining.sum": {
            "value": 1.0,
            "min": 1.0,
            "max": 1.0,
            "count": 4
        }
    },
    "metadata": {
        "timer_format_version": "0.1.0",
        "start_time_seconds": "1765205242",
        "python_version": "3.10.11 (tags/v3.10.11:7d4cc5a, Apr  5 2023, 00:38:17) [MSC v.1929 64 bit (AMD64)]",
        "command_line_arguments": "C:\\Users\\moebn\\Documents\\University\\Project 2-1\\project_2_1_group_7\\venv\\Scripts\\mlagents-learn Config/training_config.yaml --run-id=run_batch_size66_buffer_size7300_learning_rate0.0004_beta0.001_epsilon0.15 --time-scale=20 --env=3DBall_environment/UnityEnvironment.exe --no-graphics",
        "mlagents_version": "1.0.0",
        "mlagents_envs_version": "1.0.0",
        "communication_protocol_version": "1.5.0",
        "pytorch_version": "2.9.1+cpu",
        "numpy_version": "1.23.5",
        "end_time_seconds": "1765205270"
    },
    "total": 28.012567899975693,
    "count": 1,
    "self": 0.18047629995271564,
    "children": {
        "run_training.setup": {
            "total": 0.08446529999491759,
            "count": 1,
            "self": 0.08446529999491759
        },
        "TrainerController.start_learning": {
            "total": 27.74762630002806,
            "count": 1,
            "self": 0.04896300125983544,
            "children": {
                "TrainerController._reset_env": {
                    "total": 4.12836969998898,
                    "count": 1,
                    "self": 4.12836969998898
                },
                "TrainerController.advance": {
                    "total": 23.563726498774486,
                    "count": 5566,
                    "self": 0.04718729716842063,
                    "children": {
                        "env_step": {
                            "total": 13.83892740032752,
                            "count": 5566,
                            "self": 12.271430899563711,
                            "children": {
                                "SubprocessEnvManager._take_step": {
                                    "total": 1.5334949000389315,
                                    "count": 5566,
                                    "self": 0.12159120093565434,
                                    "children": {
                                        "TorchPolicy.evaluate": {
                                            "total": 1.4119036991032772,
                                            "count": 4196,
                                            "self": 1.4119036991032772
                                        }
                                    }
                                },
                                "workers": {
                                    "total": 0.03400160072487779,
                                    "count": 5566,
                                    "self": 0.0,
                                    "children": {
                                        "worker_root": {
                                            "total": 24.177006400364917,
                                            "count": 5566,
                                            "is_parallel": true,
                                            "self": 14.841825900686672,
                                            "children": {
                                                "steps_from_proto": {
                                                    "total": 0.0002823999966494739,
                                                    "count": 1,