{
    "name": "root",
    "gauges": {
        "3DBall.Policy.Entropy.mean": {
            "value": 1.4007768630981445,
            "min": 1.4007768630981445,
            "max": 1.4189382791519165,
            "count": 4
        },
        "3DBall.Policy.Entropy.sum": {
            "value": 16658.0390625,
            "min": 16658.0390625,
            "max": 17248.61328125,
            "count": 4
        },
        "3DBall.Environment.EpisodeLength.mean": {
            "value": 33.83720930232558,
            "min": 23.008,
            "max": 33.83720930232558,
            "count": 4
        },
        "3DBall.Environment.EpisodeLength.sum": {
            "value": 11640.0,
            "min": 11504.0,
            "max": 11640.0,
            "count": 4
        },
        "3DBall.Step.mean": {
            "value": 47969.0,
            "min": 11986.0,
            "max": 47969.0,
            "count": 4
        },
        "3DBall.Step.sum": {
            "value": 47969.0,
            "min": 11986.0,
            "max": 47969.0,
            "count": 4
        },
        "3DBall.Policy.ExtrinsicValueEstimate.mean": {
            "value": 0.5150901079177856,
            "min": 0.2275318205356598,
            "max": 0.5150901079177856,
            "count": 4
        },
        "3DBall.Policy.ExtrinsicValueEstimate.sum": {
            "value": 177.1909942626953,
            "min": 113.53837585449219,
            "max": 177.1909942626953,
            "count": 4
        },
        "3DBall.Environment.CumulativeReward.mean": {
            "value": 2.382267425919688,
            "min": 1.3007999663352967,
            "max": 2.382267425919688,
            "count": 4
        },
        "3DBall.Environment.CumulativeReward.sum": {
            "value": 819.4999945163727,
            "min": 649.6999790668488,
            "max": 819.4999945163727,
            "count": 4
        },
        "3DBall.Policy.ExtrinsicReward.mean": {
            "value": 2.382267425919688,
            "min": 1.3007999663352967,
            "max": 2.382267425919688,
            "count": 4
        },
        "3DBall.Policy.ExtrinsicReward.sum": {
            "value": 819.4999945163727,
            "min": 649.6999790668488,
            "max": 819.4999945163727,
            "count": 4
        },
        "3DBall.IsTraining.mean": {
            "value": 1.0,
            "min": 1.0,
            "max": 1.0,
            "count": 4
        },
        "3DBall.IsTraining.sum": {
            "value": 1.0,
            "min": 1.0,
            "max": 1.0,
            "count": 4
        },
        "3DBall.Losses.PolicyLoss.mean": {
            "value": 0.15572450559751388,
            "min": 0.15156081398949534,
            "max": 0.15572450559751388,
            "count": 3
        },
        "3DBall.Losses.PolicyLoss.sum": {
            "value": 0.15572450559751388,
            "min": 0.15156081398949534,
            "max": 0.15572450559751388,
            "count": 3
        },
        "3DBall.Losses.ValueLoss.mean": {
            "value": 0.40616699143050994,
            "min": 0.23549850693424618,
            "max": 0.40616699143050994,
            "count": 3
        },
        "3DBall.Losses.ValueLoss.sum": {
            "value": 0.40616699143050994,
            "min": 0.23549850693424618,
            "max": 0.40616699143050994,
            "count": 3
        },
        "3DBall.Policy.LearningRate.mean": {
            "value": 0.0003651752087062,
            "min": 0.0003651752087062,
            "max": 0.0003883952029012,
            "count": 3
        },
        "3DBall.Policy.LearningRate.sum": {
            "value": 0.0003651752087062,
            "min": 0.0003651752087062,
            "max": 0.0003883952029012,
            "count": 3
        },
        "3DBall.Policy.Epsilon.mean": {
            "value": 0.2369406999999999,
            "min": 0.2369406999999999,
            "max": 0.2456481999999999,
            "count": 3
        },
        "3DBall.Policy.Epsilon.sum": {
            "value": 0.2369406999999999,
            "min": 0.2369406999999999,
            "max": 0.2456481999999999,
            "count": 3
        },
        "3DBall.Policy.Beta.mean": {
            "value": 0.0012789838199999998,
            "min": 0.0012789838199999998,
            "max": 0.0013596733199999994,
            "count": 3
        },
        "3DBall.Policy.Beta.sum": {
            "value": 0.0012789838199999998,
            "min": 0.0012789838199999998,
            "max": 0.0013596733199999994,
            "count": 3
        }
    },
    "metadata": {
        "timer_format_version": "0.1.0",
        "start_time_seconds": "1765066822",
        "python_version": "3.10.11 (tags/v3.10.11:7d4cc5a, Apr  5 2023, 00:38:17) [MSC v.1929 64 bit (AMD64)]",
        "command_line_arguments": "C:\\Users\\moebn\\Documents\\University\\Project 2-1\\project_2_1_group_7\\venv\\Scripts\\mlagents-learn Config/training_config.yaml --run-id=run_batch_size27_buffer_size14500_learning_rate0.0004_beta0.0014_epsilon0.25 --time-scale=20 --env=3DBall_environment/UnityEnvironment.exe --no-graphics",
        "mlagents_version": "1.0.0",
        "mlagents_envs_version": "1.0.0",
        "communication_protocol_version": "1.5.0",
        "pytorch_version": "2.9.1+cpu",
        "numpy_version": "1.23.5",
        "end_time_seconds": "1765066856"
    },
    "total": 34.06732020000345,
    "count": 1,
    "self": 0.17182420000608545,
    "children": {
        "run_training.setup": {
            "total": 0.07083349999447819,
            "count": 1,
            "self": 0.07083349999447819
        },
        "TrainerController.start_learning": {
            "total": 33.82466250000289,
            "count": 1,
            "self": 0.04886789926968049,
            "children": {
                "TrainerController._reset_env": {
                    "total": 4.998534199999995,
                    "count": 1,
                    "self": 4.998534199999995
                },
                "TrainerController.advance": {
                    "total": 28.77085090072069,
                    "count": 5637,
                    "self": 0.04670100106159225,
                    "children": {
                        "env_step": {
                            "total": 14.18600249994779,
                            "count": 5637,
                            "self": 12.639948100113543,
                            "children": {
                                "SubprocessEnvManager._take_step": {
                                    "total": 1.5121138996910304,
                                    "count": 5637,
                                    "self": 0.12144529918441549,
                                    "children": {
                                        "TorchPolicy.evaluate": {
                                            "total": 1.390668600506615,
                                            "count": 4214,
                                            "self": 1.390668600506615
                                        }
                                    }
                                },
                                "workers": {
                                    "total": 0.03394050014321692,
                                    "count": 5637,
                                    "self": 0.0,
                                    "children": {
                                        "worker_root": {
                                            "total": 29.33607520040823,
                                            "count": 5637,
                                            "is_parallel": true,
                                            "self": 19.668896101269638,
                                            "children": {
                                                "steps_from_proto": {
                                                    "total": 0.0002682000049389899,
                                                    "count": 1,