{
    "name": "root",
    "gauges": {
        "3DBall.Policy.Entropy.mean": {
            "value": 1.3724925518035889,
            "min": 1.3724925518035889,
            "max": 1.4189037084579468,
            "count": 4
        },
        "3DBall.Policy.Entropy.sum": {
            "value": 16684.01953125,
            "min": 16646.380859375,
            "max": 17197.11328125,
            "count": 4
        },
        "3DBall.Environment.EpisodeLength.mean": {
            "value": 39.08,
            "min": 21.21072088724584,
            "max": 39.08,
            "count": 4
        },
        "3DBall.Environment.EpisodeLength.sum": {
            "value": 11724.0,
            "min": 11475.0,
            "max": 11724.0,
            "count": 4
        },
        "3DBall.Step.mean": {
            "value": 47974.0,
            "min": 11992.0,
            "max": 47974.0,
            "count": 4
        },
        "3DBall.Step.sum": {
            "value": 47974.0,
            "min": 11992.0,
            "max": 47974.0,
            "count": 4
        },
        "3DBall.Policy.ExtrinsicValueEstimate.mean": {
            "value": 0.7766231298446655,
            "min": 0.2798568904399872,
            "max": 0.7766231298446655,
            "count": 4
        },
        "3DBall.Policy.ExtrinsicValueEstimate.sum": {
            "value": 232.9869384765625,
            "min": 134.05145263671875,
            "max": 259.94549560546875,
            "count": 4
        },
        "3DBall.Environment.CumulativeReward.mean": {
            "value": 2.9023333553473156,
            "min": 1.1207407059492889,
            "max": 2.9023333553473156,
            "count": 4
        },
        "3DBall.Environment.CumulativeReward.sum": {
            "value": 870.7000066041946,
            "min": 605.199981212616,
            "max": 870.7000066041946,
            "count": 4
        },
        "3DBall.Policy.ExtrinsicReward.mean": {
            "value": 2.9023333553473156,
            "min": 1.1207407059492889,
            "max": 2.9023333553473156,
            "count": 4
        },
        "3DBall.Policy.ExtrinsicReward.sum": {
            "value": 870.7000066041946,
            "min": 605.199981212616,
            "max": 870.7000066041946,
            "count": 4
        },
        "3DBall.Losses.PolicyLoss.mean": {
            "value": 0.7481417130467796,
            "min": 0.7139209203231534,
            "max": 0.8004734295717698,
            "count": 4
        },
        "3DBall.Losses.PolicyLoss.sum": {
            "value": 0.7481417130467796,
            "min": 0.7139209203231534,
            "max": 0.8004734295717698,
            "count": 4
        },
        "3DBall.Losses.ValueLoss.mean": {
            "value": 0.5716580915914539,
            "min": 0.19790126585698609,
            "max": 0.5716580915914539,
            "count": 4
        },
        "3DBall.Losses.ValueLoss.sum": {
            "value": 0.5716580915914539,
            "min": 0.19790126585698609,
            "max": 0.5716580915914539,
            "count": 4
        },
        "3DBall.Policy.LearningRate.mean": {
            "value": 9.221820778180003e-05,
            "min": 9.221820778180003e-05,
            "max": 9.805920194079998e-05,
            "count": 4
        },
        "3DBall.Policy.LearningRate.sum": {
            "value": 9.221820778180003e-05,
            "min": 9.221820778180003e-05,
            "max": 9.805920194079998e-05,
            "count": 4
        },
        "3DBall.Policy.Epsilon.mean": {
            "value": 0.19221820000000003,
            "min": 0.19221820000000003,
            "max": 0.1980592,
            "count": 4
        },
        "3DBall.Policy.Epsilon.sum": {
            "value": 0.19221820000000003,
            "min": 0.19221820000000003,
            "max": 0.1980592,
            "count": 4
        },
        "3DBall.Policy.Beta.mean": {
            "value": 0.0012918329800000006,
            "min": 0.0012918329800000006,
            "max": 0.0013730228800000004,
            "count": 4
        },
        "3DBall.Policy.Beta.sum": {
            "value": 0.0012918329800000006,
            "min": 0.0012918329800000006,
            "max": 0.0013730228800000004,
            "count": 4
        },
        "3DBall.IsTraining.mean": {
            "value": 1.0,
            "min": 1.0,
            "max": 1.0,
            "count": 4
        },
        "3DBall.IsTraining.sum": {
            "value": 1.0,
            "min": 1.0,
            "max": 1.0,
            "count": 4
        }
    },
    "metadata": {
        "timer_format_version": "0.1.0",
        "start_time_seconds": "1764712720",
        "python_version": "3.10.11 (tags/v3.10.11:7d4cc5a, Apr  5 2023, 00:38:17) [MSC v.1929 64 bit (AMD64)]",
        "command_line_arguments": "C:\\Users\\moebn\\Documents\\University\\Project 2-1\\project_2_1_group_7\\venv\\Scripts\\mlagents-learn Config/training_config.yaml --run-id=run_batch_size1_buffer_size9700_learning_rate0.0001_beta0.0014_epsilon0.2 --time-scale=20 --env=3DBall_environment/UnityEnvironment.exe --no-graphics",
        "mlagents_version": "1.0.0",
        "mlagents_envs_version": "1.0.0",
        "communication_protocol_version": "1.5.0",
        "pytorch_version": "2.9.1+cpu",
        "numpy_version": "1.23.5",
        "end_time_seconds": "1764712994"
    },
    "total": 273.96919970000454,
    "count": 1,
    "self": 0.17890620001708157,
    "children": {
        "run_training.setup": {
            "total": 0.06530259999271948,
            "count": 1,
            "self": 0.06530259999271948
        },
        "TrainerController.start_learning": {
            "total": 273.72499089999474,
            "count": 1,
            "self": 0.04808759996376466,
            "children": {
                "TrainerController._reset_env": {
                    "total": 3.417197499991744,
                    "count": 1,
                    "self": 3.417197499991744
                },
                "TrainerController.advance": {
                    "total": 270.2534317000391,
                    "count": 5554,
                    "self": 0.047747099888511,
                    "children": {
                        "env_step": {
                            "total": 14.260582100003376,
                            "count": 5554,
                            "self": 12.728477499549626,
                            "children": {
                                "SubprocessEnvManager._take_step": {
                                    "total": 1.4985953998548212,
                                    "count": 5554,
                                    "self": 0.12000379970413633,
                                    "children": {
                                        "TorchPolicy.evaluate": {
                                            "total": 1.3785916001506848,
                                            "count": 4201,
                                            "self": 1.3785916001506848
                                        }
                                    }
                                },
                                "workers": {
                                    "total": 0.033509200598928146,
                                    "count": 5554,
                                    "self": 0.0,
                                    "children": {
                                        "worker_root": {
                                            "total": 270.8914945003489,
                                            "count": 5554,
                                            "is_parallel": true,
                                            "self": 261.0986352002219,
                                            "children": {
                                                "steps_from_proto": {
                                                    "total": 0.00027740000223275274,
                                                    "count": 1,