{
    "name": "root",
    "gauges": {
        "3DBall.Policy.Entropy.mean": {
            "value": 1.3834213018417358,
            "min": 1.3834213018417358,
            "max": 1.417447566986084,
            "count": 4
        },
        "3DBall.Policy.Entropy.sum": {
            "value": 19589.24609375,
            "min": 16979.06640625,
            "max": 19589.24609375,
            "count": 4
        },
        "3DBall.Environment.EpisodeLength.mean": {
            "value": 82.8,
            "min": 21.615819209039547,
            "max": 82.8,
            "count": 4
        },
        "3DBall.Environment.EpisodeLength.sum": {
            "value": 12006.0,
            "min": 11478.0,
            "max": 12006.0,
            "count": 4
        },
        "3DBall.Step.mean": {
            "value": 47955.0,
            "min": 11993.0,
            "max": 47955.0,
            "count": 4
        },
        "3DBall.Step.sum": {
            "value": 47955.0,
            "min": 11993.0,
            "max": 47955.0,
            "count": 4
        },
        "3DBall.Policy.ExtrinsicValueEstimate.mean": {
            "value": 1.4796631336212158,
            "min": 0.2468215525150299,
            "max": 1.4796631336212158,
            "count": 4
        },
        "3DBall.Policy.ExtrinsicValueEstimate.sum": {
            "value": 214.5511474609375,
            "min": 118.96798706054688,
            "max": 274.81658935546875,
            "count": 4
        },
        "3DBall.Environment.CumulativeReward.mean": {
            "value": 7.196552732073028,
            "min": 1.162830162273263,
            "max": 7.196552732073028,
            "count": 4
        },
        "3DBall.Environment.CumulativeReward.sum": {
            "value": 1043.500146150589,
            "min": 616.2999860048294,
            "max": 1043.500146150589,
            "count": 4
        },
        "3DBall.Policy.ExtrinsicReward.mean": {
            "value": 7.196552732073028,
            "min": 1.162830162273263,
            "max": 7.196552732073028,
            "count": 4
        },
        "3DBall.Policy.ExtrinsicReward.sum": {
            "value": 1043.500146150589,
            "min": 616.2999860048294,
            "max": 1043.500146150589,
            "count": 4
        },
        "3DBall.Losses.PolicyLoss.mean": {
            "value": 0.21573291836216224,
            "min": 0.2094257021432274,
            "max": 0.21573291836216224,
            "count": 4
        },
        "3DBall.Losses.PolicyLoss.sum": {
            "value": 0.4314658367243245,
            "min": 0.2094257021432274,
            "max": 0.4314658367243245,
            "count": 4
        },
        "3DBall.Losses.ValueLoss.mean": {
            "value": 1.705703310545093,
            "min": 0.24399855185463576,
            "max": 1.705703310545093,
            "count": 4
        },
        "3DBall.Losses.ValueLoss.sum": {
            "value": 3.411406621090186,
            "min": 0.42964090274898076,
            "max": 3.411406621090186,
            "count": 4
        },
        "3DBall.Policy.LearningRate.mean": {
            "value": 9.193840806160001e-05,
            "min": 9.193840806160001e-05,
            "max": 9.853940146059999e-05,
            "count": 4
        },
        "3DBall.Policy.LearningRate.sum": {
            "value": 0.00018387681612320003,
            "min": 9.41384058616e-05,
            "max": 0.00019268220731779998,
            "count": 4
        },
        "3DBall.Policy.Epsilon.mean": {
            "value": 0.28387680000000004,
            "min": 0.28387680000000004,
            "max": 0.2970788,
            "count": 4
        },
        "3DBall.Policy.Epsilon.sum": {
            "value": 0.5677536000000001,
            "min": 0.28827680000000006,
            "max": 0.5853644000000002,
            "count": 4
        },
        "3DBall.Policy.Beta.mean": {
            "value": 0.00119600536,
            "min": 0.00119600536,
            "max": 0.0012811582600000002,
            "count": 4
        },
        "3DBall.Policy.Beta.sum": {
            "value": 0.00239201072,
            "min": 0.00122438536,
            "max": 0.00250560038,
            "count": 4
        },
        "3DBall.IsTraining.mean": {
            "value": 1.0,
            "min": 1.0,
            "max": 1.0,
            "count": 4
        },
        "3DBall.IsTraining.sum": {
            "value": 1.0,
            "min": 1.0,
            "max": 1.0,
            "count": 4
        }
    },
    "metadata": {
        "timer_format_version": "0.1.0",
        "start_time_seconds": "1764923352",
        "python_version": "3.10.11 (tags/v3.10.11:7d4cc5a, Apr  5 2023, 00:38:17) [MSC v.1929 64 bit (AMD64)]",
        "command_line_arguments": "C:\\Users\\moebn\\Documents\\University\\Project 2-1\\project_2_1_group_7\\venv\\Scripts\\mlagents-learn Config/training_config.yaml --run-id=run_batch_size14_buffer_size7300_learning_rate0.0001_beta0.0013_epsilon0.3 --time-scale=20 --env=3DBall_environment/UnityEnvironment.exe --no-graphics",
        "mlagents_version": "1.0.0",
        "mlagents_envs_version": "1.0.0",
        "communication_protocol_version": "1.5.0",
        "pytorch_version": "2.9.1+cpu",
        "numpy_version": "1.23.5",
        "end_time_seconds": "1764923394"
    },
    "total": 42.000010600007954,
    "count": 1,
    "self": 0.14757520001148805,
    "children": {
        "run_training.setup": {
            "total": 0.06749820000550244,
            "count": 1,
            "self": 0.06749820000550244
        },
        "TrainerController.start_learning": {
            "total": 41.784937199990964,
            "count": 1,
            "self": 0.04857869974512141,
            "children": {
                "TrainerController._reset_env": {
                    "total": 3.347053599994979,
                    "count": 1,
                    "self": 3.347053599994979
                },
                "TrainerController.advance": {
                    "total": 38.382605300241266,
                    "count": 5577,
                    "self": 0.047520599473500624,
                    "children": {
                        "env_step": {
                            "total": 14.403445000498323,
                            "count": 5577,
                            "self": 12.689240701205563,
                            "children": {
                                "SubprocessEnvManager._take_step": {
                                    "total": 1.6811148994165706,
                                    "count": 5577,
                                    "self": 0.12550779970479198,
                                    "children": {
                                        "TorchPolicy.evaluate": {
                                            "total": 1.5556070997117786,
                                            "count": 4416,
                                            "self": 1.5556070997117786
                                        }
                                    }
                                },
                                "workers": {
                                    "total": 0.03308939987618942,
                                    "count": 5577,
                                    "self": 0.0,
                                    "children": {
                                        "worker_root": {
                                            "total": 38.8934260001115,
                                            "count": 5577,
                                            "is_parallel": true,
                                            "self": 29.14266630016209,
                                            "children": {
                                                "steps_from_proto": {
                                                    "total": 0.0002869000018108636,
                                                    "count": 1,
                                                    "is_parallel": true,