{
    "name": "root",
    "gauges": {
        "3DBall.Policy.Entropy.mean": {
            "value": 1.3201525211334229,
            "min": 1.3201525211334229,
            "max": 1.4156744480133057,
            "count": 4
        },
        "3DBall.Policy.Entropy.sum": {
            "value": 19200.298828125,
            "min": 17018.916015625,
            "max": 20634.3828125,
            "count": 4
        },
        "3DBall.Environment.EpisodeLength.mean": {
            "value": 640.05,
            "min": 22.910536779324055,
            "max": 640.05,
            "count": 4
        },
        "3DBall.Environment.EpisodeLength.sum": {
            "value": 12801.0,
            "min": 11524.0,
            "max": 12801.0,
            "count": 4
        },
        "3DBall.Step.mean": {
            "value": 47974.0,
            "min": 11996.0,
            "max": 47974.0,
            "count": 4
        },
        "3DBall.Step.sum": {
            "value": 47974.0,
            "min": 11996.0,
            "max": 47974.0,
            "count": 4
        },
        "3DBall.Policy.ExtrinsicValueEstimate.mean": {
            "value": 6.3214111328125,
            "min": 0.22398583590984344,
            "max": 6.3214111328125,
            "count": 4
        },
        "3DBall.Policy.ExtrinsicValueEstimate.sum": {
            "value": 126.42822265625,
            "min": 112.44088745117188,
            "max": 199.36773681640625,
            "count": 4
        },
        "3DBall.Environment.CumulativeReward.mean": {
            "value": 60.275009107589725,
            "min": 1.2896413974078054,
            "max": 60.275009107589725,
            "count": 4
        },
        "3DBall.Environment.CumulativeReward.sum": {
            "value": 1205.5001821517944,
            "min": 647.3999814987183,
            "max": 1205.5001821517944,
            "count": 4
        },
        "3DBall.Policy.ExtrinsicReward.mean": {
            "value": 60.275009107589725,
            "min": 1.2896413974078054,
            "max": 60.275009107589725,
            "count": 4
        },
        "3DBall.Policy.ExtrinsicReward.sum": {
            "value": 1205.5001821517944,
            "min": 647.3999814987183,
            "max": 1205.5001821517944,
            "count": 4
        },
        "3DBall.Losses.PolicyLoss.mean": {
            "value": 0.12833323500825297,
            "min": 0.12477471818212471,
            "max": 0.12835717029491187,
            "count": 4
        },
        "3DBall.Losses.PolicyLoss.sum": {
            "value": 0.25666647001650594,
            "min": 0.2525454681185434,
            "max": 0.37432415454637413,
            "count": 4
        },
        "3DBall.Losses.ValueLoss.mean": {
            "value": 1.6121446067744754,
            "min": 0.2823478457733861,
            "max": 2.2889410090014444,
            "count": 4
        },
        "3DBall.Losses.ValueLoss.sum": {
            "value": 3.2242892135489507,
            "min": 0.5646956915467722,
            "max": 6.866823027004333,
            "count": 4
        },
        "3DBall.Policy.LearningRate.mean": {
            "value": 0.0004575260084947999,
            "min": 0.0004575260084947999,
            "max": 0.0004926160014768,
            "count": 4
        },
        "3DBall.Policy.LearningRate.sum": {
            "value": 0.0009150520169895998,
            "min": 0.0009150520169895998,
            "max": 0.0014108930178214,
            "count": 4
        },
        "3DBall.Policy.Epsilon.mean": {
            "value": 0.23725780000000002,
            "min": 0.23725780000000002,
            "max": 0.24778480000000003,
            "count": 4
        },
        "3DBall.Policy.Epsilon.sum": {
            "value": 0.47451560000000004,
            "min": 0.47451560000000004,
            "max": 0.7232678999999997,
            "count": 4
        },
        "3DBall.Policy.Beta.mean": {
            "value": 0.0010989118800000001,
            "min": 0.0010989118800000001,
            "max": 0.00118242608,
            "count": 4
        },
        "3DBall.Policy.Beta.sum": {
            "value": 0.0021978237600000002,
            "min": 0.0021978237600000002,
            "max": 0.0033879253400000003,
            "count": 4
        },
        "3DBall.IsTraining.mean": {
            "value": 1.0,
            "min": 1.0,
            "max": 1.0,
            "count": 4
        },
        "3DBall.IsTraining.sum": {
            "value": 1.0,
            "min": 1.0,
            "max": 1.0,
            "count": 4
        }
    },
    "metadata": {
        "timer_format_version": "0.1.0",
        "start_time_seconds": "1765097054",
        "python_version": "3.10.11 (tags/v3.10.11:7d4cc5a, Apr  5 2023, 00:38:17) [MSC v.1929 64 bit (AMD64)]",
        "command_line_arguments": "C:\\Users\\moebn\\Documents\\University\\Project 2-1\\project_2_1_group_7\\venv\\Scripts\\mlagents-learn Config/training_config.yaml --run-id=run_batch_size40_buffer_size4900_learning_rate0.0005_beta0.0012_epsilon0.25 --time-scale=20 --env=3DBall_environment/UnityEnvironment.exe --no-graphics",
        "mlagents_version": "1.0.0",
        "mlagents_envs_version": "1.0.0",
        "communication_protocol_version": "1.5.0",
        "pytorch_version": "2.9.1+cpu",
        "numpy_version": "1.23.5",
        "end_time_seconds": "1765097085"
    },
    "total": 31.061854100000346,
    "count": 1,
    "self": 0.1523027999792248,
    "children": {
        "run_training.setup": {
            "total": 0.06811300001572818,
            "count": 1,
            "self": 0.06811300001572818
        },
        "TrainerController.start_learning": {
            "total": 30.841438300005393,
            "count": 1,
            "self": 0.045554200594779104,
            "children": {
                "TrainerController._reset_env": {
                    "total": 3.4018685999908485,
                    "count": 1,
                    "self": 3.4018685999908485
                },
                "TrainerController.advance": {
                    "total": 27.387669199408265,
                    "count": 5376,
                    "self": 0.04380229447269812,
                    "children": {
                        "env_step": {
                            "total": 14.996047303808155,
                            "count": 5376,
                            "self": 13.196412703109672,
                            "children": {
                                "SubprocessEnvManager._take_step": {
                                    "total": 1.7679690017248504,
                                    "count": 5376,
                                    "self": 0.1299091000109911,
                                    "children": {
                                        "TorchPolicy.evaluate": {
                                            "total": 1.6380599017138593,
                                            "count": 4673,
                                            "self": 1.6380599017138593
                                        }
                                    }
                                },
                                "workers": {
                                    "total": 0.03166559897363186,
                                    "count": 5376,
                                    "self": 0.0,
                                    "children": {
                                        "worker_root": {
                                            "total": 27.961755900614662,
                                            "count": 5376,
                                            "is_parallel": true,
                                            "self": 17.75415970099857,
                                            "children": {
                                                "steps_from_proto": {
                                                    "total": 0.0002514999941922724,
                                                    "count": 1,