{
    "name": "root",
    "gauges": {
        "3DBall.Policy.Entropy.mean": {
            "value": 1.4033281803131104,
            "min": 1.4033281803131104,
            "max": 1.4189382791519165,
            "count": 4
        },
        "3DBall.Policy.Entropy.sum": {
            "value": 16823.09765625,
            "min": 16823.09765625,
            "max": 17248.61328125,
            "count": 4
        },
        "3DBall.Environment.EpisodeLength.mean": {
            "value": 25.119825708061,
            "min": 21.075367647058822,
            "max": 25.119825708061,
            "count": 4
        },
        "3DBall.Environment.EpisodeLength.sum": {
            "value": 11530.0,
            "min": 11465.0,
            "max": 11530.0,
            "count": 4
        },
        "3DBall.Step.mean": {
            "value": 47987.0,
            "min": 11995.0,
            "max": 47987.0,
            "count": 4
        },
        "3DBall.Step.sum": {
            "value": 47987.0,
            "min": 11995.0,
            "max": 47987.0,
            "count": 4
        },
        "3DBall.Policy.ExtrinsicValueEstimate.mean": {
            "value": 0.24440014362335205,
            "min": 0.24440014362335205,
            "max": 0.3176221251487732,
            "count": 4
        },
        "3DBall.Policy.ExtrinsicValueEstimate.sum": {
            "value": 112.1796646118164,
            "min": 112.1796646118164,
            "max": 172.46881103515625,
            "count": 4
        },
        "3DBall.Environment.CumulativeReward.mean": {
            "value": 1.5119825186033395,
            "min": 1.1090239123964398,
            "max": 1.5119825186033395,
            "count": 4
        },
        "3DBall.Environment.CumulativeReward.sum": {
            "value": 693.9999760389328,
            "min": 602.1999844312668,
            "max": 693.9999760389328,
            "count": 4
        },
        "3DBall.Policy.ExtrinsicReward.mean": {
            "value": 1.5119825186033395,
            "min": 1.1090239123964398,
            "max": 1.5119825186033395,
            "count": 4
        },
        "3DBall.Policy.ExtrinsicReward.sum": {
            "value": 693.9999760389328,
            "min": 602.1999844312668,
            "max": 693.9999760389328,
            "count": 4
        },
        "3DBall.IsTraining.mean": {
            "value": 1.0,
            "min": 1.0,
            "max": 1.0,
            "count": 4
        },
        "3DBall.IsTraining.sum": {
            "value": 1.0,
            "min": 1.0,
            "max": 1.0,
            "count": 4
        },
        "3DBall.Losses.PolicyLoss.mean": {
            "value": 0.6674512993571733,
            "min": 0.6674512993571733,
            "max": 0.7847646414785434,
            "count": 2
        },
        "3DBall.Losses.PolicyLoss.sum": {
            "value": 0.6674512993571733,
            "min": 0.6674512993571733,
            "max": 0.7847646414785434,
            "count": 2
        },
        "3DBall.Losses.ValueLoss.mean": {
            "value": 0.14311379508107117,
            "min": 0.13085273397282474,
            "max": 0.14311379508107117,
            "count": 2
        },
        "3DBall.Losses.ValueLoss.sum": {
            "value": 0.14311379508107117,
            "min": 0.13085273397282474,
            "max": 0.14311379508107117,
            "count": 2
        },
        "3DBall.Policy.LearningRate.mean": {
            "value": 0.00046136400772719976,
            "min": 0.00046136400772719976,
            "max": 0.00048068100386379996,
            "count": 2
        },
        "3DBall.Policy.LearningRate.sum": {
            "value": 0.00046136400772719976,
            "min": 0.00046136400772719976,
            "max": 0.00048068100386379996,
            "count": 2
        },
        "3DBall.Policy.Epsilon.mean": {
            "value": 0.2384092,
            "min": 0.2384092,
            "max": 0.24420429999999987,
            "count": 2
        },
        "3DBall.Policy.Epsilon.sum": {
            "value": 0.2384092,
            "min": 0.2384092,
            "max": 0.24420429999999987,
            "count": 2
        },
        "3DBall.Policy.Beta.mean": {
            "value": 0.0009235007199999997,
            "min": 0.0009235007199999997,
            "max": 0.0009617483800000001,
            "count": 2
        },
        "3DBall.Policy.Beta.sum": {
            "value": 0.0009235007199999997,
            "min": 0.0009235007199999997,
            "max": 0.0009617483800000001,
            "count": 2
        }
    },
    "metadata": {
        "timer_format_version": "0.1.0",
        "start_time_seconds": "1764866715",
        "python_version": "3.10.11 (tags/v3.10.11:7d4cc5a, Apr  5 2023, 00:38:17) [MSC v.1929 64 bit (AMD64)]",
        "command_line_arguments": "C:\\Users\\moebn\\Documents\\University\\Project 2-1\\project_2_1_group_7\\venv\\Scripts\\mlagents-learn Config/training_config.yaml --run-id=run_batch_size1_buffer_size19300_learning_rate0.0005_beta0.001_epsilon0.25 --time-scale=20 --env=3DBall_environment/UnityEnvironment.exe --no-graphics",
        "mlagents_version": "1.0.0",
        "mlagents_envs_version": "1.0.0",
        "communication_protocol_version": "1.5.0",
        "pytorch_version": "2.9.1+cpu",
        "numpy_version": "1.23.5",
        "end_time_seconds": "1764866950"
    },
    "total": 234.79335569999967,
    "count": 1,
    "self": 0.15922880000289297,
    "children": {
        "run_training.setup": {
            "total": 0.06338159999722848,
            "count": 1,
            "self": 0.06338159999722848
        },
        "TrainerController.start_learning": {
            "total": 234.57074529999954,
            "count": 1,
            "self": 0.049962899916863535,
            "children": {
                "TrainerController._reset_env": {
                    "total": 3.3547094999958063,
                    "count": 1,
                    "self": 3.3547094999958063
                },
                "TrainerController.advance": {
                    "total": 231.15914590009197,
                    "count": 5761,
                    "self": 0.04801569973642472,
                    "children": {
                        "env_step": {
                            "total": 13.889224300328351,
                            "count": 5761,
                            "self": 12.414969500889129,
                            "children": {
                                "SubprocessEnvManager._take_step": {
                                    "total": 1.4403744999144692,
                                    "count": 5761,
                                    "self": 0.12105699972744333,
                                    "children": {
                                        "TorchPolicy.evaluate": {
                                            "total": 1.3193175001870259,
                                            "count": 4182,
                                            "self": 1.3193175001870259
                                        }
                                    }
                                },
                                "workers": {
                                    "total": 0.033880299524753354,
                                    "count": 5761,
                                    "self": 0.0,
                                    "children": {
                                        "worker_root": {
                                            "total": 231.66391649981233,
                                            "count": 5761,
                                            "is_parallel": true,
                                            "self": 222.20689960005257,
                                            "children": {
                                                "steps_from_proto": {
                                                    "total": 0.00025129999994533136,
                                                    "count": 1,