{
    "name": "root",
    "gauges": {
        "3DBall.Policy.Entropy.mean": {
            "value": 1.3272063732147217,
            "min": 1.3272063732147217,
            "max": 1.4208019971847534,
            "count": 41
        },
        "3DBall.Policy.Entropy.sum": {
            "value": 15926.4765625,
            "min": 11681.466796875,
            "max": 19782.103515625,
            "count": 41
        },
        "3DBall.Environment.EpisodeLength.mean": {
            "value": 999.0,
            "min": 21.759013282732447,
            "max": 999.0,
            "count": 41
        },
        "3DBall.Environment.EpisodeLength.sum": {
            "value": 11988.0,
            "min": 11230.0,
            "max": 12841.0,
            "count": 41
        },
        "3DBall.Step.mean": {
            "value": 491130.0,
            "min": 11980.0,
            "max": 491130.0,
            "count": 41
        },
        "3DBall.Step.sum": {
            "value": 491130.0,
            "min": 11980.0,
            "max": 491130.0,
            "count": 41
        },
        "3DBall.Policy.ExtrinsicValueEstimate.mean": {
            "value": 9.91593074798584,
            "min": 0.18892289698123932,
            "max": 9.927685737609863,
            "count": 41
        },
        "3DBall.Policy.ExtrinsicValueEstimate.sum": {
            "value": 118.99116516113281,
            "min": 95.59498596191406,
            "max": 340.6989440917969,
            "count": 41
        },
        "3DBall.Environment.CumulativeReward.mean": {
            "value": 95.45001475016277,
            "min": 1.175901294659392,
            "max": 100.00001525878906,
            "count": 41
        },
        "3DBall.Environment.CumulativeReward.sum": {
            "value": 1145.4001770019531,
            "min": 619.6999822854996,
            "max": 1284.3002014160156,
            "count": 41
        },
        "3DBall.Policy.ExtrinsicReward.mean": {
            "value": 95.45001475016277,
            "min": 1.175901294659392,
            "max": 100.00001525878906,
            "count": 41
        },
        "3DBall.Policy.ExtrinsicReward.sum": {
            "value": 1145.4001770019531,
            "min": 619.6999822854996,
            "max": 1284.3002014160156,
            "count": 41
        },
        "3DBall.IsTraining.mean": {
            "value": 1.0,
            "min": 1.0,
            "max": 1.0,
            "count": 41
        },
        "3DBall.IsTraining.sum": {
            "value": 1.0,
            "min": 1.0,
            "max": 1.0,
            "count": 41
        },
        "3DBall.Losses.PolicyLoss.mean": {
            "value": 0.17070582798400977,
            "min": 0.17070582798400977,
            "max": 0.20426220051088725,
            "count": 29
        },
        "3DBall.Losses.PolicyLoss.sum": {
            "value": 0.17070582798400977,
            "min": 0.17070582798400977,
            "max": 0.20426220051088725,
            "count": 29
        },
        "3DBall.Losses.ValueLoss.mean": {
            "value": 0.21942704083813716,
            "min": 0.09650227818339922,
            "max": 3.6645085793469665,
            "count": 29
        },
        "3DBall.Losses.ValueLoss.sum": {
            "value": 0.21942704083813716,
            "min": 0.09650227818339922,
            "max": 3.6645085793469665,
            "count": 29
        },
        "3DBall.Policy.LearningRate.mean": {
            "value": 3.974096026000001e-06,
            "min": 3.974096026000001e-06,
            "max": 9.6722003278e-05,
            "count": 29
        },
        "3DBall.Policy.LearningRate.sum": {
            "value": 3.974096026000001e-06,
            "min": 3.974096026000001e-06,
            "max": 9.6722003278e-05,
            "count": 29
        },
        "3DBall.Policy.Epsilon.mean": {
            "value": 0.09801300000000002,
            "min": 0.051639,
            "max": 0.09801300000000002,
            "count": 29
        },
        "3DBall.Policy.Epsilon.sum": {
            "value": 0.09801300000000002,
            "min": 0.051639,
            "max": 0.09801300000000002,
            "count": 29
        },
        "3DBall.Policy.Beta.mean": {
            "value": 4.9342599999999984e-05,
            "min": 4.9342599999999984e-05,
            "max": 0.0009675477999999999,
            "count": 29
        },
        "3DBall.Policy.Beta.sum": {
            "value": 4.9342599999999984e-05,
            "min": 4.9342599999999984e-05,
            "max": 0.0009675477999999999,
            "count": 29
        }
    },
    "metadata": {
        "timer_format_version": "0.1.0",
        "start_time_seconds": "1767668646",
        "python_version": "3.10.11 (tags/v3.10.11:7d4cc5a, Apr  5 2023, 00:38:17) [MSC v.1929 64 bit (AMD64)]",
        "command_line_arguments": "C:\\Users\\atoz\\Documents\\01_2025_2026_year_2\\semester_1\\project_2_1\\code\\project_2_1_group_7\\venv\\Scripts\\mlagents-learn Config/training_config.yaml --run-id=omar-run175 --time-scale=20 --env=3DBall_environment/UnityEnvironment.exe --no-graphics",
        "mlagents_version": "1.0.0",
        "mlagents_envs_version": "1.0.0",
        "communication_protocol_version": "1.5.0",
        "pytorch_version": "1.13.1+cpu",
        "numpy_version": "1.23.5",
        "end_time_seconds": "1767669041"
    },
    "total": 395.0925125000067,
    "count": 1,
    "self": 0.20674090000102296,
    "children": {
        "run_training.setup": {
            "total": 0.09573740002815612,
            "count": 1,
            "self": 0.09573740002815612
        },
        "TrainerController.start_learning": {
            "total": 394.7900341999775,
            "count": 1,
            "self": 0.7092924081371166,
            "children": {
                "TrainerController._reset_env": {
                    "total": 3.048414299992146,
                    "count": 1,
                    "self": 3.048414299992146
                },
                "TrainerController.advance": {
                    "total": 390.99035149184056,
                    "count": 48900,
                    "self": 0.6488385895790998,
                    "children": {
                        "env_step": {
                            "total": 176.16511370195076,
                            "count": 48900,
                            "self": 149.0446169033239,
                            "children": {
                                "SubprocessEnvManager._take_step": {
                                    "total": 26.695860899984837,
                                    "count": 48900,
                                    "self": 1.9900802996126004,
                                    "children": {
                                        "TorchPolicy.evaluate": {
                                            "total": 24.705780600372236,
                                            "count": 42158,
                                            "self": 24.705780600372236
                                        }
                                    }
                                },
                                "workers": {
                                    "total": 0.4246358986420091,
                                    "count": 48900,
                                    "self": 0.0,
                                    "children": {
                                        "worker_root": {
                                            "total": 390.8025996036595,
                                            "count": 48900,
                                            "is_parallel": true,
                                            "self": 282.9947525084135,
                                            "children": {
                                                "steps_from_proto": {
                                                    "total": 0.0001844999787863344,
                                                    "count": 1,