{
    "name": "root",
    "gauges": {
        "3DBall.Policy.Entropy.mean": {
            "value": 1.4079766273498535,
            "min": 1.4079766273498535,
            "max": 1.418938159942627,
            "count": 4
        },
        "3DBall.Policy.Entropy.sum": {
            "value": 16997.09375,
            "min": 16923.884765625,
            "max": 17180.50390625,
            "count": 4
        },
        "3DBall.Environment.EpisodeLength.mean": {
            "value": 24.842672413793103,
            "min": 21.45607476635514,
            "max": 24.842672413793103,
            "count": 4
        },
        "3DBall.Environment.EpisodeLength.sum": {
            "value": 11527.0,
            "min": 11460.0,
            "max": 11527.0,
            "count": 4
        },
        "3DBall.Step.mean": {
            "value": 47978.0,
            "min": 11997.0,
            "max": 47978.0,
            "count": 4
        },
        "3DBall.Step.sum": {
            "value": 47978.0,
            "min": 11997.0,
            "max": 47978.0,
            "count": 4
        },
        "3DBall.Policy.ExtrinsicValueEstimate.mean": {
            "value": 0.25929999351501465,
            "min": -0.04995410144329071,
            "max": 0.25929999351501465,
            "count": 4
        },
        "3DBall.Policy.ExtrinsicValueEstimate.sum": {
            "value": 120.31519317626953,
            "min": -26.67548942565918,
            "max": 120.31519317626953,
            "count": 4
        },
        "3DBall.Environment.CumulativeReward.mean": {
            "value": 1.482327534977732,
            "min": 1.146629180354572,
            "max": 1.482327534977732,
            "count": 4
        },
        "3DBall.Environment.CumulativeReward.sum": {
            "value": 687.7999762296677,
            "min": 612.2999823093414,
            "max": 687.7999762296677,
            "count": 4
        },
        "3DBall.Policy.ExtrinsicReward.mean": {
            "value": 1.482327534977732,
            "min": 1.146629180354572,
            "max": 1.482327534977732,
            "count": 4
        },
        "3DBall.Policy.ExtrinsicReward.sum": {
            "value": 687.7999762296677,
            "min": 612.2999823093414,
            "max": 687.7999762296677,
            "count": 4
        },
        "3DBall.IsTraining.mean": {
            "value": 1.0,
            "min": 1.0,
            "max": 1.0,
            "count": 4
        },
        "3DBall.IsTraining.sum": {
            "value": 1.0,
            "min": 1.0,
            "max": 1.0,
            "count": 4
        },
        "3DBall.Losses.PolicyLoss.mean": {
            "value": 0.21069856503439235,
            "min": 0.21069856503439235,
            "max": 0.21271152657445344,
            "count": 2
        },
        "3DBall.Losses.PolicyLoss.sum": {
            "value": 0.21069856503439235,
            "min": 0.21069856503439235,
            "max": 0.21271152657445344,
            "count": 2
        },
        "3DBall.Losses.ValueLoss.mean": {
            "value": 0.21335210913199285,
            "min": 0.2011152826110126,
            "max": 0.21335210913199285,
            "count": 2
        },
        "3DBall.Losses.ValueLoss.sum": {
            "value": 0.21335210913199285,
            "min": 0.2011152826110126,
            "max": 0.21335210913199285,
            "count": 2
        },
        "3DBall.Policy.LearningRate.mean": {
            "value": 0.00018454360772819997,
            "min": 0.00018454360772819997,
            "max": 0.00019226840386579998,
            "count": 2
        },
        "3DBall.Policy.LearningRate.sum": {
            "value": 0.00018454360772819997,
            "min": 0.00018454360772819997,
            "max": 0.00019226840386579998,
            "count": 2
        },
        "3DBall.Policy.Epsilon.mean": {
            "value": 0.1922718,
            "min": 0.1922718,
            "max": 0.19613419999999995,
            "count": 2
        },
        "3DBall.Policy.Epsilon.sum": {
            "value": 0.1922718,
            "min": 0.1922718,
            "max": 0.19613419999999995,
            "count": 2
        },
        "3DBall.Policy.Beta.mean": {
            "value": 0.0012925780200000003,
            "min": 0.0012925780200000003,
            "max": 0.0013462653799999997,
            "count": 2
        },
        "3DBall.Policy.Beta.sum": {
            "value": 0.0012925780200000003,
            "min": 0.0012925780200000003,
            "max": 0.0013462653799999997,
            "count": 2
        }
    },
    "metadata": {
        "timer_format_version": "0.1.0",
        "start_time_seconds": "1765024123",
        "python_version": "3.10.11 (tags/v3.10.11:7d4cc5a, Apr  5 2023, 00:38:17) [MSC v.1929 64 bit (AMD64)]",
        "command_line_arguments": "C:\\Users\\moebn\\Documents\\University\\Project 2-1\\project_2_1_group_7\\venv\\Scripts\\mlagents-learn Config/training_config.yaml --run-id=run_batch_size14_buffer_size19300_learning_rate0.0002_beta0.0014_epsilon0.2 --time-scale=20 --env=3DBall_environment/UnityEnvironment.exe --no-graphics",
        "mlagents_version": "1.0.0",
        "mlagents_envs_version": "1.0.0",
        "communication_protocol_version": "1.5.0",
        "pytorch_version": "2.9.1+cpu",
        "numpy_version": "1.23.5",
        "end_time_seconds": "1765024162"
    },
    "total": 39.01380230000359,
    "count": 1,
    "self": 0.15164970000478206,
    "children": {
        "run_training.setup": {
            "total": 0.06914529999630759,
            "count": 1,
            "self": 0.06914529999630759
        },
        "TrainerController.start_learning": {
            "total": 38.7930073000025,
            "count": 1,
            "self": 0.050955499697010964,
            "children": {
                "TrainerController._reset_env": {
                    "total": 3.4409517999956734,
                    "count": 1,
                    "self": 3.4409517999956734
                },
                "TrainerController.advance": {
                    "total": 35.29440800030716,
                    "count": 5790,
                    "self": 0.05028100070194341,
                    "children": {
                        "env_step": {
                            "total": 13.978034799714806,
                            "count": 5790,
                            "self": 12.459785599581664,
                            "children": {
                                "SubprocessEnvManager._take_step": {
                                    "total": 1.4844977999309776,
                                    "count": 5790,
                                    "self": 0.12220809988502879,
                                    "children": {
                                        "TorchPolicy.evaluate": {
                                            "total": 1.3622897000459488,
                                            "count": 4179,
                                            "self": 1.3622897000459488
                                        }
                                    }
                                },
                                "workers": {
                                    "total": 0.033751400202163495,
                                    "count": 5790,
                                    "self": 0.0,
                                    "children": {
                                        "worker_root": {
                                            "total": 35.81962139996176,
                                            "count": 5790,
                                            "is_parallel": true,
                                            "self": 26.29731849964446,
                                            "children": {
                                                "steps_from_proto": {
                                                    "total": 0.0002702000056160614,
                                                    "count": 1,