{
    "name": "root",
    "gauges": {
        "3DBall.Policy.Entropy.mean": {
            "value": 1.3855541944503784,
            "min": 1.3855541944503784,
            "max": 1.4187707901000977,
            "count": 4
        },
        "3DBall.Policy.Entropy.sum": {
            "value": 20417.52734375,
            "min": 17179.771484375,
            "max": 20417.52734375,
            "count": 4
        },
        "3DBall.Environment.EpisodeLength.mean": {
            "value": 165.46575342465752,
            "min": 22.069097888675625,
            "max": 165.46575342465752,
            "count": 4
        },
        "3DBall.Environment.EpisodeLength.sum": {
            "value": 12079.0,
            "min": 11498.0,
            "max": 12079.0,
            "count": 4
        },
        "3DBall.Step.mean": {
            "value": 47908.0,
            "min": 11993.0,
            "max": 47908.0,
            "count": 4
        },
        "3DBall.Step.sum": {
            "value": 47908.0,
            "min": 11993.0,
            "max": 47908.0,
            "count": 4
        },
        "3DBall.Policy.ExtrinsicValueEstimate.mean": {
            "value": 3.4736459255218506,
            "min": 0.17187033593654633,
            "max": 3.4736459255218506,
            "count": 4
        },
        "3DBall.Policy.ExtrinsicValueEstimate.sum": {
            "value": 253.57615661621094,
            "min": 89.37257385253906,
            "max": 296.4981689453125,
            "count": 4
        },
        "3DBall.Environment.CumulativeReward.mean": {
            "value": 15.34794741950623,
            "min": 1.2063461194817837,
            "max": 15.34794741950623,
            "count": 4
        },
        "3DBall.Environment.CumulativeReward.sum": {
            "value": 1120.4001616239548,
            "min": 627.2999821305275,
            "max": 1120.4001616239548,
            "count": 4
        },
        "3DBall.Policy.ExtrinsicReward.mean": {
            "value": 15.34794741950623,
            "min": 1.2063461194817837,
            "max": 15.34794741950623,
            "count": 4
        },
        "3DBall.Policy.ExtrinsicReward.sum": {
            "value": 1120.4001616239548,
            "min": 627.2999821305275,
            "max": 1120.4001616239548,
            "count": 4
        },
        "3DBall.Losses.PolicyLoss.mean": {
            "value": 0.1498232955324802,
            "min": 0.1498232955324802,
            "max": 0.15412115320181996,
            "count": 4
        },
        "3DBall.Losses.PolicyLoss.sum": {
            "value": 0.5992931821299208,
            "min": 0.5992931821299208,
            "max": 0.7688367018810927,
            "count": 4
        },
        "3DBall.Losses.ValueLoss.mean": {
            "value": 4.299582084721131,
            "min": 0.4276802250294276,
            "max": 4.299582084721131,
            "count": 4
        },
        "3DBall.Losses.ValueLoss.sum": {
            "value": 17.198328338884522,
            "min": 2.138401125147138,
            "max": 17.198328338884522,
            "count": 4
        },
        "3DBall.Policy.LearningRate.mean": {
            "value": 9.161855838145002e-05,
            "min": 9.161855838145002e-05,
            "max": 9.874055125945e-05,
            "count": 4
        },
        "3DBall.Policy.LearningRate.sum": {
            "value": 0.0003664742335258001,
            "min": 0.0003664742335258001,
            "max": 0.0004823786176214,
            "count": 4
        },
        "3DBall.Policy.Epsilon.mean": {
            "value": 0.14580927500000002,
            "min": 0.14580927500000002,
            "max": 0.149370275,
            "count": 4
        },
        "3DBall.Policy.Epsilon.sum": {
            "value": 0.5832371000000001,
            "min": 0.5832371000000001,
            "max": 0.7411893,
            "count": 4
        },
        "3DBall.Policy.Beta.mean": {
            "value": 0.001191879295,
            "min": 0.001191879295,
            "max": 0.0012837530950000002,
            "count": 4
        },
        "3DBall.Policy.Beta.sum": {
            "value": 0.00476751718,
            "min": 0.00476751718,
            "max": 0.00627268394,
            "count": 4
        },
        "3DBall.IsTraining.mean": {
            "value": 1.0,
            "min": 1.0,
            "max": 1.0,
            "count": 4
        },
        "3DBall.IsTraining.sum": {
            "value": 1.0,
            "min": 1.0,
            "max": 1.0,
            "count": 4
        }
    },
    "metadata": {
        "timer_format_version": "0.1.0",
        "start_time_seconds": "1765038314",
        "python_version": "3.10.11 (tags/v3.10.11:7d4cc5a, Apr  5 2023, 00:38:17) [MSC v.1929 64 bit (AMD64)]",
        "command_line_arguments": "C:\\Users\\moebn\\Documents\\University\\Project 2-1\\project_2_1_group_7\\venv\\Scripts\\mlagents-learn Config/training_config.yaml --run-id=run_batch_size27_buffer_size2500_learning_rate0.0001_beta0.0013_epsilon0.15 --time-scale=20 --env=3DBall_environment/UnityEnvironment.exe --no-graphics",
        "mlagents_version": "1.0.0",
        "mlagents_envs_version": "1.0.0",
        "communication_protocol_version": "1.5.0",
        "pytorch_version": "2.9.1+cpu",
        "numpy_version": "1.23.5",
        "end_time_seconds": "1765038349"
    },
    "total": 34.886557499994524,
    "count": 1,
    "self": 0.14489270000194665,
    "children": {
        "run_training.setup": {
            "total": 0.06584739999379963,
            "count": 1,
            "self": 0.06584739999379963
        },
        "TrainerController.start_learning": {
            "total": 34.67581739999878,
            "count": 1,
            "self": 0.04647980083245784,
            "children": {
                "TrainerController._reset_env": {
                    "total": 3.4213877000001958,
                    "count": 1,
                    "self": 3.4213877000001958
                },
                "TrainerController.advance": {
                    "total": 31.201557099164347,
                    "count": 5506,
                    "self": 0.04580519882438239,
                    "children": {
                        "env_step": {
                            "total": 14.279177100514062,
                            "count": 5506,
                            "self": 12.662736799597042,
                            "children": {
                                "SubprocessEnvManager._take_step": {
                                    "total": 1.5841665009356802,
                                    "count": 5506,
                                    "self": 0.12660150071315002,
                                    "children": {
                                        "TorchPolicy.evaluate": {
                                            "total": 1.4575650002225302,
                                            "count": 4539,
                                            "self": 1.4575650002225302
                                        }
                                    }
                                },
                                "workers": {
                                    "total": 0.032273799981339835,
                                    "count": 5506,
                                    "self": 0.0,
                                    "children": {
                                        "worker_root": {
                                            "total": 31.77569109995966,
                                            "count": 5506,
                                            "is_parallel": true,
                                            "self": 21.984534399962286,
                                            "children": {
                                                "steps_from_proto": {
                                                    "total": 0.0002796000044327229,
                                                    "count": 1,