{
    "name": "root",
    "gauges": {
        "3DBall.Policy.Entropy.mean": {
            "value": 1.34324049949646,
            "min": 1.34324049949646,
            "max": 1.4104351997375488,
            "count": 4
        },
        "3DBall.Policy.Entropy.sum": {
            "value": 20003.537109375,
            "min": 16814.859375,
            "max": 20003.537109375,
            "count": 4
        },
        "3DBall.Environment.EpisodeLength.mean": {
            "value": 225.45283018867926,
            "min": 24.15062761506276,
            "max": 225.45283018867926,
            "count": 4
        },
        "3DBall.Environment.EpisodeLength.sum": {
            "value": 11949.0,
            "min": 11544.0,
            "max": 11949.0,
            "count": 4
        },
        "3DBall.Step.mean": {
            "value": 47932.0,
            "min": 11994.0,
            "max": 47932.0,
            "count": 4
        },
        "3DBall.Step.sum": {
            "value": 47932.0,
            "min": 11994.0,
            "max": 47932.0,
            "count": 4
        },
        "3DBall.Policy.ExtrinsicValueEstimate.mean": {
            "value": 4.020412921905518,
            "min": -0.19360868632793427,
            "max": 4.020412921905518,
            "count": 4
        },
        "3DBall.Policy.ExtrinsicValueEstimate.sum": {
            "value": 213.08187866210938,
            "min": -92.3513412475586,
            "max": 274.63250732421875,
            "count": 4
        },
        "3DBall.Environment.CumulativeReward.mean": {
            "value": 21.490569274380523,
            "min": 1.4144653476759073,
            "max": 21.490569274380523,
            "count": 4
        },
        "3DBall.Environment.CumulativeReward.sum": {
            "value": 1139.0001715421677,
            "min": 674.6999708414078,
            "max": 1139.0001715421677,
            "count": 4
        },
        "3DBall.Policy.ExtrinsicReward.mean": {
            "value": 21.490569274380523,
            "min": 1.4144653476759073,
            "max": 21.490569274380523,
            "count": 4
        },
        "3DBall.Policy.ExtrinsicReward.sum": {
            "value": 1139.0001715421677,
            "min": 674.6999708414078,
            "max": 1139.0001715421677,
            "count": 4
        },
        "3DBall.Losses.PolicyLoss.mean": {
            "value": 0.8386229456336289,
            "min": 0.7182844621003587,
            "max": 0.8386229456336289,
            "count": 4
        },
        "3DBall.Losses.PolicyLoss.sum": {
            "value": 1.6772458912672579,
            "min": 1.4365689242007174,
            "max": 2.4237930126201195,
            "count": 4
        },
        "3DBall.Losses.ValueLoss.mean": {
            "value": 3.1488822111218706,
            "min": 0.23312363095446198,
            "max": 3.1488822111218706,
            "count": 4
        },
        "3DBall.Losses.ValueLoss.sum": {
            "value": 6.297764422243741,
            "min": 0.46624726190892396,
            "max": 6.297764422243741,
            "count": 4
        },
        "3DBall.Policy.LearningRate.mean": {
            "value": 0.00018301400849299998,
            "min": 0.00018301400849299998,
            "max": 0.00019705080147459995,
            "count": 4
        },
        "3DBall.Policy.LearningRate.sum": {
            "value": 0.00036602801698599997,
            "min": 0.00036602801698599997,
            "max": 0.0005645164177418,
            "count": 4
        },
        "3DBall.Policy.Epsilon.mean": {
            "value": 0.14575349999999998,
            "min": 0.14575349999999998,
            "max": 0.14926270000000003,
            "count": 4
        },
        "3DBall.Policy.Epsilon.sum": {
            "value": 0.29150699999999996,
            "min": 0.29150699999999996,
            "max": 0.44112910000000005,
            "count": 4
        },
        "3DBall.Policy.Beta.mean": {
            "value": 0.0010989333,
            "min": 0.0010989333,
            "max": 0.0011824522599999997,
            "count": 4
        },
        "3DBall.Policy.Beta.sum": {
            "value": 0.0021978666,
            "min": 0.0021978666,
            "max": 0.00338887258,
            "count": 4
        },
        "3DBall.IsTraining.mean": {
            "value": 1.0,
            "min": 1.0,
            "max": 1.0,
            "count": 4
        },
        "3DBall.IsTraining.sum": {
            "value": 1.0,
            "min": 1.0,
            "max": 1.0,
            "count": 4
        }
    },
    "metadata": {
        "timer_format_version": "0.1.0",
        "start_time_seconds": "1764647957",
        "python_version": "3.10.11 (tags/v3.10.11:7d4cc5a, Apr  5 2023, 00:38:17) [MSC v.1929 64 bit (AMD64)]",
        "command_line_arguments": "C:\\Users\\moebn\\Documents\\University\\Project 2-1\\project_2_1_group_7\\venv\\Scripts\\mlagents-learn Config/training_config.yaml --run-id=run_batch_size1_buffer_size4900_learning_rate0.0002_beta0.0012_epsilon0.15 --time-scale=20 --env=3DBall_environment/UnityEnvironment.exe --no-graphics",
        "mlagents_version": "1.0.0",
        "mlagents_envs_version": "1.0.0",
        "communication_protocol_version": "1.5.0",
        "pytorch_version": "2.9.1+cpu",
        "numpy_version": "1.23.5",
        "end_time_seconds": "1764648219"
    },
    "total": 262.4819359999965,
    "count": 1,
    "self": 0.19497509999200702,
    "children": {
        "run_training.setup": {
            "total": 0.06317390000185696,
            "count": 1,
            "self": 0.06317390000185696
        },
        "TrainerController.start_learning": {
            "total": 262.22378700000263,
            "count": 1,
            "self": 0.046660899941343814,
            "children": {
                "TrainerController._reset_env": {
                    "total": 4.296879499997885,
                    "count": 1,
                    "self": 4.296879499997885
                },
                "TrainerController.advance": {
                    "total": 257.87417950006056,
                    "count": 5422,
                    "self": 0.044632700402871706,
                    "children": {
                        "env_step": {
                            "total": 14.667974999931175,
                            "count": 5422,
                            "self": 12.897509299858939,
                            "children": {
                                "SubprocessEnvManager._take_step": {
                                    "total": 1.7379935000280966,
                                    "count": 5422,
                                    "self": 0.13048249990242766,
                                    "children": {
                                        "TorchPolicy.evaluate": {
                                            "total": 1.607511000125669,
                                            "count": 4586,
                                            "self": 1.607511000125669
                                        }
                                    }
                                },
                                "workers": {
                                    "total": 0.032472200044139754,
                                    "count": 5422,
                                    "self": 0.0,
                                    "children": {
                                        "worker_root": {
                                            "total": 258.43790630013973,
                                            "count": 5422,
                                            "is_parallel": true,
                                            "self": 248.53825779979525,
                                            "children": {
                                                "steps_from_proto": {
                                                    "total": 0.00025469999673077837,
                                                    "count": 1,