{
    "name": "root",
    "gauges": {
        "3DBall.Policy.Entropy.mean": {
            "value": 1.399357557296753,
            "min": 1.399357557296753,
            "max": 1.4189382791519165,
            "count": 4
        },
        "3DBall.Policy.Entropy.sum": {
            "value": 16825.875,
            "min": 16825.875,
            "max": 17265.640625,
            "count": 4
        },
        "3DBall.Environment.EpisodeLength.mean": {
            "value": 26.020224719101122,
            "min": 21.958015267175572,
            "max": 26.020224719101122,
            "count": 4
        },
        "3DBall.Environment.EpisodeLength.sum": {
            "value": 11579.0,
            "min": 11473.0,
            "max": 11579.0,
            "count": 4
        },
        "3DBall.Step.mean": {
            "value": 47983.0,
            "min": 11998.0,
            "max": 47983.0,
            "count": 4
        },
        "3DBall.Step.sum": {
            "value": 47983.0,
            "min": 11998.0,
            "max": 47983.0,
            "count": 4
        },
        "3DBall.Policy.ExtrinsicValueEstimate.mean": {
            "value": 0.2323988378047943,
            "min": 0.071199432015419,
            "max": 0.2323988378047943,
            "count": 4
        },
        "3DBall.Policy.ExtrinsicValueEstimate.sum": {
            "value": 103.41748046875,
            "min": 37.2373046875,
            "max": 103.41748046875,
            "count": 4
        },
        "3DBall.Environment.CumulativeReward.mean": {
            "value": 1.5959550064601256,
            "min": 1.1940726203626701,
            "max": 1.5959550064601256,
            "count": 4
        },
        "3DBall.Environment.CumulativeReward.sum": {
            "value": 710.1999778747559,
            "min": 624.4999804496765,
            "max": 710.1999778747559,
            "count": 4
        },
        "3DBall.Policy.ExtrinsicReward.mean": {
            "value": 1.5959550064601256,
            "min": 1.1940726203626701,
            "max": 1.5959550064601256,
            "count": 4
        },
        "3DBall.Policy.ExtrinsicReward.sum": {
            "value": 710.1999778747559,
            "min": 624.4999804496765,
            "max": 710.1999778747559,
            "count": 4
        },
        "3DBall.IsTraining.mean": {
            "value": 1.0,
            "min": 1.0,
            "max": 1.0,
            "count": 4
        },
        "3DBall.IsTraining.sum": {
            "value": 1.0,
            "min": 1.0,
            "max": 1.0,
            "count": 4
        },
        "3DBall.Losses.PolicyLoss.mean": {
            "value": 0.6581819240447652,
            "min": 0.6581819240447652,
            "max": 0.7713573590962717,
            "count": 2
        },
        "3DBall.Losses.PolicyLoss.sum": {
            "value": 0.6581819240447652,
            "min": 0.6581819240447652,
            "max": 0.7713573590962717,
            "count": 2
        },
        "3DBall.Losses.ValueLoss.mean": {
            "value": 0.149402517694364,
            "min": 0.13808069435543086,
            "max": 0.149402517694364,
            "count": 2
        },
        "3DBall.Losses.ValueLoss.sum": {
            "value": 0.149402517694364,
            "min": 0.13808069435543086,
            "max": 0.149402517694364,
            "count": 2
        },
        "3DBall.Policy.LearningRate.mean": {
            "value": 0.00046139400772119993,
            "min": 0.00046139400772119993,
            "max": 0.0004806980038603998,
            "count": 2
        },
        "3DBall.Policy.LearningRate.sum": {
            "value": 0.00046139400772119993,
            "min": 0.00046139400772119993,
            "max": 0.0004806980038603998,
            "count": 2
        },
        "3DBall.Policy.Epsilon.mean": {
            "value": 0.1922788,
            "min": 0.1922788,
            "max": 0.1961396,
            "count": 2
        },
        "3DBall.Policy.Epsilon.sum": {
            "value": 0.1922788,
            "min": 0.1922788,
            "max": 0.1961396,
            "count": 2
        },
        "3DBall.Policy.Beta.mean": {
            "value": 0.0012926753199999997,
            "min": 0.0012926753199999997,
            "max": 0.0013463404399999999,
            "count": 2
        },
        "3DBall.Policy.Beta.sum": {
            "value": 0.0012926753199999997,
            "min": 0.0012926753199999997,
            "max": 0.0013463404399999999,
            "count": 2
        }
    },
    "metadata": {
        "timer_format_version": "0.1.0",
        "start_time_seconds": "1764871255",
        "python_version": "3.10.11 (tags/v3.10.11:7d4cc5a, Apr  5 2023, 00:38:17) [MSC v.1929 64 bit (AMD64)]",
        "command_line_arguments": "C:\\Users\\moebn\\Documents\\University\\Project 2-1\\project_2_1_group_7\\venv\\Scripts\\mlagents-learn Config/training_config.yaml --run-id=run_batch_size1_buffer_size19300_learning_rate0.0005_beta0.0014_epsilon0.2 --time-scale=20 --env=3DBall_environment/UnityEnvironment.exe --no-graphics",
        "mlagents_version": "1.0.0",
        "mlagents_envs_version": "1.0.0",
        "communication_protocol_version": "1.5.0",
        "pytorch_version": "2.9.1+cpu",
        "numpy_version": "1.23.5",
        "end_time_seconds": "1764871490"
    },
    "total": 234.65580300000147,
    "count": 1,
    "self": 0.1889101999986451,
    "children": {
        "run_training.setup": {
            "total": 0.06353350000426872,
            "count": 1,
            "self": 0.06353350000426872
        },
        "TrainerController.start_learning": {
            "total": 234.40335929999856,
            "count": 1,
            "self": 0.050892600003862754,
            "children": {
                "TrainerController._reset_env": {
                    "total": 7.042602599998645,
                    "count": 1,
                    "self": 7.042602599998645
                },
                "TrainerController.advance": {
                    "total": 227.30314999999246,
                    "count": 5767,
                    "self": 0.04934239975409582,
                    "children": {
                        "env_step": {
                            "total": 14.094203600099718,
                            "count": 5767,
                            "self": 12.418659799914167,
                            "children": {
                                "SubprocessEnvManager._take_step": {
                                    "total": 1.6412472003066796,
                                    "count": 5767,
                                    "self": 0.12289860047167167,
                                    "children": {
                                        "TorchPolicy.evaluate": {
                                            "total": 1.518348599835008,
                                            "count": 4182,
                                            "self": 1.518348599835008
                                        }
                                    }
                                },
                                "workers": {
                                    "total": 0.03429659987887135,
                                    "count": 5767,
                                    "self": 0.0,
                                    "children": {
                                        "worker_root": {
                                            "total": 227.80614139986574,
                                            "count": 5767,
                                            "is_parallel": true,
                                            "self": 218.3591829996294,
                                            "children": {
                                                "steps_from_proto": {
                                                    "total": 0.00026810000417754054,
                                                    "count": 1,
                                                    "is_parallel": true,