{
    "name": "root",
    "gauges": {
        "3DBall.Policy.Entropy.mean": {
            "value": 1.4178568124771118,
            "min": 1.4178568124771118,
            "max": 1.4252344369888306,
            "count": 4
        },
        "3DBall.Policy.Entropy.sum": {
            "value": 17065.32421875,
            "min": 17022.748046875,
            "max": 17265.640625,
            "count": 4
        },
        "3DBall.Environment.EpisodeLength.mean": {
            "value": 24.81505376344086,
            "min": 21.20517560073937,
            "max": 24.81505376344086,
            "count": 4
        },
        "3DBall.Environment.EpisodeLength.sum": {
            "value": 11539.0,
            "min": 11455.0,
            "max": 11539.0,
            "count": 4
        },
        "3DBall.Step.mean": {
            "value": 47999.0,
            "min": 11995.0,
            "max": 47999.0,
            "count": 4
        },
        "3DBall.Step.sum": {
            "value": 47999.0,
            "min": 11995.0,
            "max": 47999.0,
            "count": 4
        },
        "3DBall.Policy.ExtrinsicValueEstimate.mean": {
            "value": 0.22188471257686615,
            "min": -0.16084277629852295,
            "max": 0.22188471257686615,
            "count": 4
        },
        "3DBall.Policy.ExtrinsicValueEstimate.sum": {
            "value": 103.1763916015625,
            "min": -86.8551025390625,
            "max": 103.1763916015625,
            "count": 4
        },
        "3DBall.Environment.CumulativeReward.mean": {
            "value": 1.4823655218206426,
            "min": 1.121296269363827,
            "max": 1.4823655218206426,
            "count": 4
        },
        "3DBall.Environment.CumulativeReward.sum": {
            "value": 689.2999676465988,
            "min": 605.4999854564667,
            "max": 689.2999676465988,
            "count": 4
        },
        "3DBall.Policy.ExtrinsicReward.mean": {
            "value": 1.4823655218206426,
            "min": 1.121296269363827,
            "max": 1.4823655218206426,
            "count": 4
        },
        "3DBall.Policy.ExtrinsicReward.sum": {
            "value": 689.2999676465988,
            "min": 605.4999854564667,
            "max": 689.2999676465988,
            "count": 4
        },
        "3DBall.IsTraining.mean": {
            "value": 1.0,
            "min": 1.0,
            "max": 1.0,
            "count": 4
        },
        "3DBall.IsTraining.sum": {
            "value": 1.0,
            "min": 1.0,
            "max": 1.0,
            "count": 4
        },
        "3DBall.Losses.PolicyLoss.mean": {
            "value": 0.12382584687746134,
            "min": 0.12382584687746134,
            "max": 0.12932753029077237,
            "count": 2
        },
        "3DBall.Losses.PolicyLoss.sum": {
            "value": 0.12382584687746134,
            "min": 0.12382584687746134,
            "max": 0.12932753029077237,
            "count": 2
        },
        "3DBall.Losses.ValueLoss.mean": {
            "value": 0.16855454419380153,
            "min": 0.16855454419380153,
            "max": 0.21379021830018674,
            "count": 2
        },
        "3DBall.Losses.ValueLoss.sum": {
            "value": 0.16855454419380153,
            "min": 0.16855454419380153,
            "max": 0.21379021830018674,
            "count": 2
        },
        "3DBall.Policy.LearningRate.mean": {
            "value": 0.0002768106077297999,
            "min": 0.0002768106077297999,
            "max": 0.0002883978038673999,
            "count": 2
        },
        "3DBall.Policy.LearningRate.sum": {
            "value": 0.0002768106077297999,
            "min": 0.0002768106077297999,
            "max": 0.0002883978038673999,
            "count": 2
        },
        "3DBall.Policy.Epsilon.mean": {
            "value": 0.14613509999999996,
            "min": 0.14613509999999996,
            "max": 0.14806629999999998,
            "count": 2
        },
        "3DBall.Policy.Epsilon.sum": {
            "value": 0.14613509999999996,
            "min": 0.14613509999999996,
            "max": 0.14806629999999998,
            "count": 2
        },
        "3DBall.Policy.Beta.mean": {
            "value": 0.0009234749800000001,
            "min": 0.0009234749800000001,
            "max": 0.0009617127400000004,
            "count": 2
        },
        "3DBall.Policy.Beta.sum": {
            "value": 0.0009234749800000001,
            "min": 0.0009234749800000001,
            "max": 0.0009617127400000004,
            "count": 2
        }
    },
    "metadata": {
        "timer_format_version": "0.1.0",
        "start_time_seconds": "1765120103",
        "python_version": "3.10.11 (tags/v3.10.11:7d4cc5a, Apr  5 2023, 00:38:17) [MSC v.1929 64 bit (AMD64)]",
        "command_line_arguments": "C:\\Users\\moebn\\Documents\\University\\Project 2-1\\project_2_1_group_7\\venv\\Scripts\\mlagents-learn Config/training_config.yaml --run-id=run_batch_size40_buffer_size19300_learning_rate0.0003_beta0.001_epsilon0.15 --time-scale=20 --env=3DBall_environment/UnityEnvironment.exe --no-graphics",
        "mlagents_version": "1.0.0",
        "mlagents_envs_version": "1.0.0",
        "communication_protocol_version": "1.5.0",
        "pytorch_version": "2.9.1+cpu",
        "numpy_version": "1.23.5",
        "end_time_seconds": "1765120132"
    },
    "total": 28.71758110000519,
    "count": 1,
    "self": 0.1609368000063114,
    "children": {
        "run_training.setup": {
            "total": 0.07913440000265837,
            "count": 1,
            "self": 0.07913440000265837
        },
        "TrainerController.start_learning": {
            "total": 28.47750989999622,
            "count": 1,
            "self": 0.05024650023551658,
            "children": {
                "TrainerController._reset_env": {
                    "total": 3.455660400009947,
                    "count": 1,
                    "self": 3.455660400009947
                },
                "TrainerController.advance": {
                    "total": 24.965051899751415,
                    "count": 5795,
                    "self": 0.04759190100594424,
                    "children": {
                        "env_step": {
                            "total": 14.293412999424618,
                            "count": 5795,
                            "self": 12.728479201643495,
                            "children": {
                                "SubprocessEnvManager._take_step": {
                                    "total": 1.5308566972671542,
                                    "count": 5795,
                                    "self": 0.12013609733548947,
                                    "children": {
                                        "TorchPolicy.evaluate": {
                                            "total": 1.4107205999316648,
                                            "count": 4181,
                                            "self": 1.4107205999316648
                                        }
                                    }
                                },
                                "workers": {
                                    "total": 0.03407710051396862,
                                    "count": 5795,
                                    "self": 0.0,
                                    "children": {
                                        "worker_root": {
                                            "total": 25.47972179905628,
                                            "count": 5795,
                                            "is_parallel": true,
                                            "self": 15.756718999618897,
                                            "children": {
                                                "steps_from_proto": {
                                                    "total": 0.00024839999969117343,