{
    "name": "root",
    "gauges": {
        "3DBall.Policy.Entropy.mean": {
            "value": 1.409461498260498,
            "min": 1.409461498260498,
            "max": 1.4180419445037842,
            "count": 4
        },
        "3DBall.Policy.Entropy.sum": {
            "value": 17015.01953125,
            "min": 16905.009765625,
            "max": 17254.734375,
            "count": 4
        },
        "3DBall.Environment.EpisodeLength.mean": {
            "value": 28.45343137254902,
            "min": 21.35754189944134,
            "max": 28.45343137254902,
            "count": 4
        },
        "3DBall.Environment.EpisodeLength.sum": {
            "value": 11609.0,
            "min": 11469.0,
            "max": 11609.0,
            "count": 4
        },
        "3DBall.Step.mean": {
            "value": 47989.0,
            "min": 11980.0,
            "max": 47989.0,
            "count": 4
        },
        "3DBall.Step.sum": {
            "value": 47989.0,
            "min": 11980.0,
            "max": 47989.0,
            "count": 4
        },
        "3DBall.Policy.ExtrinsicValueEstimate.mean": {
            "value": 0.44535478949546814,
            "min": -0.20562727749347687,
            "max": 0.44535478949546814,
            "count": 4
        },
        "3DBall.Policy.ExtrinsicValueEstimate.sum": {
            "value": 181.7047576904297,
            "min": -110.21622467041016,
            "max": 181.7047576904297,
            "count": 4
        },
        "3DBall.Environment.CumulativeReward.mean": {
            "value": 1.8394607188654881,
            "min": 1.135074591236328,
            "max": 1.8394607188654881,
            "count": 4
        },
        "3DBall.Environment.CumulativeReward.sum": {
            "value": 750.4999732971191,
            "min": 608.3999809026718,
            "max": 750.4999732971191,
            "count": 4
        },
        "3DBall.Policy.ExtrinsicReward.mean": {
            "value": 1.8394607188654881,
            "min": 1.135074591236328,
            "max": 1.8394607188654881,
            "count": 4
        },
        "3DBall.Policy.ExtrinsicReward.sum": {
            "value": 750.4999732971191,
            "min": 608.3999809026718,
            "max": 750.4999732971191,
            "count": 4
        },
        "3DBall.Losses.PolicyLoss.mean": {
            "value": 0.15359344514813564,
            "min": 0.1487394674623638,
            "max": 0.15866358731788896,
            "count": 4
        },
        "3DBall.Losses.PolicyLoss.sum": {
            "value": 0.3071868902962713,
            "min": 0.1487394674623638,
            "max": 0.3071868902962713,
            "count": 4
        },
        "3DBall.Losses.ValueLoss.mean": {
            "value": 0.37673747531621987,
            "min": 0.2678857931384334,
            "max": 0.37851289060472704,
            "count": 4
        },
        "3DBall.Losses.ValueLoss.sum": {
            "value": 0.7534749506324397,
            "min": 0.27061431299389144,
            "max": 0.7534749506324397,
            "count": 4
        },
        "3DBall.Policy.LearningRate.mean": {
            "value": 9.19608080392e-05,
            "min": 9.19608080392e-05,
            "max": 9.853780146220001e-05,
            "count": 4
        },
        "3DBall.Policy.LearningRate.sum": {
            "value": 0.0001839216160784,
            "min": 9.415360584640002e-05,
            "max": 0.0001926892073108,
            "count": 4
        },
        "3DBall.Policy.Epsilon.mean": {
            "value": 0.1,
            "min": 0.1,
            "max": 0.1,
            "count": 4
        },
        "3DBall.Policy.Epsilon.sum": {
            "value": 0.2,
            "min": 0.1,
            "max": 0.2,
            "count": 4
        },
        "3DBall.Policy.Beta.mean": {
            "value": 0.0009204119200000001,
            "min": 0.0009204119200000001,
            "max": 0.0009855242200000002,
            "count": 4
        },
        "3DBall.Policy.Beta.sum": {
            "value": 0.0018408238400000002,
            "min": 0.0009421206400000001,
            "max": 0.0019276230800000004,
            "count": 4
        },
        "3DBall.IsTraining.mean": {
            "value": 1.0,
            "min": 1.0,
            "max": 1.0,
            "count": 4
        },
        "3DBall.IsTraining.sum": {
            "value": 1.0,
            "min": 1.0,
            "max": 1.0,
            "count": 4
        }
    },
    "metadata": {
        "timer_format_version": "0.1.0",
        "start_time_seconds": "1765047245",
        "python_version": "3.10.11 (tags/v3.10.11:7d4cc5a, Apr  5 2023, 00:38:17) [MSC v.1929 64 bit (AMD64)]",
        "command_line_arguments": "C:\\Users\\moebn\\Documents\\University\\Project 2-1\\project_2_1_group_7\\venv\\Scripts\\mlagents-learn Config/training_config.yaml --run-id=run_batch_size27_buffer_size7300_learning_rate0.0001_beta0.001_epsilon0.1 --time-scale=20 --env=3DBall_environment/UnityEnvironment.exe --no-graphics",
        "mlagents_version": "1.0.0",
        "mlagents_envs_version": "1.0.0",
        "communication_protocol_version": "1.5.0",
        "pytorch_version": "2.9.1+cpu",
        "numpy_version": "1.23.5",
        "end_time_seconds": "1765047279"
    },
    "total": 33.48875190000399,
    "count": 1,
    "self": 0.16471840000303928,
    "children": {
        "run_training.setup": {
            "total": 0.06515229999786243,
            "count": 1,
            "self": 0.06515229999786243
        },
        "TrainerController.start_learning": {
            "total": 33.25888120000309,
            "count": 1,
            "self": 0.04900489935243968,
            "children": {
                "TrainerController._reset_env": {
                    "total": 3.4250287000031676,
                    "count": 1,
                    "self": 3.4250287000031676
                },
                "TrainerController.advance": {
                    "total": 29.778442100650864,
                    "count": 5694,
                    "self": 0.04659970014472492,
                    "children": {
                        "env_step": {
                            "total": 13.991181400459027,
                            "count": 5694,
                            "self": 12.431185300898505,
                            "children": {
                                "SubprocessEnvManager._take_step": {
                                    "total": 1.5259894997725496,
                                    "count": 5694,
                                    "self": 0.11969559986027889,
                                    "children": {
                                        "TorchPolicy.evaluate": {
                                            "total": 1.4062938999122707,
                                            "count": 4193,
                                            "self": 1.4062938999122707
                                        }
                                    }
                                },
                                "workers": {
                                    "total": 0.034006599787971936,
                                    "count": 5694,
                                    "self": 0.0,
                                    "children": {
                                        "worker_root": {
                                            "total": 30.37018559979333,
                                            "count": 5694,
                                            "is_parallel": true,
                                            "self": 20.83738549989357,
                                            "children": {
                                                "steps_from_proto": {
                                                    "total": 0.0002491999912308529,
                                                    "count": 1,
                                                    "is_parallel": true,