{
    "name": "root",
    "gauges": {
        "3DBall.Policy.Entropy.mean": {
            "value": 1.339035987854004,
            "min": 1.339035987854004,
            "max": 1.4056683778762817,
            "count": 4
        },
        "3DBall.Policy.Entropy.sum": {
            "value": 15779.2001953125,
            "min": 15779.2001953125,
            "max": 22508.208984375,
            "count": 4
        },
        "3DBall.Environment.EpisodeLength.mean": {
            "value": 933.3333333333334,
            "min": 26.868055555555557,
            "max": 933.3333333333334,
            "count": 4
        },
        "3DBall.Environment.EpisodeLength.sum": {
            "value": 11200.0,
            "min": 11200.0,
            "max": 12843.0,
            "count": 4
        },
        "3DBall.Step.mean": {
            "value": 47145.0,
            "min": 11955.0,
            "max": 47145.0,
            "count": 4
        },
        "3DBall.Step.sum": {
            "value": 47145.0,
            "min": 11955.0,
            "max": 47145.0,
            "count": 4
        },
        "3DBall.Policy.ExtrinsicValueEstimate.mean": {
            "value": 9.629490852355957,
            "min": 0.3283219039440155,
            "max": 9.629490852355957,
            "count": 4
        },
        "3DBall.Policy.ExtrinsicValueEstimate.sum": {
            "value": 115.55388641357422,
            "min": 115.55388641357422,
            "max": 259.4844970703125,
            "count": 4
        },
        "3DBall.Environment.CumulativeReward.mean": {
            "value": 93.25001462300618,
            "min": 1.6737818643277869,
            "max": 93.25001462300618,
            "count": 4
        },
        "3DBall.Environment.CumulativeReward.sum": {
            "value": 1119.0001754760742,
            "min": 721.3999835252762,
            "max": 1278.3001954555511,
            "count": 4
        },
        "3DBall.Policy.ExtrinsicReward.mean": {
            "value": 93.25001462300618,
            "min": 1.6737818643277869,
            "max": 93.25001462300618,
            "count": 4
        },
        "3DBall.Policy.ExtrinsicReward.sum": {
            "value": 1119.0001754760742,
            "min": 721.3999835252762,
            "max": 1278.3001954555511,
            "count": 4
        },
        "3DBall.Losses.PolicyLoss.mean": {
            "value": 0.14706868738247306,
            "min": 0.13868414727385,
            "max": 0.15211316114988252,
            "count": 4
        },
        "3DBall.Losses.PolicyLoss.sum": {
            "value": 1.7648242485896766,
            "min": 1.7648242485896766,
            "max": 13.868414727385002,
            "count": 4
        },
        "3DBall.Losses.ValueLoss.mean": {
            "value": 1.018020096453551,
            "min": 0.6093584201977484,
            "max": 3.4269502892168284,
            "count": 4
        },
        "3DBall.Losses.ValueLoss.sum": {
            "value": 12.216241157442612,
            "min": 12.216241157442612,
            "max": 188.48226590692556,
            "count": 4
        },
        "3DBall.Policy.LearningRate.mean": {
            "value": 0.0001833014083493,
            "min": 0.0001833014083493,
            "max": 0.00019762872118564,
            "count": 4
        },
        "3DBall.Policy.LearningRate.sum": {
            "value": 0.0021996169001916002,
            "min": 0.0021996169001916002,
            "max": 0.019762872118564,
            "count": 4
        },
        "3DBall.Policy.Epsilon.mean": {
            "value": 0.19165069999999998,
            "min": 0.19165069999999998,
            "max": 0.19881436,
            "count": 4
        },
        "3DBall.Policy.Epsilon.sum": {
            "value": 2.2998084,
            "min": 2.2998084,
            "max": 19.881436,
            "count": 4
        },
        "3DBall.Policy.Beta.mean": {
            "value": 0.00091734193,
            "min": 0.00091734193,
            "max": 0.0009882621639999997,
            "count": 4
        },
        "3DBall.Policy.Beta.sum": {
            "value": 0.01100810316,
            "min": 0.01100810316,
            "max": 0.09882621639999997,
            "count": 4
        },
        "3DBall.IsTraining.mean": {
            "value": 1.0,
            "min": 1.0,
            "max": 1.0,
            "count": 4
        },
        "3DBall.IsTraining.sum": {
            "value": 1.0,
            "min": 1.0,
            "max": 1.0,
            "count": 4
        }
    },
    "metadata": {
        "timer_format_version": "0.1.0",
        "start_time_seconds": "1765034026",
        "python_version": "3.10.11 (tags/v3.10.11:7d4cc5a, Apr  5 2023, 00:38:17) [MSC v.1929 64 bit (AMD64)]",
        "command_line_arguments": "C:\\Users\\moebn\\Documents\\University\\Project 2-1\\project_2_1_group_7\\venv\\Scripts\\mlagents-learn Config/training_config.yaml --run-id=run_batch_size27_buffer_size100_learning_rate0.0002_beta0.001_epsilon0.2 --time-scale=20 --env=3DBall_environment/UnityEnvironment.exe --no-graphics",
        "mlagents_version": "1.0.0",
        "mlagents_envs_version": "1.0.0",
        "communication_protocol_version": "1.5.0",
        "pytorch_version": "2.9.1+cpu",
        "numpy_version": "1.23.5",
        "end_time_seconds": "1765034060"
    },
    "total": 33.951699299999746,
    "count": 1,
    "self": 0.13893240000470541,
    "children": {
        "run_training.setup": {
            "total": 0.06650400000216905,
            "count": 1,
            "self": 0.06650400000216905
        },
        "TrainerController.start_learning": {
            "total": 33.74626289999287,
            "count": 1,
            "self": 0.041867799242027104,
            "children": {
                "TrainerController._reset_env": {
                    "total": 3.3906251000007614,
                    "count": 1,
                    "self": 3.3906251000007614
                },
                "TrainerController.advance": {
                    "total": 30.307429900742136,
                    "count": 5131,
                    "self": 0.04131049998977687,
                    "children": {
                        "env_step": {
                            "total": 14.426753100764472,
                            "count": 5131,
                            "self": 12.640972800872987,
                            "children": {
                                "SubprocessEnvManager._take_step": {
                                    "total": 1.7554523997096112,
                                    "count": 5131,
                                    "self": 0.1904619999404531,
                                    "children": {
                                        "TorchPolicy.evaluate": {
                                            "total": 1.564990399769158,
                                            "count": 4693,
                                            "self": 1.564990399769158
                                        }
                                    }
                                },
                                "workers": {
                                    "total": 0.0303279001818737,
                                    "count": 5131,
                                    "self": 0.0,
                                    "children": {
                                        "worker_root": {
                                            "total": 30.87439989919949,
                                            "count": 5131,
                                            "is_parallel": true,
                                            "self": 20.988237999859848,
                                            "children": {
                                                "steps_from_proto": {
                                                    "total": 0.0002376000047661364,
                                                    "count": 1,
                                                    "is_parallel": true,