{
    "name": "root",
    "gauges": {
        "3DBall.Policy.Entropy.mean": {
            "value": 1.4191612005233765,
            "min": 1.4189382791519165,
            "max": 1.4211666584014893,
            "count": 4
        },
        "3DBall.Policy.Entropy.sum": {
            "value": 17183.203125,
            "min": 17002.837890625,
            "max": 17197.53125,
            "count": 4
        },
        "3DBall.Environment.EpisodeLength.mean": {
            "value": 26.293181818181818,
            "min": 21.77462121212121,
            "max": 26.293181818181818,
            "count": 4
        },
        "3DBall.Environment.EpisodeLength.sum": {
            "value": 11569.0,
            "min": 11480.0,
            "max": 11569.0,
            "count": 4
        },
        "3DBall.Step.mean": {
            "value": 47978.0,
            "min": 11992.0,
            "max": 47978.0,
            "count": 4
        },
        "3DBall.Step.sum": {
            "value": 47978.0,
            "min": 11992.0,
            "max": 47978.0,
            "count": 4
        },
        "3DBall.Policy.ExtrinsicValueEstimate.mean": {
            "value": 0.3105927109718323,
            "min": -0.20867682993412018,
            "max": 0.3105927109718323,
            "count": 4
        },
        "3DBall.Policy.ExtrinsicValueEstimate.sum": {
            "value": 136.66079711914062,
            "min": -109.97268676757812,
            "max": 136.66079711914062,
            "count": 4
        },
        "3DBall.Environment.CumulativeReward.mean": {
            "value": 1.6295453754338352,
            "min": 1.175521784760694,
            "max": 1.6295453754338352,
            "count": 4
        },
        "3DBall.Environment.CumulativeReward.sum": {
            "value": 716.9999651908875,
            "min": 619.4999805688858,
            "max": 716.9999651908875,
            "count": 4
        },
        "3DBall.Policy.ExtrinsicReward.mean": {
            "value": 1.6295453754338352,
            "min": 1.175521784760694,
            "max": 1.6295453754338352,
            "count": 4
        },
        "3DBall.Policy.ExtrinsicReward.sum": {
            "value": 716.9999651908875,
            "min": 619.4999805688858,
            "max": 716.9999651908875,
            "count": 4
        },
        "3DBall.IsTraining.mean": {
            "value": 1.0,
            "min": 1.0,
            "max": 1.0,
            "count": 4
        },
        "3DBall.IsTraining.sum": {
            "value": 1.0,
            "min": 1.0,
            "max": 1.0,
            "count": 4
        },
        "3DBall.Losses.PolicyLoss.mean": {
            "value": 0.10654650072288774,
            "min": 0.09579893340955735,
            "max": 0.10654650072288774,
            "count": 3
        },
        "3DBall.Losses.PolicyLoss.sum": {
            "value": 0.10654650072288774,
            "min": 0.09579893340955735,
            "max": 0.10654650072288774,
            "count": 3
        },
        "3DBall.Losses.ValueLoss.mean": {
            "value": 0.2829510925771439,
            "min": 0.2272345655380863,
            "max": 0.3497636843246944,
            "count": 3
        },
        "3DBall.Losses.ValueLoss.sum": {
            "value": 0.2829510925771439,
            "min": 0.2272345655380863,
            "max": 0.3497636843246944,
            "count": 3
        },
        "3DBall.Policy.LearningRate.mean": {
            "value": 0.0001825844087078,
            "min": 0.0001825844087078,
            "max": 0.00019418840290579998,
            "count": 3
        },
        "3DBall.Policy.LearningRate.sum": {
            "value": 0.0001825844087078,
            "min": 0.0001825844087078,
            "max": 0.00019418840290579998,
            "count": 3
        },
        "3DBall.Policy.Epsilon.mean": {
            "value": 0.1456461,
            "min": 0.1456461,
            "max": 0.14854710000000002,
            "count": 3
        },
        "3DBall.Policy.Epsilon.sum": {
            "value": 0.1456461,
            "min": 0.1456461,
            "max": 0.14854710000000002,
            "count": 3
        },
        "3DBall.Policy.Beta.mean": {
            "value": 0.00127896158,
            "min": 0.00127896158,
            "max": 0.00135960938,
            "count": 3
        },
        "3DBall.Policy.Beta.sum": {
            "value": 0.00127896158,
            "min": 0.00127896158,
            "max": 0.00135960938,
            "count": 3
        }
    },
    "metadata": {
        "timer_format_version": "0.1.0",
        "start_time_seconds": "1765217788",
        "python_version": "3.10.11 (tags/v3.10.11:7d4cc5a, Apr  5 2023, 00:38:17) [MSC v.1929 64 bit (AMD64)]",
        "command_line_arguments": "C:\\Users\\moebn\\Documents\\University\\Project 2-1\\project_2_1_group_7\\venv\\Scripts\\mlagents-learn Config/training_config.yaml --run-id=run_batch_size66_buffer_size14500_learning_rate0.0002_beta0.0014_epsilon0.15 --time-scale=20 --env=3DBall_environment/UnityEnvironment.exe --no-graphics",
        "mlagents_version": "1.0.0",
        "mlagents_envs_version": "1.0.0",
        "communication_protocol_version": "1.5.0",
        "pytorch_version": "2.9.1+cpu",
        "numpy_version": "1.23.5",
        "end_time_seconds": "1765217816"
    },
    "total": 28.716873500001384,
    "count": 1,
    "self": 0.21959249998326413,
    "children": {
        "run_training.setup": {
            "total": 0.09000910000759177,
            "count": 1,
            "self": 0.09000910000759177
        },
        "TrainerController.start_learning": {
            "total": 28.407271900010528,
            "count": 1,
            "self": 0.05091009897296317,
            "children": {
                "TrainerController._reset_env": {
                    "total": 4.764061699999729,
                    "count": 1,
                    "self": 4.764061699999729
                },
                "TrainerController.advance": {
                    "total": 23.58594670103048,
                    "count": 5702,
                    "self": 0.0494552984891925,
                    "children": {
                        "env_step": {
                            "total": 14.174649500433588,
                            "count": 5702,
                            "self": 12.64741059881635,
                            "children": {
                                "SubprocessEnvManager._take_step": {
                                    "total": 1.4922568009933457,
                                    "count": 5702,
                                    "self": 0.1229547010443639,
                                    "children": {
                                        "TorchPolicy.evaluate": {
                                            "total": 1.3693020999489818,
                                            "count": 4179,
                                            "self": 1.3693020999489818
                                        }
                                    }
                                },
                                "workers": {
                                    "total": 0.03498210062389262,
                                    "count": 5702,
                                    "self": 0.0,
                                    "children": {
                                        "worker_root": {
                                            "total": 25.048203498648945,
                                            "count": 5702,
                                            "is_parallel": true,
                                            "self": 15.448869797954103,
                                            "children": {
                                                "steps_from_proto": {
                                                    "total": 0.0016822000034153461,
                                                    "count": 1,
                                                    "is_parallel": true,