{
    "name": "root",
    "gauges": {
        "3DBall.Policy.Entropy.mean": {
            "value": 1.3287960290908813,
            "min": 1.3287960290908813,
            "max": 1.4231802225112915,
            "count": 4
        },
        "3DBall.Policy.Entropy.sum": {
            "value": 16854.44921875,
            "min": 16854.44921875,
            "max": 20816.96875,
            "count": 4
        },
        "3DBall.Environment.EpisodeLength.mean": {
            "value": 724.4705882352941,
            "min": 25.577433628318584,
            "max": 724.4705882352941,
            "count": 4
        },
        "3DBall.Environment.EpisodeLength.sum": {
            "value": 12316.0,
            "min": 11561.0,
            "max": 12316.0,
            "count": 4
        },
        "3DBall.Step.mean": {
            "value": 47878.0,
            "min": 11973.0,
            "max": 47878.0,
            "count": 4
        },
        "3DBall.Step.sum": {
            "value": 47878.0,
            "min": 11973.0,
            "max": 47878.0,
            "count": 4
        },
        "3DBall.Policy.ExtrinsicValueEstimate.mean": {
            "value": 8.840435028076172,
            "min": 0.28136110305786133,
            "max": 8.840435028076172,
            "count": 4
        },
        "3DBall.Policy.ExtrinsicValueEstimate.sum": {
            "value": 150.2873992919922,
            "min": 126.89385223388672,
            "max": 250.7152862548828,
            "count": 4
        },
        "3DBall.Environment.CumulativeReward.mean": {
            "value": 74.37059988695033,
            "min": 1.554767117796346,
            "max": 74.37059988695033,
            "count": 4
        },
        "3DBall.Environment.CumulativeReward.sum": {
            "value": 1264.3001980781555,
            "min": 701.199970126152,
            "max": 1264.3001980781555,
            "count": 4
        },
        "3DBall.Policy.ExtrinsicReward.mean": {
            "value": 74.37059988695033,
            "min": 1.554767117796346,
            "max": 74.37059988695033,
            "count": 4
        },
        "3DBall.Policy.ExtrinsicReward.sum": {
            "value": 1264.3001980781555,
            "min": 701.199970126152,
            "max": 1264.3001980781555,
            "count": 4
        },
        "3DBall.Losses.PolicyLoss.mean": {
            "value": 0.5862794485811074,
            "min": 0.5862794485811074,
            "max": 0.8260705275978358,
            "count": 4
        },
        "3DBall.Losses.PolicyLoss.sum": {
            "value": 2.3451177943244295,
            "min": 2.3451177943244295,
            "max": 4.130352637989179,
            "count": 4
        },
        "3DBall.Losses.ValueLoss.mean": {
            "value": 0.9753377220222423,
            "min": 0.22916146961815453,
            "max": 2.1248592347950117,
            "count": 4
        },
        "3DBall.Losses.ValueLoss.sum": {
            "value": 3.9013508880889693,
            "min": 0.9166458784726181,
            "max": 8.499436939180047,
            "count": 4
        },
        "3DBall.Policy.LearningRate.mean": {
            "value": 0.00036590260852435003,
            "min": 0.00036590260852435003,
            "max": 0.0003949504012623999,
            "count": 4
        },
        "3DBall.Policy.LearningRate.sum": {
            "value": 0.0014636104340974001,
            "min": 0.0014636104340974001,
            "max": 0.001929032017742,
            "count": 4
        },
        "3DBall.Policy.Epsilon.mean": {
            "value": 0.19147564999999997,
            "min": 0.19147564999999997,
            "max": 0.19873760000000001,
            "count": 4
        },
        "3DBall.Policy.Epsilon.sum": {
            "value": 0.7659025999999999,
            "min": 0.7659025999999999,
            "max": 0.9822579999999999,
            "count": 4
        },
        "3DBall.Policy.Beta.mean": {
            "value": 0.001007084585,
            "min": 0.001007084585,
            "max": 0.0010862398399999998,
            "count": 4
        },
        "3DBall.Policy.Beta.sum": {
            "value": 0.00402833834,
            "min": 0.00402833834,
            "max": 0.0053066122,
            "count": 4
        },
        "3DBall.IsTraining.mean": {
            "value": 1.0,
            "min": 1.0,
            "max": 1.0,
            "count": 4
        },
        "3DBall.IsTraining.sum": {
            "value": 1.0,
            "min": 1.0,
            "max": 1.0,
            "count": 4
        }
    },
    "metadata": {
        "timer_format_version": "0.1.0",
        "start_time_seconds": "1764625162",
        "python_version": "3.10.11 (tags/v3.10.11:7d4cc5a, Apr  5 2023, 00:38:17) [MSC v.1929 64 bit (AMD64)]",
        "command_line_arguments": "C:\\Users\\moebn\\Documents\\University\\Project 2-1\\project_2_1_group_7\\venv\\Scripts\\mlagents-learn Config/training_config.yaml --run-id=run_batch_size1_buffer_size2500_learning_rate0.0004_beta0.0011_epsilon0.2 --time-scale=20 --env=3DBall_environment/UnityEnvironment.exe --no-graphics",
        "mlagents_version": "1.0.0",
        "mlagents_envs_version": "1.0.0",
        "communication_protocol_version": "1.5.0",
        "pytorch_version": "2.9.1+cpu",
        "numpy_version": "1.23.5",
        "end_time_seconds": "1764625441"
    },
    "total": 279.03501010000036,
    "count": 1,
    "self": 0.1977019999994809,
    "children": {
        "run_training.setup": {
            "total": 0.061523500000475906,
            "count": 1,
            "self": 0.061523500000475906
        },
        "TrainerController.start_learning": {
            "total": 278.7757846000004,
            "count": 1,
            "self": 0.04239039990170568,
            "children": {
                "TrainerController._reset_env": {
                    "total": 5.133713299999727,
                    "count": 1,
                    "self": 5.133713299999727
                },
                "TrainerController.advance": {
                    "total": 273.59340460009844,
                    "count": 5107,
                    "self": 0.04108870007985388,
                    "children": {
                        "env_step": {
                            "total": 14.34397799990802,
                            "count": 5107,
                            "self": 12.702024999896821,
                            "children": {
                                "SubprocessEnvManager._take_step": {
                                    "total": 1.6112335998623166,
                                    "count": 5107,
                                    "self": 0.1270542998536257,
                                    "children": {
                                        "TorchPolicy.evaluate": {
                                            "total": 1.484179300008691,
                                            "count": 4588,
                                            "self": 1.484179300008691
                                        }
                                    }
                                },
                                "workers": {
                                    "total": 0.030719400148882414,
                                    "count": 5107,
                                    "self": 0.0,
                                    "children": {
                                        "worker_root": {
                                            "total": 274.2069559000374,
                                            "count": 5107,
                                            "is_parallel": true,
                                            "self": 264.33996210001897,
                                            "children": {
                                                "steps_from_proto": {
                                                    "total": 0.0002944999996543629,
                                                    "count": 1,