{
    "name": "root",
    "gauges": {
        "3DBall.Policy.Entropy.mean": {
            "value": 1.3700461387634277,
            "min": 1.3700461387634277,
            "max": 1.4210914373397827,
            "count": 4
        },
        "3DBall.Policy.Entropy.sum": {
            "value": 22737.28515625,
            "min": 17274.787109375,
            "max": 22737.28515625,
            "count": 4
        },
        "3DBall.Environment.EpisodeLength.mean": {
            "value": 294.2093023255814,
            "min": 22.998003992015967,
            "max": 294.2093023255814,
            "count": 4
        },
        "3DBall.Environment.EpisodeLength.sum": {
            "value": 12651.0,
            "min": 11522.0,
            "max": 12651.0,
            "count": 4
        },
        "3DBall.Step.mean": {
            "value": 47833.0,
            "min": 11995.0,
            "max": 47833.0,
            "count": 4
        },
        "3DBall.Step.sum": {
            "value": 47833.0,
            "min": 11995.0,
            "max": 47833.0,
            "count": 4
        },
        "3DBall.Policy.ExtrinsicValueEstimate.mean": {
            "value": 4.2895379066467285,
            "min": 0.313781201839447,
            "max": 4.2895379066467285,
            "count": 4
        },
        "3DBall.Policy.ExtrinsicValueEstimate.sum": {
            "value": 184.45013427734375,
            "min": 156.89059448242188,
            "max": 254.54278564453125,
            "count": 4
        },
        "3DBall.Environment.CumulativeReward.mean": {
            "value": 27.139539275058482,
            "min": 1.2989999527931213,
            "max": 27.139539275058482,
            "count": 4
        },
        "3DBall.Environment.CumulativeReward.sum": {
            "value": 1167.0001888275146,
            "min": 649.4999763965607,
            "max": 1167.0001888275146,
            "count": 4
        },
        "3DBall.Policy.ExtrinsicReward.mean": {
            "value": 27.139539275058482,
            "min": 1.2989999527931213,
            "max": 27.139539275058482,
            "count": 4
        },
        "3DBall.Policy.ExtrinsicReward.sum": {
            "value": 1167.0001888275146,
            "min": 649.4999763965607,
            "max": 1167.0001888275146,
            "count": 4
        },
        "3DBall.Losses.PolicyLoss.mean": {
            "value": 0.11109461014645389,
            "min": 0.10610187841872254,
            "max": 0.1130996172693905,
            "count": 4
        },
        "3DBall.Losses.PolicyLoss.sum": {
            "value": 0.22218922029290777,
            "min": 0.21220375683744508,
            "max": 0.3392988518081715,
            "count": 4
        },
        "3DBall.Losses.ValueLoss.mean": {
            "value": 3.2497618227841407,
            "min": 0.3237844462703419,
            "max": 3.2497618227841407,
            "count": 4
        },
        "3DBall.Losses.ValueLoss.sum": {
            "value": 6.499523645568281,
            "min": 0.6475688925406838,
            "max": 6.499523645568281,
            "count": 4
        },
        "3DBall.Policy.LearningRate.mean": {
            "value": 0.00036642040839490004,
            "min": 0.00036642040839490004,
            "max": 0.0003940712014822,
            "count": 4
        },
        "3DBall.Policy.LearningRate.sum": {
            "value": 0.0007328408167898001,
            "min": 0.0007328408167898001,
            "max": 0.0011291016177246002,
            "count": 4
        },
        "3DBall.Policy.Epsilon.mean": {
            "value": 0.1916051,
            "min": 0.1916051,
            "max": 0.19851780000000005,
            "count": 4
        },
        "3DBall.Policy.Epsilon.sum": {
            "value": 0.3832102,
            "min": 0.3832102,
            "max": 0.5822754000000001,
            "count": 4
        },
        "3DBall.Policy.Beta.mean": {
            "value": 0.0010084955900000001,
            "min": 0.0010084955900000001,
            "max": 0.00108384402,
            "count": 4
        },
        "3DBall.Policy.Beta.sum": {
            "value": 0.0020169911800000002,
            "min": 0.0020169911800000002,
            "max": 0.00310680186,
            "count": 4
        },
        "3DBall.IsTraining.mean": {
            "value": 1.0,
            "min": 1.0,
            "max": 1.0,
            "count": 4
        },
        "3DBall.IsTraining.sum": {
            "value": 1.0,
            "min": 1.0,
            "max": 1.0,
            "count": 4
        }
    },
    "metadata": {
        "timer_format_version": "0.1.0",
        "start_time_seconds": "1765137789",
        "python_version": "3.10.11 (tags/v3.10.11:7d4cc5a, Apr  5 2023, 00:38:17) [MSC v.1929 64 bit (AMD64)]",
        "command_line_arguments": "C:\\Users\\moebn\\Documents\\University\\Project 2-1\\project_2_1_group_7\\venv\\Scripts\\mlagents-learn Config/training_config.yaml --run-id=run_batch_size53_buffer_size4900_learning_rate0.0004_beta0.0011_epsilon0.2 --time-scale=20 --env=3DBall_environment/UnityEnvironment.exe --no-graphics",
        "mlagents_version": "1.0.0",
        "mlagents_envs_version": "1.0.0",
        "communication_protocol_version": "1.5.0",
        "pytorch_version": "2.9.1+cpu",
        "numpy_version": "1.23.5",
        "end_time_seconds": "1765137819"
    },
    "total": 29.517141600023024,
    "count": 1,
    "self": 0.19894930004375055,
    "children": {
        "run_training.setup": {
            "total": 0.07432990000233985,
            "count": 1,
            "self": 0.07432990000233985
        },
        "TrainerController.start_learning": {
            "total": 29.243862399976933,
            "count": 1,
            "self": 0.046189900138415396,
            "children": {
                "TrainerController._reset_env": {
                    "total": 3.520944200019585,
                    "count": 1,
                    "self": 3.520944200019585
                },
                "TrainerController.advance": {
                    "total": 25.669662899832474,
                    "count": 5438,
                    "self": 0.0453841996495612,
                    "children": {
                        "env_step": {
                            "total": 14.776708599645644,
                            "count": 5438,
                            "self": 12.976177899283357,
                            "children": {
                                "SubprocessEnvManager._take_step": {
                                    "total": 1.7682031008298509,
                                    "count": 5438,
                                    "self": 0.13135830033570528,
                                    "children": {
                                        "TorchPolicy.evaluate": {
                                            "total": 1.6368448004941456,
                                            "count": 4630,
                                            "self": 1.6368448004941456
                                        }
                                    }
                                },
                                "workers": {
                                    "total": 0.03232759953243658,
                                    "count": 5438,
                                    "self": 0.0,
                                    "children": {
                                        "worker_root": {
                                            "total": 26.265924299805192,
                                            "count": 5438,
                                            "is_parallel": true,
                                            "self": 16.252202499716077,
                                            "children": {
                                                "steps_from_proto": {
                                                    "total": 0.00022609997540712357,
                                                    "count": 1,