{
    "name": "root",
    "gauges": {
        "3DBall.Policy.Entropy.mean": {
            "value": 1.3950650691986084,
            "min": 1.3950650691986084,
            "max": 1.4231677055358887,
            "count": 4
        },
        "3DBall.Policy.Entropy.sum": {
            "value": 21126.865234375,
            "min": 17385.416015625,
            "max": 21463.119140625,
            "count": 4
        },
        "3DBall.Environment.EpisodeLength.mean": {
            "value": 581.4090909090909,
            "min": 22.88095238095238,
            "max": 581.4090909090909,
            "count": 4
        },
        "3DBall.Environment.EpisodeLength.sum": {
            "value": 12791.0,
            "min": 11532.0,
            "max": 12791.0,
            "count": 4
        },
        "3DBall.Step.mean": {
            "value": 47842.0,
            "min": 11998.0,
            "max": 47842.0,
            "count": 4
        },
        "3DBall.Step.sum": {
            "value": 47842.0,
            "min": 11998.0,
            "max": 47842.0,
            "count": 4
        },
        "3DBall.Policy.ExtrinsicValueEstimate.mean": {
            "value": 5.202141284942627,
            "min": -0.08085215091705322,
            "max": 5.202141284942627,
            "count": 4
        },
        "3DBall.Policy.ExtrinsicValueEstimate.sum": {
            "value": 114.44711303710938,
            "min": -40.66863250732422,
            "max": 203.2523956298828,
            "count": 4
        },
        "3DBall.Environment.CumulativeReward.mean": {
            "value": 55.49091746590354,
            "min": 1.2852882206084477,
            "max": 55.49091746590354,
            "count": 4
        },
        "3DBall.Environment.CumulativeReward.sum": {
            "value": 1220.800184249878,
            "min": 646.4999749660492,
            "max": 1220.800184249878,
            "count": 4
        },
        "3DBall.Policy.ExtrinsicReward.mean": {
            "value": 55.49091746590354,
            "min": 1.2852882206084477,
            "max": 55.49091746590354,
            "count": 4
        },
        "3DBall.Policy.ExtrinsicReward.sum": {
            "value": 1220.800184249878,
            "min": 646.4999749660492,
            "max": 1220.800184249878,
            "count": 4
        },
        "3DBall.Losses.PolicyLoss.mean": {
            "value": 0.1089475309782938,
            "min": 0.10654509491565556,
            "max": 0.11612006182933354,
            "count": 4
        },
        "3DBall.Losses.PolicyLoss.sum": {
            "value": 0.2178950619565876,
            "min": 0.2132728309086393,
            "max": 0.3196352847469667,
            "count": 4
        },
        "3DBall.Losses.ValueLoss.mean": {
            "value": 2.4143738762082325,
            "min": 0.4138265427714889,
            "max": 2.6731853380007444,
            "count": 4
        },
        "3DBall.Losses.ValueLoss.sum": {
            "value": 4.828747752416465,
            "min": 0.8276530855429778,
            "max": 8.019556014002234,
            "count": 4
        },
        "3DBall.Policy.LearningRate.mean": {
            "value": 0.0001830894084553,
            "min": 0.0001830894084553,
            "max": 0.00019704780147610006,
            "count": 4
        },
        "3DBall.Policy.LearningRate.sum": {
            "value": 0.0003661788169106,
            "min": 0.0003661788169106,
            "max": 0.0005646232176884001,
            "count": 4
        },
        "3DBall.Policy.Epsilon.mean": {
            "value": 0.2830894,
            "min": 0.2830894,
            "max": 0.2970478000000001,
            "count": 4
        },
        "3DBall.Policy.Epsilon.sum": {
            "value": 0.5661788,
            "min": 0.5661788,
            "max": 0.8646231999999999,
            "count": 4
        },
        "3DBall.Policy.Beta.mean": {
            "value": 0.00128247133,
            "min": 0.00128247133,
            "max": 0.00137948221,
            "count": 4
        },
        "3DBall.Policy.Beta.sum": {
            "value": 0.00256494266,
            "min": 0.00256494266,
            "max": 0.00395413124,
            "count": 4
        },
        "3DBall.IsTraining.mean": {
            "value": 1.0,
            "min": 1.0,
            "max": 1.0,
            "count": 4
        },
        "3DBall.IsTraining.sum": {
            "value": 1.0,
            "min": 1.0,
            "max": 1.0,
            "count": 4
        }
    },
    "metadata": {
        "timer_format_version": "0.1.0",
        "start_time_seconds": "1765136540",
        "python_version": "3.10.11 (tags/v3.10.11:7d4cc5a, Apr  5 2023, 00:38:17) [MSC v.1929 64 bit (AMD64)]",
        "command_line_arguments": "C:\\Users\\moebn\\Documents\\University\\Project 2-1\\project_2_1_group_7\\venv\\Scripts\\mlagents-learn Config/training_config.yaml --run-id=run_batch_size53_buffer_size4900_learning_rate0.0002_beta0.0014_epsilon0.3 --time-scale=20 --env=3DBall_environment/UnityEnvironment.exe --no-graphics",
        "mlagents_version": "1.0.0",
        "mlagents_envs_version": "1.0.0",
        "communication_protocol_version": "1.5.0",
        "pytorch_version": "2.9.1+cpu",
        "numpy_version": "1.23.5",
        "end_time_seconds": "1765136570"
    },
    "total": 29.98093879999942,
    "count": 1,
    "self": 0.15769249998265877,
    "children": {
        "run_training.setup": {
            "total": 0.07135280000511557,
            "count": 1,
            "self": 0.07135280000511557
        },
        "TrainerController.start_learning": {
            "total": 29.751893500011647,
            "count": 1,
            "self": 0.04425450021517463,
            "children": {
                "TrainerController._reset_env": {
                    "total": 3.4277762999990955,
                    "count": 1,
                    "self": 3.4277762999990955
                },
                "TrainerController.advance": {
                    "total": 26.273511499806773,
                    "count": 5430,
                    "self": 0.047108899685554206,
                    "children": {
                        "env_step": {
                            "total": 15.08638770019752,
                            "count": 5430,
                            "self": 13.17370570084313,
                            "children": {
                                "SubprocessEnvManager._take_step": {
                                    "total": 1.880788498558104,
                                    "count": 5430,
                                    "self": 0.18626200046855956,
                                    "children": {
                                        "TorchPolicy.evaluate": {
                                            "total": 1.6945264980895445,
                                            "count": 4673,
                                            "self": 1.6945264980895445
                                        }
                                    }
                                },
                                "workers": {
                                    "total": 0.03189350079628639,
                                    "count": 5430,
                                    "self": 0.0,
                                    "children": {
                                        "worker_root": {
                                            "total": 26.841300700994907,
                                            "count": 5430,
                                            "is_parallel": true,
                                            "self": 16.63173100061249,
                                            "children": {
                                                "steps_from_proto": {
                                                    "total": 0.00025530002312734723,
                                                    "count": 1,
                                                    "is_parallel": true,