{
    "name": "root",
    "gauges": {
        "3DBall.Policy.Entropy.mean": {
            "value": 1.376679539680481,
            "min": 1.376679539680481,
            "max": 1.416391134262085,
            "count": 4
        },
        "3DBall.Policy.Entropy.sum": {
            "value": 16652.31640625,
            "min": 16652.31640625,
            "max": 17200.654296875,
            "count": 4
        },
        "3DBall.Environment.EpisodeLength.mean": {
            "value": 46.94779116465863,
            "min": 21.55639097744361,
            "max": 46.94779116465863,
            "count": 4
        },
        "3DBall.Environment.EpisodeLength.sum": {
            "value": 11690.0,
            "min": 11468.0,
            "max": 11708.0,
            "count": 4
        },
        "3DBall.Step.mean": {
            "value": 47964.0,
            "min": 11983.0,
            "max": 47964.0,
            "count": 4
        },
        "3DBall.Step.sum": {
            "value": 47964.0,
            "min": 11983.0,
            "max": 47964.0,
            "count": 4
        },
        "3DBall.Policy.ExtrinsicValueEstimate.mean": {
            "value": 1.1853076219558716,
            "min": 0.11614319682121277,
            "max": 1.1853076219558716,
            "count": 4
        },
        "3DBall.Policy.ExtrinsicValueEstimate.sum": {
            "value": 295.1416015625,
            "min": 61.67203903198242,
            "max": 295.1416015625,
            "count": 4
        },
        "3DBall.Environment.CumulativeReward.mean": {
            "value": 3.706024244607213,
            "min": 1.1566854623302452,
            "max": 3.706024244607213,
            "count": 4
        },
        "3DBall.Environment.CumulativeReward.sum": {
            "value": 922.800036907196,
            "min": 614.1999804973602,
            "max": 922.800036907196,
            "count": 4
        },
        "3DBall.Policy.ExtrinsicReward.mean": {
            "value": 3.706024244607213,
            "min": 1.1566854623302452,
            "max": 3.706024244607213,
            "count": 4
        },
        "3DBall.Policy.ExtrinsicReward.sum": {
            "value": 922.800036907196,
            "min": 614.1999804973602,
            "max": 922.800036907196,
            "count": 4
        },
        "3DBall.Losses.PolicyLoss.mean": {
            "value": 0.21394521844582348,
            "min": 0.21127261679307963,
            "max": 0.21721952495508096,
            "count": 4
        },
        "3DBall.Losses.PolicyLoss.sum": {
            "value": 0.42789043689164696,
            "min": 0.42254523358615925,
            "max": 0.6424214811163802,
            "count": 4
        },
        "3DBall.Losses.ValueLoss.mean": {
            "value": 0.8690902670119252,
            "min": 0.20326789807419499,
            "max": 0.8690902670119252,
            "count": 4
        },
        "3DBall.Losses.ValueLoss.sum": {
            "value": 1.7381805340238503,
            "min": 0.40653579614838997,
            "max": 1.7381805340238503,
            "count": 4
        },
        "3DBall.Policy.LearningRate.mean": {
            "value": 0.0003664860083785,
            "min": 0.0003664860083785,
            "max": 0.0003941008014747999,
            "count": 4
        },
        "3DBall.Policy.LearningRate.sum": {
            "value": 0.000732972016757,
            "min": 0.000732972016757,
            "max": 0.0011291448177138,
            "count": 4
        },
        "3DBall.Policy.Epsilon.mean": {
            "value": 0.09999999999999999,
            "min": 0.09999999999999999,
            "max": 0.10000000000000002,
            "count": 4
        },
        "3DBall.Policy.Epsilon.sum": {
            "value": 0.19999999999999998,
            "min": 0.19999999999999998,
            "max": 0.30000000000000004,
            "count": 4
        },
        "3DBall.Policy.Beta.mean": {
            "value": 0.0011919173500000001,
            "min": 0.0011919173500000001,
            "max": 0.0012809750799999998,
            "count": 4
        },
        "3DBall.Policy.Beta.sum": {
            "value": 0.0023838347000000003,
            "min": 0.0023838347000000003,
            "max": 0.00367149198,
            "count": 4
        },
        "3DBall.IsTraining.mean": {
            "value": 1.0,
            "min": 1.0,
            "max": 1.0,
            "count": 4
        },
        "3DBall.IsTraining.sum": {
            "value": 1.0,
            "min": 1.0,
            "max": 1.0,
            "count": 4
        }
    },
    "metadata": {
        "timer_format_version": "0.1.0",
        "start_time_seconds": "1764920836",
        "python_version": "3.10.11 (tags/v3.10.11:7d4cc5a, Apr  5 2023, 00:38:17) [MSC v.1929 64 bit (AMD64)]",
        "command_line_arguments": "C:\\Users\\moebn\\Documents\\University\\Project 2-1\\project_2_1_group_7\\venv\\Scripts\\mlagents-learn Config/training_config.yaml --run-id=run_batch_size14_buffer_size4900_learning_rate0.0004_beta0.0013_epsilon0.1 --time-scale=20 --env=3DBall_environment/UnityEnvironment.exe --no-graphics",
        "mlagents_version": "1.0.0",
        "mlagents_envs_version": "1.0.0",
        "communication_protocol_version": "1.5.0",
        "pytorch_version": "2.9.1+cpu",
        "numpy_version": "1.23.5",
        "end_time_seconds": "1764920883"
    },
    "total": 47.27115820000472,
    "count": 1,
    "self": 0.20365240001410712,
    "children": {
        "run_training.setup": {
            "total": 0.07054649999190588,
            "count": 1,
            "self": 0.07054649999190588
        },
        "TrainerController.start_learning": {
            "total": 46.99695929999871,
            "count": 1,
            "self": 0.04835800094588194,
            "children": {
                "TrainerController._reset_env": {
                    "total": 7.9815346999967005,
                    "count": 1,
                    "self": 7.9815346999967005
                },
                "TrainerController.advance": {
                    "total": 38.96046199905686,
                    "count": 5454,
                    "self": 0.0463791991060134,
                    "children": {
                        "env_step": {
                            "total": 13.91857059978065,
                            "count": 5454,
                            "self": 12.23451709949586,
                            "children": {
                                "SubprocessEnvManager._take_step": {
                                    "total": 1.6509721994079882,
                                    "count": 5454,
                                    "self": 0.12354420020710677,
                                    "children": {
                                        "TorchPolicy.evaluate": {
                                            "total": 1.5274279992008815,
                                            "count": 4217,
                                            "self": 1.5274279992008815
                                        }
                                    }
                                },
                                "workers": {
                                    "total": 0.033081300876801834,
                                    "count": 5454,
                                    "self": 0.0,
                                    "children": {
                                        "worker_root": {
                                            "total": 39.536667799940915,
                                            "count": 5454,
                                            "is_parallel": true,
                                            "self": 30.179703500281903,
                                            "children": {
                                                "steps_from_proto": {
                                                    "total": 0.0002565000031609088,
                                                    "count": 1,