{
    "name": "root",
    "gauges": {
        "3DBall.Policy.Entropy.mean": {
            "value": 1.4097514152526855,
            "min": 1.4097514152526855,
            "max": 1.4162557125091553,
            "count": 4
        },
        "3DBall.Policy.Entropy.sum": {
            "value": 17136.9375,
            "min": 16960.953125,
            "max": 17233.0,
            "count": 4
        },
        "3DBall.Environment.EpisodeLength.mean": {
            "value": 28.61576354679803,
            "min": 21.729678638941397,
            "max": 28.61576354679803,
            "count": 4
        },
        "3DBall.Environment.EpisodeLength.sum": {
            "value": 11618.0,
            "min": 11482.0,
            "max": 11618.0,
            "count": 4
        },
        "3DBall.Step.mean": {
            "value": 47984.0,
            "min": 11982.0,
            "max": 47984.0,
            "count": 4
        },
        "3DBall.Step.sum": {
            "value": 47984.0,
            "min": 11982.0,
            "max": 47984.0,
            "count": 4
        },
        "3DBall.Policy.ExtrinsicValueEstimate.mean": {
            "value": 0.4466768503189087,
            "min": 0.17190584540367126,
            "max": 0.4466768503189087,
            "count": 4
        },
        "3DBall.Policy.ExtrinsicValueEstimate.sum": {
            "value": 181.35079956054688,
            "min": 90.76628875732422,
            "max": 181.35079956054688,
            "count": 4
        },
        "3DBall.Environment.CumulativeReward.mean": {
            "value": 1.853940818697361,
            "min": 1.169318143165473,
            "max": 1.853940818697361,
            "count": 4
        },
        "3DBall.Environment.CumulativeReward.sum": {
            "value": 752.6999723911285,
            "min": 617.3999795913696,
            "max": 752.6999723911285,
            "count": 4
        },
        "3DBall.Policy.ExtrinsicReward.mean": {
            "value": 1.853940818697361,
            "min": 1.169318143165473,
            "max": 1.853940818697361,
            "count": 4
        },
        "3DBall.Policy.ExtrinsicReward.sum": {
            "value": 752.6999723911285,
            "min": 617.3999795913696,
            "max": 752.6999723911285,
            "count": 4
        },
        "3DBall.Losses.PolicyLoss.mean": {
            "value": 0.11048760022360485,
            "min": 0.1081830446398803,
            "max": 0.11799039488511665,
            "count": 4
        },
        "3DBall.Losses.PolicyLoss.sum": {
            "value": 0.2209752004472097,
            "min": 0.1081830446398803,
            "max": 0.22458339515356807,
            "count": 4
        },
        "3DBall.Losses.ValueLoss.mean": {
            "value": 0.34826882873319653,
            "min": 0.2465319526584252,
            "max": 0.34826882873319653,
            "count": 4
        },
        "3DBall.Losses.ValueLoss.sum": {
            "value": 0.6965376574663931,
            "min": 0.2465319526584252,
            "max": 0.6965376574663931,
            "count": 4
        },
        "3DBall.Policy.LearningRate.mean": {
            "value": 0.00018390820804590005,
            "min": 0.00018390820804590005,
            "max": 0.00019707120146439993,
            "count": 4
        },
        "3DBall.Policy.LearningRate.sum": {
            "value": 0.0003678164160918001,
            "min": 0.00018829360585320001,
            "max": 0.0003853688073156001,
            "count": 4
        },
        "3DBall.Policy.Epsilon.mean": {
            "value": 0.1,
            "min": 0.09999999999999999,
            "max": 0.1,
            "count": 4
        },
        "3DBall.Policy.Epsilon.sum": {
            "value": 0.2,
            "min": 0.09999999999999999,
            "max": 0.2,
            "count": 4
        },
        "3DBall.Policy.Beta.mean": {
            "value": 0.00128816199,
            "min": 0.00128816199,
            "max": 0.0013796448399999996,
            "count": 4
        },
        "3DBall.Policy.Beta.sum": {
            "value": 0.00257632398,
            "min": 0.0013186405200000001,
            "max": 0.00269831316,
            "count": 4
        },
        "3DBall.IsTraining.mean": {
            "value": 1.0,
            "min": 1.0,
            "max": 1.0,
            "count": 4
        },
        "3DBall.IsTraining.sum": {
            "value": 1.0,
            "min": 1.0,
            "max": 1.0,
            "count": 4
        }
    },
    "metadata": {
        "timer_format_version": "0.1.0",
        "start_time_seconds": "1765141146",
        "python_version": "3.10.11 (tags/v3.10.11:7d4cc5a, Apr  5 2023, 00:38:17) [MSC v.1929 64 bit (AMD64)]",
        "command_line_arguments": "C:\\Users\\moebn\\Documents\\University\\Project 2-1\\project_2_1_group_7\\venv\\Scripts\\mlagents-learn Config/training_config.yaml --run-id=run_batch_size53_buffer_size7300_learning_rate0.0002_beta0.0014_epsilon0.1 --time-scale=20 --env=3DBall_environment/UnityEnvironment.exe --no-graphics",
        "mlagents_version": "1.0.0",
        "mlagents_envs_version": "1.0.0",
        "communication_protocol_version": "1.5.0",
        "pytorch_version": "2.9.1+cpu",
        "numpy_version": "1.23.5",
        "end_time_seconds": "1765141180"
    },
    "total": 34.22744879999664,
    "count": 1,
    "self": 0.18465799995465204,
    "children": {
        "run_training.setup": {
            "total": 0.0797296000237111,
            "count": 1,
            "self": 0.0797296000237111
        },
        "TrainerController.start_learning": {
            "total": 33.963061200018274,
            "count": 1,
            "self": 0.05021799908718094,
            "children": {
                "TrainerController._reset_env": {
                    "total": 9.10540930001298,
                    "count": 1,
                    "self": 9.10540930001298
                },
                "TrainerController.advance": {
                    "total": 24.800974500918528,
                    "count": 5682,
                    "self": 0.04749590152641758,
                    "children": {
                        "env_step": {
                            "total": 14.006411399692297,
                            "count": 5682,
                            "self": 12.478017498651752,
                            "children": {
                                "SubprocessEnvManager._take_step": {
                                    "total": 1.49450410035206,
                                    "count": 5682,
                                    "self": 0.12009780053631403,
                                    "children": {
                                        "TorchPolicy.evaluate": {
                                            "total": 1.374406299815746,
                                            "count": 4182,
                                            "self": 1.374406299815746
                                        }
                                    }
                                },
                                "workers": {
                                    "total": 0.033889800688484684,
                                    "count": 5682,
                                    "self": 0.0,
                                    "children": {
                                        "worker_root": {
                                            "total": 25.398465400125133,
                                            "count": 5682,
                                            "is_parallel": true,
                                            "self": 15.886875397729455,
                                            "children": {
                                                "steps_from_proto": {
                                                    "total": 0.00022980000358074903,
                                                    "count": 1,
                                                    "is_parallel": true,