{
    "name": "root",
    "gauges": {
        "3DBall.Policy.Entropy.mean": {
            "value": 1.389978289604187,
            "min": 1.389978289604187,
            "max": 1.4169143438339233,
            "count": 4
        },
        "3DBall.Policy.Entropy.sum": {
            "value": 22551.0078125,
            "min": 17200.66796875,
            "max": 22551.0078125,
            "count": 4
        },
        "3DBall.Environment.EpisodeLength.mean": {
            "value": 362.9142857142857,
            "min": 23.695473251028808,
            "max": 362.9142857142857,
            "count": 4
        },
        "3DBall.Environment.EpisodeLength.sum": {
            "value": 12702.0,
            "min": 11516.0,
            "max": 12702.0,
            "count": 4
        },
        "3DBall.Step.mean": {
            "value": 47895.0,
            "min": 11984.0,
            "max": 47895.0,
            "count": 4
        },
        "3DBall.Step.sum": {
            "value": 47895.0,
            "min": 11984.0,
            "max": 47895.0,
            "count": 4
        },
        "3DBall.Policy.ExtrinsicValueEstimate.mean": {
            "value": 4.845037460327148,
            "min": 0.092298723757267,
            "max": 4.845037460327148,
            "count": 4
        },
        "3DBall.Policy.ExtrinsicValueEstimate.sum": {
            "value": 169.57630920410156,
            "min": 44.7648811340332,
            "max": 282.6779479980469,
            "count": 4
        },
        "3DBall.Environment.CumulativeReward.mean": {
            "value": 33.48000512463706,
            "min": 1.3709277863355027,
            "max": 33.48000512463706,
            "count": 4
        },
        "3DBall.Environment.CumulativeReward.sum": {
            "value": 1171.800179362297,
            "min": 664.8999763727188,
            "max": 1171.800179362297,
            "count": 4
        },
        "3DBall.Policy.ExtrinsicReward.mean": {
            "value": 33.48000512463706,
            "min": 1.3709277863355027,
            "max": 33.48000512463706,
            "count": 4
        },
        "3DBall.Policy.ExtrinsicReward.sum": {
            "value": 1171.800179362297,
            "min": 664.8999763727188,
            "max": 1171.800179362297,
            "count": 4
        },
        "3DBall.Losses.PolicyLoss.mean": {
            "value": 0.0840129924315617,
            "min": 0.0665035371916848,
            "max": 0.0840129924315617,
            "count": 4
        },
        "3DBall.Losses.PolicyLoss.sum": {
            "value": 2.5203897729468507,
            "min": 2.5203897729468507,
            "max": 7.02045650529908,
            "count": 4
        },
        "3DBall.Losses.ValueLoss.mean": {
            "value": 5.442931650910639,
            "min": 0.5053307861692504,
            "max": 5.442931650910639,
            "count": 4
        },
        "3DBall.Losses.ValueLoss.sum": {
            "value": 163.28794952731917,
            "min": 52.0490709754328,
            "max": 263.03914741476376,
            "count": 4
        },
        "3DBall.Policy.LearningRate.mean": {
            "value": 0.0001837947414359667,
            "min": 0.0001837947414359667,
            "max": 0.00019761452158108928,
            "count": 4
        },
        "3DBall.Policy.LearningRate.sum": {
            "value": 0.005513842243079001,
            "min": 0.005513842243079001,
            "max": 0.020354295722852196,
            "count": 4
        },
        "3DBall.Policy.Epsilon.mean": {
            "value": 0.23784605,
            "min": 0.23784605,
            "max": 0.24821089029126217,
            "count": 4
        },
        "3DBall.Policy.Epsilon.sum": {
            "value": 7.1353815,
            "min": 7.1353815,
            "max": 25.565721700000005,
            "count": 4
        },
        "3DBall.Policy.Beta.mean": {
            "value": 0.0009197839299999999,
            "min": 0.0009197839299999999,
            "max": 0.0009881918759223304,
            "count": 4
        },
        "3DBall.Policy.Beta.sum": {
            "value": 0.0275935179,
            "min": 0.0275935179,
            "max": 0.10178376322000002,
            "count": 4
        },
        "3DBall.IsTraining.mean": {
            "value": 1.0,
            "min": 1.0,
            "max": 1.0,
            "count": 4
        },
        "3DBall.IsTraining.sum": {
            "value": 1.0,
            "min": 1.0,
            "max": 1.0,
            "count": 4
        }
    },
    "metadata": {
        "timer_format_version": "0.1.0",
        "start_time_seconds": "1765173264",
        "python_version": "3.10.11 (tags/v3.10.11:7d4cc5a, Apr  5 2023, 00:38:17) [MSC v.1929 64 bit (AMD64)]",
        "command_line_arguments": "C:\\Users\\moebn\\Documents\\University\\Project 2-1\\project_2_1_group_7\\venv\\Scripts\\mlagents-learn Config/training_config.yaml --run-id=run_batch_size66_buffer_size100_learning_rate0.0002_beta0.001_epsilon0.25 --time-scale=20 --env=3DBall_environment/UnityEnvironment.exe --no-graphics",
        "mlagents_version": "1.0.0",
        "mlagents_envs_version": "1.0.0",
        "communication_protocol_version": "1.5.0",
        "pytorch_version": "2.9.1+cpu",
        "numpy_version": "1.23.5",
        "end_time_seconds": "1765173292"
    },
    "total": 28.26488140001311,
    "count": 1,
    "self": 0.19135770000866614,
    "children": {
        "run_training.setup": {
            "total": 0.07250599999679253,
            "count": 1,
            "self": 0.07250599999679253
        },
        "TrainerController.start_learning": {
            "total": 28.00101770000765,
            "count": 1,
            "self": 0.04799969925079495,
            "children": {
                "TrainerController._reset_env": {
                    "total": 3.7005540000100154,
                    "count": 1,
                    "self": 3.7005540000100154
                },
                "TrainerController.advance": {
                    "total": 24.245780100725824,
                    "count": 5460,
                    "self": 0.045887002255767584,
                    "children": {
                        "env_step": {
                            "total": 14.653775799029972,
                            "count": 5460,
                            "self": 12.924465596850496,
                            "children": {
                                "SubprocessEnvManager._take_step": {
                                    "total": 1.6963512006914243,
                                    "count": 5460,
                                    "self": 0.1350406005512923,
                                    "children": {
                                        "TorchPolicy.evaluate": {
                                            "total": 1.561310600140132,
                                            "count": 4667,
                                            "self": 1.561310600140132
                                        }
                                    }
                                },
                                "workers": {
                                    "total": 0.03295900148805231,
                                    "count": 5460,
                                    "self": 0.0,
                                    "children": {
                                        "worker_root": {
                                            "total": 24.848617200594163,
                                            "count": 5460,
                                            "is_parallel": true,
                                            "self": 14.935557900782442,
                                            "children": {
                                                "steps_from_proto": {
                                                    "total": 0.00027799999224953353,
                                                    "count": 1,
                                                    "is_parallel": true,