{
    "name": "root",
    "gauges": {
        "3DBall.Policy.Entropy.mean": {
            "value": 1.4134050607681274,
            "min": 1.4134050607681274,
            "max": 1.4189382791519165,
            "count": 4
        },
        "3DBall.Policy.Entropy.sum": {
            "value": 16960.861328125,
            "min": 16960.861328125,
            "max": 17248.61328125,
            "count": 4
        },
        "3DBall.Environment.EpisodeLength.mean": {
            "value": 27.126463700234194,
            "min": 21.727272727272727,
            "max": 27.126463700234194,
            "count": 4
        },
        "3DBall.Environment.EpisodeLength.sum": {
            "value": 11583.0,
            "min": 11472.0,
            "max": 11583.0,
            "count": 4
        },
        "3DBall.Step.mean": {
            "value": 47985.0,
            "min": 11982.0,
            "max": 47985.0,
            "count": 4
        },
        "3DBall.Step.sum": {
            "value": 47985.0,
            "min": 11982.0,
            "max": 47985.0,
            "count": 4
        },
        "3DBall.Policy.ExtrinsicValueEstimate.mean": {
            "value": 0.2874603569507599,
            "min": 0.2736849784851074,
            "max": 0.3533923327922821,
            "count": 4
        },
        "3DBall.Policy.ExtrinsicValueEstimate.sum": {
            "value": 122.74557495117188,
            "min": 122.74557495117188,
            "max": 186.23776245117188,
            "count": 4
        },
        "3DBall.Environment.CumulativeReward.mean": {
            "value": 1.7088992380705037,
            "min": 1.1736242496311324,
            "max": 1.7088992380705037,
            "count": 4
        },
        "3DBall.Environment.CumulativeReward.sum": {
            "value": 729.699974656105,
            "min": 618.4999795556068,
            "max": 729.699974656105,
            "count": 4
        },
        "3DBall.Policy.ExtrinsicReward.mean": {
            "value": 1.7088992380705037,
            "min": 1.1736242496311324,
            "max": 1.7088992380705037,
            "count": 4
        },
        "3DBall.Policy.ExtrinsicReward.sum": {
            "value": 729.699974656105,
            "min": 618.4999795556068,
            "max": 729.699974656105,
            "count": 4
        },
        "3DBall.IsTraining.mean": {
            "value": 1.0,
            "min": 1.0,
            "max": 1.0,
            "count": 4
        },
        "3DBall.IsTraining.sum": {
            "value": 1.0,
            "min": 1.0,
            "max": 1.0,
            "count": 4
        },
        "3DBall.Losses.PolicyLoss.mean": {
            "value": 0.20595367361594227,
            "min": 0.20595367361594227,
            "max": 0.21537969426224668,
            "count": 2
        },
        "3DBall.Losses.PolicyLoss.sum": {
            "value": 0.20595367361594227,
            "min": 0.20595367361594227,
            "max": 0.21537969426224668,
            "count": 2
        },
        "3DBall.Losses.ValueLoss.mean": {
            "value": 0.1995442931341916,
            "min": 0.1995442931341916,
            "max": 0.2290919628133187,
            "count": 2
        },
        "3DBall.Losses.ValueLoss.sum": {
            "value": 0.1995442931341916,
            "min": 0.1995442931341916,
            "max": 0.2290919628133187,
            "count": 2
        },
        "3DBall.Policy.LearningRate.mean": {
            "value": 0.00018647200676400003,
            "min": 0.00018647200676400003,
            "max": 0.00019323680338160007,
            "count": 2
        },
        "3DBall.Policy.LearningRate.sum": {
            "value": 0.00018647200676400003,
            "min": 0.00018647200676400003,
            "max": 0.00019323680338160007,
            "count": 2
        },
        "3DBall.Policy.Epsilon.mean": {
            "value": 0.2398539999999999,
            "min": 0.2398539999999999,
            "max": 0.2449276,
            "count": 2
        },
        "3DBall.Policy.Epsilon.sum": {
            "value": 0.2398539999999999,
            "min": 0.2398539999999999,
            "max": 0.2449276,
            "count": 2
        },
        "3DBall.Policy.Beta.mean": {
            "value": 0.0012127444,
            "min": 0.0012127444,
            "max": 0.00125637736,
            "count": 2
        },
        "3DBall.Policy.Beta.sum": {
            "value": 0.0012127444,
            "min": 0.0012127444,
            "max": 0.00125637736,
            "count": 2
        }
    },
    "metadata": {
        "timer_format_version": "0.1.0",
        "start_time_seconds": "1764960978",
        "python_version": "3.10.11 (tags/v3.10.11:7d4cc5a, Apr  5 2023, 00:38:17) [MSC v.1929 64 bit (AMD64)]",
        "command_line_arguments": "C:\\Users\\moebn\\Documents\\University\\Project 2-1\\project_2_1_group_7\\venv\\Scripts\\mlagents-learn Config/training_config.yaml --run-id=run_batch_size14_buffer_size16900_learning_rate0.0002_beta0.0013_epsilon0.25 --time-scale=20 --env=3DBall_environment/UnityEnvironment.exe --no-graphics",
        "mlagents_version": "1.0.0",
        "mlagents_envs_version": "1.0.0",
        "communication_protocol_version": "1.5.0",
        "pytorch_version": "2.9.1+cpu",
        "numpy_version": "1.23.5",
        "end_time_seconds": "1764961013"
    },
    "total": 35.56220679999751,
    "count": 1,
    "self": 0.1644363999948837,
    "children": {
        "run_training.setup": {
            "total": 0.06598920000033104,
            "count": 1,
            "self": 0.06598920000033104
        },
        "TrainerController.start_learning": {
            "total": 35.3317812000023,
            "count": 1,
            "self": 0.05113360014729551,
            "children": {
                "TrainerController._reset_env": {
                    "total": 3.3563333000020066,
                    "count": 1,
                    "self": 3.3563333000020066
                },
                "TrainerController.advance": {
                    "total": 31.91793559985308,
                    "count": 5749,
                    "self": 0.04851179955585394,
                    "children": {
                        "env_step": {
                            "total": 14.118650600299588,
                            "count": 5749,
                            "self": 12.585871000399493,
                            "children": {
                                "SubprocessEnvManager._take_step": {
                                    "total": 1.498469199927058,
                                    "count": 5749,
                                    "self": 0.12085669976295321,
                                    "children": {
                                        "TorchPolicy.evaluate": {
                                            "total": 1.3776125001641049,
                                            "count": 4180,
                                            "self": 1.3776125001641049
                                        }
                                    }
                                },
                                "workers": {
                                    "total": 0.03431039997303742,
                                    "count": 5749,
                                    "self": 0.0,
                                    "children": {
                                        "worker_root": {
                                            "total": 32.482298299855756,
                                            "count": 5749,
                                            "is_parallel": true,
                                            "self": 22.89565389983909,
                                            "children": {
                                                "steps_from_proto": {
                                                    "total": 0.0002395999981672503,
                                                    "count": 1,