{
    "name": "root",
    "gauges": {
        "3DBall.Policy.Entropy.mean": {
            "value": 1.4219586849212646,
            "min": 1.418938159942627,
            "max": 1.4236863851547241,
            "count": 4
        },
        "3DBall.Policy.Entropy.sum": {
            "value": 17114.6953125,
            "min": 17114.640625,
            "max": 17180.50390625,
            "count": 4
        },
        "3DBall.Environment.EpisodeLength.mean": {
            "value": 23.596311475409838,
            "min": 21.49063670411985,
            "max": 23.596311475409838,
            "count": 4
        },
        "3DBall.Environment.EpisodeLength.sum": {
            "value": 11515.0,
            "min": 11467.0,
            "max": 11515.0,
            "count": 4
        },
        "3DBall.Step.mean": {
            "value": 47979.0,
            "min": 11983.0,
            "max": 47979.0,
            "count": 4
        },
        "3DBall.Step.sum": {
            "value": 47979.0,
            "min": 11983.0,
            "max": 47979.0,
            "count": 4
        },
        "3DBall.Policy.ExtrinsicValueEstimate.mean": {
            "value": 0.22070671617984772,
            "min": 0.07965648174285889,
            "max": 0.22070671617984772,
            "count": 4
        },
        "3DBall.Policy.ExtrinsicValueEstimate.sum": {
            "value": 107.70487976074219,
            "min": 42.456905364990234,
            "max": 107.70487976074219,
            "count": 4
        },
        "3DBall.Environment.CumulativeReward.mean": {
            "value": 1.3569671643562005,
            "min": 1.1482176089599925,
            "max": 1.3569671643562005,
            "count": 4
        },
        "3DBall.Environment.CumulativeReward.sum": {
            "value": 662.1999762058258,
            "min": 611.999985575676,
            "max": 662.1999762058258,
            "count": 4
        },
        "3DBall.Policy.ExtrinsicReward.mean": {
            "value": 1.3569671643562005,
            "min": 1.1482176089599925,
            "max": 1.3569671643562005,
            "count": 4
        },
        "3DBall.Policy.ExtrinsicReward.sum": {
            "value": 662.1999762058258,
            "min": 611.999985575676,
            "max": 662.1999762058258,
            "count": 4
        },
        "3DBall.IsTraining.mean": {
            "value": 1.0,
            "min": 1.0,
            "max": 1.0,
            "count": 4
        },
        "3DBall.IsTraining.sum": {
            "value": 1.0,
            "min": 1.0,
            "max": 1.0,
            "count": 4
        },
        "3DBall.Losses.PolicyLoss.mean": {
            "value": 0.20910053800874445,
            "min": 0.2081412622457888,
            "max": 0.20910053800874445,
            "count": 2
        },
        "3DBall.Losses.PolicyLoss.sum": {
            "value": 0.20910053800874445,
            "min": 0.2081412622457888,
            "max": 0.20910053800874445,
            "count": 2
        },
        "3DBall.Losses.ValueLoss.mean": {
            "value": 0.17060231202725865,
            "min": 0.17060231202725865,
            "max": 0.2085094782852755,
            "count": 2
        },
        "3DBall.Losses.ValueLoss.sum": {
            "value": 0.17060231202725865,
            "min": 0.17060231202725865,
            "max": 0.2085094782852755,
            "count": 2
        },
        "3DBall.Policy.LearningRate.mean": {
            "value": 0.00018645360677320002,
            "min": 0.00018645360677320002,
            "max": 0.00019323160338420006,
            "count": 2
        },
        "3DBall.Policy.LearningRate.sum": {
            "value": 0.00018645360677320002,
            "min": 0.00018645360677320002,
            "max": 0.00019323160338420006,
            "count": 2
        },
        "3DBall.Policy.Epsilon.mean": {
            "value": 0.1,
            "min": 0.1,
            "max": 0.1,
            "count": 2
        },
        "3DBall.Policy.Epsilon.sum": {
            "value": 0.1,
            "min": 0.1,
            "max": 0.1,
            "count": 2
        },
        "3DBall.Policy.Beta.mean": {
            "value": 0.0012126257199999995,
            "min": 0.0012126257199999995,
            "max": 0.00125634382,
            "count": 2
        },
        "3DBall.Policy.Beta.sum": {
            "value": 0.0012126257199999995,
            "min": 0.0012126257199999995,
            "max": 0.00125634382,
            "count": 2
        }
    },
    "metadata": {
        "timer_format_version": "0.1.0",
        "start_time_seconds": "1764960860",
        "python_version": "3.10.11 (tags/v3.10.11:7d4cc5a, Apr  5 2023, 00:38:17) [MSC v.1929 64 bit (AMD64)]",
        "command_line_arguments": "C:\\Users\\moebn\\Documents\\University\\Project 2-1\\project_2_1_group_7\\venv\\Scripts\\mlagents-learn Config/training_config.yaml --run-id=run_batch_size14_buffer_size16900_learning_rate0.0002_beta0.0013_epsilon0.1 --time-scale=20 --env=3DBall_environment/UnityEnvironment.exe --no-graphics",
        "mlagents_version": "1.0.0",
        "mlagents_envs_version": "1.0.0",
        "communication_protocol_version": "1.5.0",
        "pytorch_version": "2.9.1+cpu",
        "numpy_version": "1.23.5",
        "end_time_seconds": "1764960896"
    },
    "total": 35.930806499996834,
    "count": 1,
    "self": 0.16616959999737446,
    "children": {
        "run_training.setup": {
            "total": 0.06499320000148145,
            "count": 1,
            "self": 0.06499320000148145
        },
        "TrainerController.start_learning": {
            "total": 35.69964369999798,
            "count": 1,
            "self": 0.05069370016281027,
            "children": {
                "TrainerController._reset_env": {
                    "total": 3.3277558000008867,
                    "count": 1,
                    "self": 3.3277558000008867
                },
                "TrainerController.advance": {
                    "total": 32.31446439983483,
                    "count": 5825,
                    "self": 0.047845799548667856,
                    "children": {
                        "env_step": {
                            "total": 14.257013100155746,
                            "count": 5825,
                            "self": 12.659292799995455,
                            "children": {
                                "SubprocessEnvManager._take_step": {
                                    "total": 1.5627172000095015,
                                    "count": 5825,
                                    "self": 0.12136119990827865,
                                    "children": {
                                        "TorchPolicy.evaluate": {
                                            "total": 1.441356000101223,
                                            "count": 4176,
                                            "self": 1.441356000101223
                                        }
                                    }
                                },
                                "workers": {
                                    "total": 0.03500310015078867,
                                    "count": 5825,
                                    "self": 0.0,
                                    "children": {
                                        "worker_root": {
                                            "total": 32.8783773000614,
                                            "count": 5825,
                                            "is_parallel": true,
                                            "self": 23.242262600095273,
                                            "children": {
                                                "steps_from_proto": {
                                                    "total": 0.00026900000011664815,
                                                    "count": 1,
                                                    "is_parallel": true,