{
    "name": "root",
    "gauges": {
        "3DBall.Policy.Entropy.mean": {
            "value": 1.3662269115447998,
            "min": 1.3662269115447998,
            "max": 1.4145292043685913,
            "count": 4
        },
        "3DBall.Policy.Entropy.sum": {
            "value": 23313.296875,
            "min": 16804.65234375,
            "max": 23313.296875,
            "count": 4
        },
        "3DBall.Environment.EpisodeLength.mean": {
            "value": 181.54545454545453,
            "min": 22.29263565891473,
            "max": 181.54545454545453,
            "count": 4
        },
        "3DBall.Environment.EpisodeLength.sum": {
            "value": 11982.0,
            "min": 11503.0,
            "max": 11982.0,
            "count": 4
        },
        "3DBall.Step.mean": {
            "value": 47993.0,
            "min": 11970.0,
            "max": 47993.0,
            "count": 4
        },
        "3DBall.Step.sum": {
            "value": 47993.0,
            "min": 11970.0,
            "max": 47993.0,
            "count": 4
        },
        "3DBall.Policy.ExtrinsicValueEstimate.mean": {
            "value": 3.511047601699829,
            "min": -0.04382934421300888,
            "max": 3.511047601699829,
            "count": 4
        },
        "3DBall.Policy.ExtrinsicValueEstimate.sum": {
            "value": 231.72914123535156,
            "min": -22.572113037109375,
            "max": 237.45462036132812,
            "count": 4
        },
        "3DBall.Environment.CumulativeReward.mean": {
            "value": 17.37879038398916,
            "min": 1.224271812716734,
            "max": 17.37879038398916,
            "count": 4
        },
        "3DBall.Environment.CumulativeReward.sum": {
            "value": 1147.0001653432846,
            "min": 630.499983549118,
            "max": 1147.0001653432846,
            "count": 4
        },
        "3DBall.Policy.ExtrinsicReward.mean": {
            "value": 17.37879038398916,
            "min": 1.224271812716734,
            "max": 17.37879038398916,
            "count": 4
        },
        "3DBall.Policy.ExtrinsicReward.sum": {
            "value": 1147.0001653432846,
            "min": 630.499983549118,
            "max": 1147.0001653432846,
            "count": 4
        },
        "3DBall.Losses.PolicyLoss.mean": {
            "value": 0.15318139935357755,
            "min": 0.14995005309023557,
            "max": 0.15825444790466742,
            "count": 4
        },
        "3DBall.Losses.PolicyLoss.sum": {
            "value": 0.3063627987071551,
            "min": 0.29990010618047114,
            "max": 0.459365693099059,
            "count": 4
        },
        "3DBall.Losses.ValueLoss.mean": {
            "value": 3.0911949485347776,
            "min": 0.2277965712400486,
            "max": 3.0911949485347776,
            "count": 4
        },
        "3DBall.Losses.ValueLoss.sum": {
            "value": 6.182389897069555,
            "min": 0.4555931424800972,
            "max": 6.182389897069555,
            "count": 4
        },
        "3DBall.Policy.LearningRate.mean": {
            "value": 0.0002748057083981,
            "min": 0.0002748057083981,
            "max": 0.0002955825014725,
            "count": 4
        },
        "3DBall.Policy.LearningRate.sum": {
            "value": 0.0005496114167962,
            "min": 0.0005496114167962,
            "max": 0.000846852017716,
            "count": 4
        },
        "3DBall.Policy.Epsilon.mean": {
            "value": 0.19160190000000005,
            "min": 0.19160190000000005,
            "max": 0.19852750000000002,
            "count": 4
        },
        "3DBall.Policy.Epsilon.sum": {
            "value": 0.3832038000000001,
            "min": 0.3832038000000001,
            "max": 0.582284,
            "count": 4
        },
        "3DBall.Policy.Beta.mean": {
            "value": 0.00091685881,
            "min": 0.00091685881,
            "max": 0.00098542225,
            "count": 4
        },
        "3DBall.Policy.Beta.sum": {
            "value": 0.00183371762,
            "min": 0.00183371762,
            "max": 0.0028246116,
            "count": 4
        },
        "3DBall.IsTraining.mean": {
            "value": 1.0,
            "min": 1.0,
            "max": 1.0,
            "count": 4
        },
        "3DBall.IsTraining.sum": {
            "value": 1.0,
            "min": 1.0,
            "max": 1.0,
            "count": 4
        }
    },
    "metadata": {
        "timer_format_version": "0.1.0",
        "start_time_seconds": "1765044461",
        "python_version": "3.10.11 (tags/v3.10.11:7d4cc5a, Apr  5 2023, 00:38:17) [MSC v.1929 64 bit (AMD64)]",
        "command_line_arguments": "C:\\Users\\moebn\\Documents\\University\\Project 2-1\\project_2_1_group_7\\venv\\Scripts\\mlagents-learn Config/training_config.yaml --run-id=run_batch_size27_buffer_size4900_learning_rate0.0003_beta0.001_epsilon0.2 --time-scale=20 --env=3DBall_environment/UnityEnvironment.exe --no-graphics",
        "mlagents_version": "1.0.0",
        "mlagents_envs_version": "1.0.0",
        "communication_protocol_version": "1.5.0",
        "pytorch_version": "2.9.1+cpu",
        "numpy_version": "1.23.5",
        "end_time_seconds": "1765044497"
    },
    "total": 35.80402010001126,
    "count": 1,
    "self": 0.16006940000806935,
    "children": {
        "run_training.setup": {
            "total": 0.06725839999853633,
            "count": 1,
            "self": 0.06725839999853633
        },
        "TrainerController.start_learning": {
            "total": 35.57669230000465,
            "count": 1,
            "self": 0.047543799853883684,
            "children": {
                "TrainerController._reset_env": {
                    "total": 3.453105399996275,
                    "count": 1,
                    "self": 3.453105399996275
                },
                "TrainerController.advance": {
                    "total": 32.0694202001614,
                    "count": 5683,
                    "self": 0.046200500408303924,
                    "children": {
                        "env_step": {
                            "total": 15.001130000207922,
                            "count": 5683,
                            "self": 13.305129700966063,
                            "children": {
                                "SubprocessEnvManager._take_step": {
                                    "total": 1.6624331991770305,
                                    "count": 5683,
                                    "self": 0.13216389931039885,
                                    "children": {
                                        "TorchPolicy.evaluate": {
                                            "total": 1.5302692998666316,
                                            "count": 4738,
                                            "self": 1.5302692998666316
                                        }
                                    }
                                },
                                "workers": {
                                    "total": 0.03356710006482899,
                                    "count": 5683,
                                    "self": 0.0,
                                    "children": {
                                        "worker_root": {
                                            "total": 32.66901459947985,
                                            "count": 5683,
                                            "is_parallel": true,
                                            "self": 22.45104640023783,
                                            "children": {
                                                "steps_from_proto": {
                                                    "total": 0.00026699999580159783,
                                                    "count": 1,
                                                    "is_parallel": true,