{
    "name": "root",
    "gauges": {
        "3DBall.Policy.Entropy.mean": {
            "value": 1.3590590953826904,
            "min": 1.3590590953826904,
            "max": 1.4191386699676514,
            "count": 4
        },
        "3DBall.Policy.Entropy.sum": {
            "value": 21445.953125,
            "min": 16791.634765625,
            "max": 21445.953125,
            "count": 4
        },
        "3DBall.Environment.EpisodeLength.mean": {
            "value": 111.25925925925925,
            "min": 21.203327171903883,
            "max": 111.25925925925925,
            "count": 4
        },
        "3DBall.Environment.EpisodeLength.sum": {
            "value": 12016.0,
            "min": 11471.0,
            "max": 12016.0,
            "count": 4
        },
        "3DBall.Step.mean": {
            "value": 47553.0,
            "min": 11996.0,
            "max": 47553.0,
            "count": 4
        },
        "3DBall.Step.sum": {
            "value": 47553.0,
            "min": 11996.0,
            "max": 47553.0,
            "count": 4
        },
        "3DBall.Policy.ExtrinsicValueEstimate.mean": {
            "value": 2.2429745197296143,
            "min": 0.10027559101581573,
            "max": 2.2429745197296143,
            "count": 4
        },
        "3DBall.Policy.ExtrinsicValueEstimate.sum": {
            "value": 242.2412567138672,
            "min": 54.14881896972656,
            "max": 242.2412567138672,
            "count": 4
        },
        "3DBall.Environment.CumulativeReward.mean": {
            "value": 9.637964349102091,
            "min": 1.1214814516129317,
            "max": 9.637964349102091,
            "count": 4
        },
        "3DBall.Environment.CumulativeReward.sum": {
            "value": 1040.9001497030258,
            "min": 605.5999838709831,
            "max": 1040.9001497030258,
            "count": 4
        },
        "3DBall.Policy.ExtrinsicReward.mean": {
            "value": 9.637964349102091,
            "min": 1.1214814516129317,
            "max": 9.637964349102091,
            "count": 4
        },
        "3DBall.Policy.ExtrinsicReward.sum": {
            "value": 1040.9001497030258,
            "min": 605.5999838709831,
            "max": 1040.9001497030258,
            "count": 4
        },
        "3DBall.Losses.PolicyLoss.mean": {
            "value": 0.10118791770410945,
            "min": 0.09253746033607821,
            "max": 0.10118791770410945,
            "count": 4
        },
        "3DBall.Losses.PolicyLoss.sum": {
            "value": 0.2023758354082189,
            "min": 0.18507492067215642,
            "max": 0.28218797276069696,
            "count": 4
        },
        "3DBall.Losses.ValueLoss.mean": {
            "value": 2.330511854818991,
            "min": 0.26630862929799537,
            "max": 2.330511854818991,
            "count": 4
        },
        "3DBall.Losses.ValueLoss.sum": {
            "value": 4.661023709637982,
            "min": 0.5326172585959907,
            "max": 4.661023709637982,
            "count": 4
        },
        "3DBall.Policy.LearningRate.mean": {
            "value": 0.000366556008361,
            "min": 0.000366556008361,
            "max": 0.00039409640147589986,
            "count": 4
        },
        "3DBall.Policy.LearningRate.sum": {
            "value": 0.000733112016722,
            "min": 0.000733112016722,
            "max": 0.0011292216176946,
            "count": 4
        },
        "3DBall.Policy.Epsilon.mean": {
            "value": 0.191639,
            "min": 0.191639,
            "max": 0.19852410000000004,
            "count": 4
        },
        "3DBall.Policy.Epsilon.sum": {
            "value": 0.383278,
            "min": 0.383278,
            "max": 0.5823054,
            "count": 4
        },
        "3DBall.Policy.Beta.mean": {
            "value": 0.0011921430999999997,
            "min": 0.0011921430999999997,
            "max": 0.0012809608900000002,
            "count": 4
        },
        "3DBall.Policy.Beta.sum": {
            "value": 0.0023842861999999994,
            "min": 0.0023842861999999994,
            "max": 0.00367173966,
            "count": 4
        },
        "3DBall.IsTraining.mean": {
            "value": 1.0,
            "min": 1.0,
            "max": 1.0,
            "count": 4
        },
        "3DBall.IsTraining.sum": {
            "value": 1.0,
            "min": 1.0,
            "max": 1.0,
            "count": 4
        }
    },
    "metadata": {
        "timer_format_version": "0.1.0",
        "start_time_seconds": "1765201286",
        "python_version": "3.10.11 (tags/v3.10.11:7d4cc5a, Apr  5 2023, 00:38:17) [MSC v.1929 64 bit (AMD64)]",
        "command_line_arguments": "C:\\Users\\moebn\\Documents\\University\\Project 2-1\\project_2_1_group_7\\venv\\Scripts\\mlagents-learn Config/training_config.yaml --run-id=run_batch_size66_buffer_size4900_learning_rate0.0004_beta0.0013_epsilon0.2 --time-scale=20 --env=3DBall_environment/UnityEnvironment.exe --no-graphics",
        "mlagents_version": "1.0.0",
        "mlagents_envs_version": "1.0.0",
        "communication_protocol_version": "1.5.0",
        "pytorch_version": "2.9.1+cpu",
        "numpy_version": "1.23.5",
        "end_time_seconds": "1765201319"
    },
    "total": 32.387006700009806,
    "count": 1,
    "self": 0.20978510001441464,
    "children": {
        "run_training.setup": {
            "total": 0.0848788000002969,
            "count": 1,
            "self": 0.0848788000002969
        },
        "TrainerController.start_learning": {
            "total": 32.092342799995095,
            "count": 1,
            "self": 0.050058500084560364,
            "children": {
                "TrainerController._reset_env": {
                    "total": 6.542584900016664,
                    "count": 1,
                    "self": 6.542584900016664
                },
                "TrainerController.advance": {
                    "total": 25.493425899912836,
                    "count": 5607,
                    "self": 0.04792589962016791,
                    "children": {
                        "env_step": {
                            "total": 14.989801199815702,
                            "count": 5607,
                            "self": 13.173587797791697,
                            "children": {
                                "SubprocessEnvManager._take_step": {
                                    "total": 1.7818401002150495,
                                    "count": 5607,
                                    "self": 0.13273930139257573,
                                    "children": {
                                        "TorchPolicy.evaluate": {
                                            "total": 1.6491007988224737,
                                            "count": 4565,
                                            "self": 1.6491007988224737
                                        }
                                    }
                                },
                                "workers": {
                                    "total": 0.03437330180895515,
                                    "count": 5607,
                                    "self": 0.0,
                                    "children": {
                                        "worker_root": {
                                            "total": 26.09823089998099,
                                            "count": 5607,
                                            "is_parallel": true,
                                            "self": 16.05017730090185,
                                            "children": {
                                                "steps_from_proto": {
                                                    "total": 0.00025969999842345715,
                                                    "count": 1,
                                                    "is_parallel": true,