{
    "name": "root",
    "gauges": {
        "3DBall.Policy.Entropy.mean": {
            "value": 1.4165079593658447,
            "min": 1.4165079593658447,
            "max": 1.4189382791519165,
            "count": 4
        },
        "3DBall.Policy.Entropy.sum": {
            "value": 17049.08984375,
            "min": 16985.591796875,
            "max": 17231.5859375,
            "count": 4
        },
        "3DBall.Environment.EpisodeLength.mean": {
            "value": 22.93013972055888,
            "min": 21.064338235294116,
            "max": 22.93013972055888,
            "count": 4
        },
        "3DBall.Environment.EpisodeLength.sum": {
            "value": 11488.0,
            "min": 11459.0,
            "max": 11488.0,
            "count": 4
        },
        "3DBall.Step.mean": {
            "value": 47989.0,
            "min": 11973.0,
            "max": 47989.0,
            "count": 4
        },
        "3DBall.Step.sum": {
            "value": 47989.0,
            "min": 11973.0,
            "max": 47989.0,
            "count": 4
        },
        "3DBall.Policy.ExtrinsicValueEstimate.mean": {
            "value": 0.197068452835083,
            "min": 0.11873573064804077,
            "max": 0.197068452835083,
            "count": 4
        },
        "3DBall.Policy.ExtrinsicValueEstimate.sum": {
            "value": 98.73129272460938,
            "min": 62.454994201660156,
            "max": 98.73129272460938,
            "count": 4
        },
        "3DBall.Environment.CumulativeReward.mean": {
            "value": 1.295608746077486,
            "min": 1.104972355932162,
            "max": 1.295608746077486,
            "count": 4
        },
        "3DBall.Environment.CumulativeReward.sum": {
            "value": 649.0999817848206,
            "min": 599.9999892711639,
            "max": 649.0999817848206,
            "count": 4
        },
        "3DBall.Policy.ExtrinsicReward.mean": {
            "value": 1.295608746077486,
            "min": 1.104972355932162,
            "max": 1.295608746077486,
            "count": 4
        },
        "3DBall.Policy.ExtrinsicReward.sum": {
            "value": 649.0999817848206,
            "min": 599.9999892711639,
            "max": 649.0999817848206,
            "count": 4
        },
        "3DBall.IsTraining.mean": {
            "value": 1.0,
            "min": 1.0,
            "max": 1.0,
            "count": 4
        },
        "3DBall.IsTraining.sum": {
            "value": 1.0,
            "min": 1.0,
            "max": 1.0,
            "count": 4
        },
        "3DBall.Losses.PolicyLoss.mean": {
            "value": 0.1113521595844182,
            "min": 0.11118570527564912,
            "max": 0.1113521595844182,
            "count": 2
        },
        "3DBall.Losses.PolicyLoss.sum": {
            "value": 0.1113521595844182,
            "min": 0.11118570527564912,
            "max": 0.1113521595844182,
            "count": 2
        },
        "3DBall.Losses.ValueLoss.mean": {
            "value": 0.21008309545997791,
            "min": 0.21008309545997791,
            "max": 0.32727340812811406,
            "count": 2
        },
        "3DBall.Losses.ValueLoss.sum": {
            "value": 0.21008309545997791,
            "min": 0.21008309545997791,
            "max": 0.32727340812811406,
            "count": 2
        },
        "3DBall.Policy.LearningRate.mean": {
            "value": 9.323240676760001e-05,
            "min": 9.323240676760001e-05,
            "max": 9.66162033838e-05,
            "count": 2
        },
        "3DBall.Policy.LearningRate.sum": {
            "value": 9.323240676760001e-05,
            "min": 9.323240676760001e-05,
            "max": 9.66162033838e-05,
            "count": 2
        },
        "3DBall.Policy.Epsilon.mean": {
            "value": 0.1,
            "min": 0.1,
            "max": 0.1,
            "count": 2
        },
        "3DBall.Policy.Epsilon.sum": {
            "value": 0.1,
            "min": 0.1,
            "max": 0.1,
            "count": 2
        },
        "3DBall.Policy.Beta.mean": {
            "value": 0.0012126979600000003,
            "min": 0.0012126979600000003,
            "max": 0.00125634898,
            "count": 2
        },
        "3DBall.Policy.Beta.sum": {
            "value": 0.0012126979600000003,
            "min": 0.0012126979600000003,
            "max": 0.00125634898,
            "count": 2
        }
    },
    "metadata": {
        "timer_format_version": "0.1.0",
        "start_time_seconds": "1765158985",
        "python_version": "3.10.11 (tags/v3.10.11:7d4cc5a, Apr  5 2023, 00:38:17) [MSC v.1929 64 bit (AMD64)]",
        "command_line_arguments": "C:\\Users\\moebn\\Documents\\University\\Project 2-1\\project_2_1_group_7\\venv\\Scripts\\mlagents-learn Config/training_config.yaml --run-id=run_batch_size53_buffer_size16900_learning_rate0.0001_beta0.0013_epsilon0.1 --time-scale=20 --env=3DBall_environment/UnityEnvironment.exe --no-graphics",
        "mlagents_version": "1.0.0",
        "mlagents_envs_version": "1.0.0",
        "communication_protocol_version": "1.5.0",
        "pytorch_version": "2.9.1+cpu",
        "numpy_version": "1.23.5",
        "end_time_seconds": "1765159012"
    },
    "total": 26.901007000007667,
    "count": 1,
    "self": 0.19621230001212098,
    "children": {
        "run_training.setup": {
            "total": 0.07234919999609701,
            "count": 1,
            "self": 0.07234919999609701
        },
        "TrainerController.start_learning": {
            "total": 26.63244549999945,
            "count": 1,
            "self": 0.05227140028728172,
            "children": {
                "TrainerController._reset_env": {
                    "total": 3.513159399997676,
                    "count": 1,
                    "self": 3.513159399997676
                },
                "TrainerController.advance": {
                    "total": 23.060337099712342,
                    "count": 5839,
                    "self": 0.04897099928348325,
                    "children": {
                        "env_step": {
                            "total": 14.52433400056907,
                            "count": 5839,
                            "self": 12.863535901618889,
                            "children": {
                                "SubprocessEnvManager._take_step": {
                                    "total": 1.6260237012174912,
                                    "count": 5839,
                                    "self": 0.12146930195740424,
                                    "children": {
                                        "TorchPolicy.evaluate": {
                                            "total": 1.504554399260087,
                                            "count": 4183,
                                            "self": 1.504554399260087
                                        }
                                    }
                                },
                                "workers": {
                                    "total": 0.03477439773268998,
                                    "count": 5839,
                                    "self": 0.0,
                                    "children": {
                                        "worker_root": {
                                            "total": 23.649090800056,
                                            "count": 5839,
                                            "is_parallel": true,
                                            "self": 13.840687500371132,
                                            "children": {
                                                "steps_from_proto": {
                                                    "total": 0.0002415000053588301,
                                                    "count": 1,
                                                    "is_parallel": true,