{
    "name": "root",
    "gauges": {
        "3DBall.Policy.Entropy.mean": {
            "value": 1.412950038909912,
            "min": 1.412950038909912,
            "max": 1.4204106330871582,
            "count": 4
        },
        "3DBall.Policy.Entropy.sum": {
            "value": 17023.22265625,
            "min": 16976.748046875,
            "max": 17270.66796875,
            "count": 4
        },
        "3DBall.Environment.EpisodeLength.mean": {
            "value": 27.45260663507109,
            "min": 21.643396226415096,
            "max": 27.45260663507109,
            "count": 4
        },
        "3DBall.Environment.EpisodeLength.sum": {
            "value": 11585.0,
            "min": 11471.0,
            "max": 11585.0,
            "count": 4
        },
        "3DBall.Step.mean": {
            "value": 47985.0,
            "min": 11982.0,
            "max": 47985.0,
            "count": 4
        },
        "3DBall.Step.sum": {
            "value": 47985.0,
            "min": 11982.0,
            "max": 47985.0,
            "count": 4
        },
        "3DBall.Policy.ExtrinsicValueEstimate.mean": {
            "value": 0.3763021230697632,
            "min": 0.12019289284944534,
            "max": 0.3763021230697632,
            "count": 4
        },
        "3DBall.Policy.ExtrinsicValueEstimate.sum": {
            "value": 158.79949951171875,
            "min": 63.58203887939453,
            "max": 158.79949951171875,
            "count": 4
        },
        "3DBall.Environment.CumulativeReward.mean": {
            "value": 1.742180019758324,
            "min": 1.1650283270161634,
            "max": 1.742180019758324,
            "count": 4
        },
        "3DBall.Environment.CumulativeReward.sum": {
            "value": 735.1999683380127,
            "min": 616.2999849915504,
            "max": 735.1999683380127,
            "count": 4
        },
        "3DBall.Policy.ExtrinsicReward.mean": {
            "value": 1.742180019758324,
            "min": 1.1650283270161634,
            "max": 1.742180019758324,
            "count": 4
        },
        "3DBall.Policy.ExtrinsicReward.sum": {
            "value": 735.1999683380127,
            "min": 616.2999849915504,
            "max": 735.1999683380127,
            "count": 4
        },
        "3DBall.Losses.PolicyLoss.mean": {
            "value": 0.1575929454104398,
            "min": 0.14987594075698696,
            "max": 0.1575929454104398,
            "count": 4
        },
        "3DBall.Losses.PolicyLoss.sum": {
            "value": 0.1575929454104398,
            "min": 0.14987594075698696,
            "max": 0.1575929454104398,
            "count": 4
        },
        "3DBall.Losses.ValueLoss.mean": {
            "value": 0.2683662025148988,
            "min": 0.20478488586636054,
            "max": 0.290296236725731,
            "count": 4
        },
        "3DBall.Losses.ValueLoss.sum": {
            "value": 0.2683662025148988,
            "min": 0.20478488586636054,
            "max": 0.290296236725731,
            "count": 4
        },
        "3DBall.Policy.LearningRate.mean": {
            "value": 0.0001844544077728,
            "min": 0.0001844544077728,
            "max": 0.00019611160194420003,
            "count": 4
        },
        "3DBall.Policy.LearningRate.sum": {
            "value": 0.0001844544077728,
            "min": 0.0001844544077728,
            "max": 0.00019611160194420003,
            "count": 4
        },
        "3DBall.Policy.Epsilon.mean": {
            "value": 0.09999999999999999,
            "min": 0.09999999999999999,
            "max": 0.09999999999999999,
            "count": 4
        },
        "3DBall.Policy.Epsilon.sum": {
            "value": 0.09999999999999999,
            "min": 0.09999999999999999,
            "max": 0.09999999999999999,
            "count": 4
        },
        "3DBall.Policy.Beta.mean": {
            "value": 0.00101527648,
            "min": 0.00101527648,
            "max": 0.0010788082199999999,
            "count": 4
        },
        "3DBall.Policy.Beta.sum": {
            "value": 0.00101527648,
            "min": 0.00101527648,
            "max": 0.0010788082199999999,
            "count": 4
        },
        "3DBall.IsTraining.mean": {
            "value": 1.0,
            "min": 1.0,
            "max": 1.0,
            "count": 4
        },
        "3DBall.IsTraining.sum": {
            "value": 1.0,
            "min": 1.0,
            "max": 1.0,
            "count": 4
        }
    },
    "metadata": {
        "timer_format_version": "0.1.0",
        "start_time_seconds": "1765053296",
        "python_version": "3.10.11 (tags/v3.10.11:7d4cc5a, Apr  5 2023, 00:38:17) [MSC v.1929 64 bit (AMD64)]",
        "command_line_arguments": "C:\\Users\\moebn\\Documents\\University\\Project 2-1\\project_2_1_group_7\\venv\\Scripts\\mlagents-learn Config/training_config.yaml --run-id=run_batch_size27_buffer_size9700_learning_rate0.0002_beta0.0011_epsilon0.1 --time-scale=20 --env=3DBall_environment/UnityEnvironment.exe --no-graphics",
        "mlagents_version": "1.0.0",
        "mlagents_envs_version": "1.0.0",
        "communication_protocol_version": "1.5.0",
        "pytorch_version": "2.9.1+cpu",
        "numpy_version": "1.23.5",
        "end_time_seconds": "1765053332"
    },
    "total": 36.21222259999195,
    "count": 1,
    "self": 0.17565819997980725,
    "children": {
        "run_training.setup": {
            "total": 0.06543820000661071,
            "count": 1,
            "self": 0.06543820000661071
        },
        "TrainerController.start_learning": {
            "total": 35.97112620000553,
            "count": 1,
            "self": 0.049547199363587424,
            "children": {
                "TrainerController._reset_env": {
                    "total": 5.415163800003938,
                    "count": 1,
                    "self": 5.415163800003938
                },
                "TrainerController.advance": {
                    "total": 30.499963700640365,
                    "count": 5683,
                    "self": 0.04702450142940506,
                    "children": {
                        "env_step": {
                            "total": 14.45014920036192,
                            "count": 5683,
                            "self": 12.926899300640798,
                            "children": {
                                "SubprocessEnvManager._take_step": {
                                    "total": 1.4888533004705096,
                                    "count": 5683,
                                    "self": 0.18410080105240922,
                                    "children": {
                                        "TorchPolicy.evaluate": {
                                            "total": 1.3047524994181003,
                                            "count": 4175,
                                            "self": 1.3047524994181003
                                        }
                                    }
                                },
                                "workers": {
                                    "total": 0.03439659925061278,
                                    "count": 5683,
                                    "self": 0.0,
                                    "children": {
                                        "worker_root": {
                                            "total": 31.070779799774755,
                                            "count": 5683,
                                            "is_parallel": true,
                                            "self": 21.18533779970312,
                                            "children": {
                                                "steps_from_proto": {
                                                    "total": 0.00028079999901819974,
                                                    "count": 1,