{
    "name": "root",
    "gauges": {
        "3DBall.Policy.Entropy.mean": {
            "value": 1.3179186582565308,
            "min": 1.3179186582565308,
            "max": 1.4121901988983154,
            "count": 4
        },
        "3DBall.Policy.Entropy.sum": {
            "value": 16400.1796875,
            "min": 16400.1796875,
            "max": 21387.86328125,
            "count": 4
        },
        "3DBall.Environment.EpisodeLength.mean": {
            "value": 881.7857142857143,
            "min": 24.360759493670887,
            "max": 881.7857142857143,
            "count": 4
        },
        "3DBall.Environment.EpisodeLength.sum": {
            "value": 12345.0,
            "min": 11547.0,
            "max": 12345.0,
            "count": 4
        },
        "3DBall.Step.mean": {
            "value": 47647.0,
            "min": 11987.0,
            "max": 47647.0,
            "count": 4
        },
        "3DBall.Step.sum": {
            "value": 47647.0,
            "min": 11987.0,
            "max": 47647.0,
            "count": 4
        },
        "3DBall.Policy.ExtrinsicValueEstimate.mean": {
            "value": 9.430397987365723,
            "min": 0.2661980986595154,
            "max": 9.430397987365723,
            "count": 4
        },
        "3DBall.Policy.ExtrinsicValueEstimate.sum": {
            "value": 132.02557373046875,
            "min": 118.49037170410156,
            "max": 250.96192932128906,
            "count": 4
        },
        "3DBall.Environment.CumulativeReward.mean": {
            "value": 88.04287093026298,
            "min": 1.4342494278075075,
            "max": 88.04287093026298,
            "count": 4
        },
        "3DBall.Environment.CumulativeReward.sum": {
            "value": 1232.6001930236816,
            "min": 678.399979352951,
            "max": 1232.6001930236816,
            "count": 4
        },
        "3DBall.Policy.ExtrinsicReward.mean": {
            "value": 88.04287093026298,
            "min": 1.4342494278075075,
            "max": 88.04287093026298,
            "count": 4
        },
        "3DBall.Policy.ExtrinsicReward.sum": {
            "value": 1232.6001930236816,
            "min": 678.399979352951,
            "max": 1232.6001930236816,
            "count": 4
        },
        "3DBall.Losses.PolicyLoss.mean": {
            "value": 0.15259652631036227,
            "min": 0.15148788339062474,
            "max": 0.15653791339408452,
            "count": 4
        },
        "3DBall.Losses.PolicyLoss.sum": {
            "value": 0.6103861052414491,
            "min": 0.605951533562499,
            "max": 0.7733009441397674,
            "count": 4
        },
        "3DBall.Losses.ValueLoss.mean": {
            "value": 0.5638890935347685,
            "min": 0.3843391350193775,
            "max": 1.8952045548019356,
            "count": 4
        },
        "3DBall.Losses.ValueLoss.sum": {
            "value": 2.255556374139074,
            "min": 1.53735654007751,
            "max": 7.702806920353844,
            "count": 4
        },
        "3DBall.Policy.LearningRate.mean": {
            "value": 0.00027476565841145,
            "min": 0.00027476565841145,
            "max": 0.00029621910126029997,
            "count": 4
        },
        "3DBall.Policy.LearningRate.sum": {
            "value": 0.0010990626336458,
            "min": 0.0010990626336458,
            "max": 0.0014470146176618,
            "count": 4
        },
        "3DBall.Policy.Epsilon.mean": {
            "value": 0.19158855000000002,
            "min": 0.19158855000000002,
            "max": 0.19873970000000002,
            "count": 4
        },
        "3DBall.Policy.Epsilon.sum": {
            "value": 0.7663542000000001,
            "min": 0.7663542000000001,
            "max": 0.9823382,
            "count": 4
        },
        "3DBall.Policy.Beta.mean": {
            "value": 0.0010999037449999998,
            "min": 0.0010999037449999998,
            "max": 0.00118500243,
            "count": 4
        },
        "3DBall.Policy.Beta.sum": {
            "value": 0.004399614979999999,
            "min": 0.004399614979999999,
            "max": 0.00578982458,
            "count": 4
        },
        "3DBall.IsTraining.mean": {
            "value": 1.0,
            "min": 1.0,
            "max": 1.0,
            "count": 4
        },
        "3DBall.IsTraining.sum": {
            "value": 1.0,
            "min": 1.0,
            "max": 1.0,
            "count": 4
        }
    },
    "metadata": {
        "timer_format_version": "0.1.0",
        "start_time_seconds": "1765040067",
        "python_version": "3.10.11 (tags/v3.10.11:7d4cc5a, Apr  5 2023, 00:38:17) [MSC v.1929 64 bit (AMD64)]",
        "command_line_arguments": "C:\\Users\\moebn\\Documents\\University\\Project 2-1\\project_2_1_group_7\\venv\\Scripts\\mlagents-learn Config/training_config.yaml --run-id=run_batch_size27_buffer_size2500_learning_rate0.0003_beta0.0012_epsilon0.2 --time-scale=20 --env=3DBall_environment/UnityEnvironment.exe --no-graphics",
        "mlagents_version": "1.0.0",
        "mlagents_envs_version": "1.0.0",
        "communication_protocol_version": "1.5.0",
        "pytorch_version": "2.9.1+cpu",
        "numpy_version": "1.23.5",
        "end_time_seconds": "1765040102"
    },
    "total": 34.90496279999206,
    "count": 1,
    "self": 0.1415320999803953,
    "children": {
        "run_training.setup": {
            "total": 0.06572850000520702,
            "count": 1,
            "self": 0.06572850000520702
        },
        "TrainerController.start_learning": {
            "total": 34.69770220000646,
            "count": 1,
            "self": 0.04368039969995152,
            "children": {
                "TrainerController._reset_env": {
                    "total": 3.355665200011572,
                    "count": 1,
                    "self": 3.355665200011572
                },
                "TrainerController.advance": {
                    "total": 31.291665400291095,
                    "count": 5258,
                    "self": 0.04351950093405321,
                    "children": {
                        "env_step": {
                            "total": 14.416603999343351,
                            "count": 5258,
                            "self": 12.752649799615028,
                            "children": {
                                "SubprocessEnvManager._take_step": {
                                    "total": 1.6330874002014752,
                                    "count": 5258,
                                    "self": 0.13020030042389408,
                                    "children": {
                                        "TorchPolicy.evaluate": {
                                            "total": 1.5028870997775812,
                                            "count": 4705,
                                            "self": 1.5028870997775812
                                        }
                                    }
                                },
                                "workers": {
                                    "total": 0.0308667995268479,
                                    "count": 5258,
                                    "self": 0.0,
                                    "children": {
                                        "worker_root": {
                                            "total": 31.813371099575306,
                                            "count": 5258,
                                            "is_parallel": true,
                                            "self": 21.881418998833396,
                                            "children": {
                                                "steps_from_proto": {
                                                    "total": 0.00027940000290982425,
                                                    "count": 1,