{
    "name": "root",
    "gauges": {
        "3DBall.Policy.Entropy.mean": {
            "value": 1.3490850925445557,
            "min": 1.3490850925445557,
            "max": 1.4189382791519165,
            "count": 8
        },
        "3DBall.Policy.Entropy.sum": {
            "value": 16189.021484375,
            "min": 16189.021484375,
            "max": 19066.16796875,
            "count": 8
        },
        "3DBall.Environment.EpisodeLength.mean": {
            "value": 999.0,
            "min": 21.6045197740113,
            "max": 999.0,
            "count": 8
        },
        "3DBall.Environment.EpisodeLength.sum": {
            "value": 11988.0,
            "min": 11472.0,
            "max": 12551.0,
            "count": 8
        },
        "3DBall.Step.mean": {
            "value": 95707.0,
            "min": 11989.0,
            "max": 95707.0,
            "count": 8
        },
        "3DBall.Step.sum": {
            "value": 95707.0,
            "min": 11989.0,
            "max": 95707.0,
            "count": 8
        },
        "3DBall.Policy.ExtrinsicValueEstimate.mean": {
            "value": 8.823302268981934,
            "min": -0.3243733048439026,
            "max": 8.823302268981934,
            "count": 8
        },
        "3DBall.Policy.ExtrinsicValueEstimate.sum": {
            "value": 105.87962341308594,
            "min": -171.9178466796875,
            "max": 135.14703369140625,
            "count": 8
        },
        "3DBall.Environment.CumulativeReward.mean": {
            "value": 100.00001525878906,
            "min": 1.1620754415134213,
            "max": 100.00001525878906,
            "count": 8
        },
        "3DBall.Environment.CumulativeReward.sum": {
            "value": 1200.0001831054688,
            "min": 615.8999840021133,
            "max": 1213.900179862976,
            "count": 8
        },
        "3DBall.Policy.ExtrinsicReward.mean": {
            "value": 100.00001525878906,
            "min": 1.1620754415134213,
            "max": 100.00001525878906,
            "count": 8
        },
        "3DBall.Policy.ExtrinsicReward.sum": {
            "value": 1200.0001831054688,
            "min": 615.8999840021133,
            "max": 1213.900179862976,
            "count": 8
        },
        "3DBall.IsTraining.mean": {
            "value": 1.0,
            "min": 1.0,
            "max": 1.0,
            "count": 8
        },
        "3DBall.IsTraining.sum": {
            "value": 1.0,
            "min": 1.0,
            "max": 1.0,
            "count": 8
        },
        "3DBall.Losses.PolicyLoss.mean": {
            "value": 0.0964632116117452,
            "min": 0.09607623778250571,
            "max": 0.10770706273366344,
            "count": 7
        },
        "3DBall.Losses.PolicyLoss.sum": {
            "value": 0.0964632116117452,
            "min": 0.09607623778250571,
            "max": 0.10770706273366344,
            "count": 7
        },
        "3DBall.Losses.ValueLoss.mean": {
            "value": 0.5016244816760516,
            "min": 0.2808075054895644,
            "max": 3.385645999469691,
            "count": 7
        },
        "3DBall.Losses.ValueLoss.sum": {
            "value": 0.5016244816760516,
            "min": 0.2808075054895644,
            "max": 3.385645999469691,
            "count": 7
        },
        "3DBall.Policy.LearningRate.mean": {
            "value": 4.2879085706999997e-05,
            "min": 4.2879085706999997e-05,
            "max": 0.00026399101200300003,
            "count": 7
        },
        "3DBall.Policy.LearningRate.sum": {
            "value": 4.2879085706999997e-05,
            "min": 4.2879085706999997e-05,
            "max": 0.00026399101200300003,
            "count": 7
        },
        "3DBall.Policy.Epsilon.mean": {
            "value": 0.19290450000000003,
            "min": 0.19290450000000003,
            "max": 0.6719805,
            "count": 7
        },
        "3DBall.Policy.Epsilon.sum": {
            "value": 0.19290450000000003,
            "min": 0.19290450000000003,
            "max": 0.6719805,
            "count": 7
        },
        "3DBall.Policy.Beta.mean": {
            "value": 0.0001515007,
            "min": 0.0001515007,
            "max": 0.0008811703,
            "count": 7
        },
        "3DBall.Policy.Beta.sum": {
            "value": 0.0001515007,
            "min": 0.0001515007,
            "max": 0.0008811703,
            "count": 7
        }
    },
    "metadata": {
        "timer_format_version": "0.1.0",
        "start_time_seconds": "1764553673",
        "python_version": "3.10.11 (main, May  7 2023, 18:05:05) [MSC v.1929 64 bit (AMD64)]",
        "command_line_arguments": "C:\\Users\\maxim\\OneDrive\\Desktop\\maastricht\\Year 2\\project_2_1\\project_2_1_group_7\\.venv\\Scripts\\mlagents-learn Hidden_Units/random_config_3.yaml --run-id=max-eps0.75-config3-2 --env=3DBall_environment/UnityEnvironment --no-graphics --force",
        "mlagents_version": "1.0.0",
        "mlagents_envs_version": "1.0.0",
        "communication_protocol_version": "1.5.0",
        "pytorch_version": "2.9.0+cpu",
        "numpy_version": "1.23.5",
        "end_time_seconds": "1764553893"
    },
    "total": 219.58526490000077,
    "count": 1,
    "self": 0.3914872999303043,
    "children": {
        "run_training.setup": {
            "total": 0.41100919991731644,
            "count": 1,
            "self": 0.41100919991731644
        },
        "TrainerController.start_learning": {
            "total": 218.78276840015315,
            "count": 1,
            "self": 0.3852187942247838,
            "children": {
                "TrainerController._reset_env": {
                    "total": 15.182471100008115,
                    "count": 1,
                    "self": 15.182471100008115
                },
                "TrainerController.advance": {
                    "total": 199.66795310587622,
                    "count": 9917,
                    "self": 0.36127289035357535,
                    "children": {
                        "env_step": {
                            "total": 97.7534384150058,
                            "count": 9917,
                            "self": 80.17701491178013,
                            "children": {
                                "SubprocessEnvManager._take_step": {
                                    "total": 17.345086806220934,
                                    "count": 9917,
                                    "self": 1.1363955209963024,
                                    "children": {
                                        "TorchPolicy.evaluate": {
                                            "total": 16.20869128522463,
                                            "count": 8848,
                                            "self": 16.20869128522463
                                        }
                                    }
                                },
                                "workers": {
                                    "total": 0.23133669700473547,
                                    "count": 9917,
                                    "self": 0.0,
                                    "children": {
                                        "worker_root": {
                                            "total": 201.58080719178542,
                                            "count": 9917,
                                            "is_parallel": true,
                                            "self": 143.7524444947485,
                                            "children": {
                                                "steps_from_proto": {
                                                    "total": 0.0008399998769164085,
                                                    "count": 1,
                                                    "is_parallel": true,
                                                    "self": 0.00036749965511262417,