{
    "name": "root",
    "gauges": {
        "3DBall.Policy.Entropy.mean": {
            "value": 1.3475240468978882,
            "min": 1.3475240468978882,
            "max": 1.4197596311569214,
            "count": 4
        },
        "3DBall.Policy.Entropy.sum": {
            "value": 21959.251953125,
            "min": 16918.46875,
            "max": 21959.251953125,
            "count": 4
        },
        "3DBall.Environment.EpisodeLength.mean": {
            "value": 111.4424778761062,
            "min": 22.322330097087377,
            "max": 111.4424778761062,
            "count": 4
        },
        "3DBall.Environment.EpisodeLength.sum": {
            "value": 12593.0,
            "min": 11496.0,
            "max": 12593.0,
            "count": 4
        },
        "3DBall.Step.mean": {
            "value": 47770.0,
            "min": 11995.0,
            "max": 47770.0,
            "count": 4
        },
        "3DBall.Step.sum": {
            "value": 47770.0,
            "min": 11995.0,
            "max": 47770.0,
            "count": 4
        },
        "3DBall.Policy.ExtrinsicValueEstimate.mean": {
            "value": 2.0617258548736572,
            "min": 0.2602754533290863,
            "max": 2.0617258548736572,
            "count": 4
        },
        "3DBall.Policy.ExtrinsicValueEstimate.sum": {
            "value": 232.9750213623047,
            "min": 133.78158569335938,
            "max": 232.9750213623047,
            "count": 4
        },
        "3DBall.Environment.CumulativeReward.mean": {
            "value": 9.355753565256574,
            "min": 1.233657546776278,
            "max": 9.355753565256574,
            "count": 4
        },
        "3DBall.Environment.CumulativeReward.sum": {
            "value": 1057.200152873993,
            "min": 634.0999790430069,
            "max": 1057.200152873993,
            "count": 4
        },
        "3DBall.Policy.ExtrinsicReward.mean": {
            "value": 9.355753565256574,
            "min": 1.233657546776278,
            "max": 9.355753565256574,
            "count": 4
        },
        "3DBall.Policy.ExtrinsicReward.sum": {
            "value": 1057.200152873993,
            "min": 634.0999790430069,
            "max": 1057.200152873993,
            "count": 4
        },
        "3DBall.Losses.PolicyLoss.mean": {
            "value": 0.8497013965010443,
            "min": 0.7233513893548096,
            "max": 0.8497013965010443,
            "count": 4
        },
        "3DBall.Losses.PolicyLoss.sum": {
            "value": 1.6994027930020885,
            "min": 0.7397948500080275,
            "max": 1.6994027930020885,
            "count": 4
        },
        "3DBall.Losses.ValueLoss.mean": {
            "value": 1.7993469685765264,
            "min": 0.23735181656418947,
            "max": 1.7993469685765264,
            "count": 4
        },
        "3DBall.Losses.ValueLoss.sum": {
            "value": 3.598693937153053,
            "min": 0.2604219493862652,
            "max": 3.598693937153053,
            "count": 4
        },
        "3DBall.Policy.LearningRate.mean": {
            "value": 9.194880805119998e-05,
            "min": 9.194880805119998e-05,
            "max": 9.85386014614e-05,
            "count": 4
        },
        "3DBall.Policy.LearningRate.sum": {
            "value": 0.00018389761610239995,
            "min": 9.415020584979997e-05,
            "max": 0.0001926906073094,
            "count": 4
        },
        "3DBall.Policy.Epsilon.mean": {
            "value": 0.2379232,
            "min": 0.2379232,
            "max": 0.24780790000000005,
            "count": 4
        },
        "3DBall.Policy.Epsilon.sum": {
            "value": 0.4758464,
            "min": 0.2412253,
            "max": 0.48903589999999986,
            "count": 4
        },
        "3DBall.Policy.Beta.mean": {
            "value": 0.0011041907199999996,
            "min": 0.0011041907199999996,
            "max": 0.0011826093399999998,
            "count": 4
        },
        "3DBall.Policy.Beta.sum": {
            "value": 0.0022083814399999993,
            "min": 0.00113038738,
            "max": 0.0023130181400000003,
            "count": 4
        },
        "3DBall.IsTraining.mean": {
            "value": 1.0,
            "min": 1.0,
            "max": 1.0,
            "count": 4
        },
        "3DBall.IsTraining.sum": {
            "value": 1.0,
            "min": 1.0,
            "max": 1.0,
            "count": 4
        }
    },
    "metadata": {
        "timer_format_version": "0.1.0",
        "start_time_seconds": "1764676541",
        "python_version": "3.10.11 (tags/v3.10.11:7d4cc5a, Apr  5 2023, 00:38:17) [MSC v.1929 64 bit (AMD64)]",
        "command_line_arguments": "C:\\Users\\moebn\\Documents\\University\\Project 2-1\\project_2_1_group_7\\venv\\Scripts\\mlagents-learn Config/training_config.yaml --run-id=run_batch_size1_buffer_size7300_learning_rate0.0001_beta0.0012_epsilon0.25 --time-scale=20 --env=3DBall_environment/UnityEnvironment.exe --no-graphics",
        "mlagents_version": "1.0.0",
        "mlagents_envs_version": "1.0.0",
        "communication_protocol_version": "1.5.0",
        "pytorch_version": "2.9.1+cpu",
        "numpy_version": "1.23.5",
        "end_time_seconds": "1764676795"
    },
    "total": 253.53231520000554,
    "count": 1,
    "self": 0.17737920000217855,
    "children": {
        "run_training.setup": {
            "total": 0.06303509999997914,
            "count": 1,
            "self": 0.06303509999997914
        },
        "TrainerController.start_learning": {
            "total": 253.29190090000338,
            "count": 1,
            "self": 0.04976569968130207,
            "children": {
                "TrainerController._reset_env": {
                    "total": 6.742861200000334,
                    "count": 1,
                    "self": 6.742861200000334
                },
                "TrainerController.advance": {
                    "total": 246.49248940031976,
                    "count": 5513,
                    "self": 0.04565820093557704,
                    "children": {
                        "env_step": {
                            "total": 14.613346899539465,
                            "count": 5513,
                            "self": 12.956079199408123,
                            "children": {
                                "SubprocessEnvManager._take_step": {
                                    "total": 1.6242938999639591,
                                    "count": 5513,
                                    "self": 0.12665109979570843,
                                    "children": {
                                        "TorchPolicy.evaluate": {
                                            "total": 1.4976428001682507,
                                            "count": 4466,
                                            "self": 1.4976428001682507
                                        }
                                    }
                                },
                                "workers": {
                                    "total": 0.03297380016738316,
                                    "count": 5513,
                                    "self": 0.0,
                                    "children": {
                                        "worker_root": {
                                            "total": 247.00861420001456,
                                            "count": 5513,
                                            "is_parallel": true,
                                            "self": 237.03654660005122,
                                            "children": {
                                                "steps_from_proto": {
                                                    "total": 0.00025260000256821513,
                                                    "count": 1,