{
    "name": "root",
    "gauges": {
        "3DBall.Policy.Entropy.mean": {
            "value": 1.4089041948318481,
            "min": 1.4089041948318481,
            "max": 1.419574499130249,
            "count": 4
        },
        "3DBall.Policy.Entropy.sum": {
            "value": 17092.826171875,
            "min": 16985.8203125,
            "max": 17256.34765625,
            "count": 4
        },
        "3DBall.Environment.EpisodeLength.mean": {
            "value": 29.318181818181817,
            "min": 21.314126394052046,
            "max": 29.318181818181817,
            "count": 4
        },
        "3DBall.Environment.EpisodeLength.sum": {
            "value": 11610.0,
            "min": 11467.0,
            "max": 11610.0,
            "count": 4
        },
        "3DBall.Step.mean": {
            "value": 47963.0,
            "min": 11984.0,
            "max": 47963.0,
            "count": 4
        },
        "3DBall.Step.sum": {
            "value": 47963.0,
            "min": 11984.0,
            "max": 47963.0,
            "count": 4
        },
        "3DBall.Policy.ExtrinsicValueEstimate.mean": {
            "value": 0.4676949381828308,
            "min": -0.07391921430826187,
            "max": 0.4676949381828308,
            "count": 4
        },
        "3DBall.Policy.ExtrinsicValueEstimate.sum": {
            "value": 185.2071990966797,
            "min": -39.694618225097656,
            "max": 185.2071990966797,
            "count": 4
        },
        "3DBall.Environment.CumulativeReward.mean": {
            "value": 1.9247474056301694,
            "min": 1.1316573295735337,
            "max": 1.9247474056301694,
            "count": 4
        },
        "3DBall.Environment.CumulativeReward.sum": {
            "value": 762.1999726295471,
            "min": 607.6999859809875,
            "max": 762.1999726295471,
            "count": 4
        },
        "3DBall.Policy.ExtrinsicReward.mean": {
            "value": 1.9247474056301694,
            "min": 1.1316573295735337,
            "max": 1.9247474056301694,
            "count": 4
        },
        "3DBall.Policy.ExtrinsicReward.sum": {
            "value": 762.1999726295471,
            "min": 607.6999859809875,
            "max": 762.1999726295471,
            "count": 4
        },
        "3DBall.Losses.PolicyLoss.mean": {
            "value": 0.09873366803830211,
            "min": 0.09321280165120795,
            "max": 0.09873366803830211,
            "count": 4
        },
        "3DBall.Losses.PolicyLoss.sum": {
            "value": 0.19746733607660422,
            "min": 0.18705910629999767,
            "max": 0.27963840495362385,
            "count": 4
        },
        "3DBall.Losses.ValueLoss.mean": {
            "value": 0.5374735540697524,
            "min": 0.31703793465554175,
            "max": 0.6011033340080364,
            "count": 4
        },
        "3DBall.Losses.ValueLoss.sum": {
            "value": 1.0749471081395048,
            "min": 0.6340758693110835,
            "max": 1.2022066680160728,
            "count": 4
        },
        "3DBall.Policy.LearningRate.mean": {
            "value": 9.164560835440001e-05,
            "min": 9.164560835440001e-05,
            "max": 9.85268014732e-05,
            "count": 4
        },
        "3DBall.Policy.LearningRate.sum": {
            "value": 0.00018329121670880002,
            "min": 0.00018329121670880002,
            "max": 0.0002823144176856,
            "count": 4
        },
        "3DBall.Policy.Epsilon.mean": {
            "value": 0.1,
            "min": 0.09999999999999999,
            "max": 0.1,
            "count": 4
        },
        "3DBall.Policy.Epsilon.sum": {
            "value": 0.2,
            "min": 0.19999999999999998,
            "max": 0.3,
            "count": 4
        },
        "3DBall.Policy.Beta.mean": {
            "value": 0.0009172914400000004,
            "min": 0.0009172914400000004,
            "max": 0.0009854153200000001,
            "count": 4
        },
        "3DBall.Policy.Beta.sum": {
            "value": 0.0018345828800000008,
            "min": 0.0018345828800000008,
            "max": 0.00282491256,
            "count": 4
        },
        "3DBall.IsTraining.mean": {
            "value": 1.0,
            "min": 1.0,
            "max": 1.0,
            "count": 4
        },
        "3DBall.IsTraining.sum": {
            "value": 1.0,
            "min": 1.0,
            "max": 1.0,
            "count": 4
        }
    },
    "metadata": {
        "timer_format_version": "0.1.0",
        "start_time_seconds": "1765198105",
        "python_version": "3.10.11 (tags/v3.10.11:7d4cc5a, Apr  5 2023, 00:38:17) [MSC v.1929 64 bit (AMD64)]",
        "command_line_arguments": "C:\\Users\\moebn\\Documents\\University\\Project 2-1\\project_2_1_group_7\\venv\\Scripts\\mlagents-learn Config/training_config.yaml --run-id=run_batch_size66_buffer_size4900_learning_rate0.0001_beta0.001_epsilon0.1 --time-scale=20 --env=3DBall_environment/UnityEnvironment.exe --no-graphics",
        "mlagents_version": "1.0.0",
        "mlagents_envs_version": "1.0.0",
        "communication_protocol_version": "1.5.0",
        "pytorch_version": "2.9.1+cpu",
        "numpy_version": "1.23.5",
        "end_time_seconds": "1765198134"
    },
    "total": 29.0398215999885,
    "count": 1,
    "self": 0.19494959997246042,
    "children": {
        "run_training.setup": {
            "total": 0.08091320001403801,
            "count": 1,
            "self": 0.08091320001403801
        },
        "TrainerController.start_learning": {
            "total": 28.763958800002,
            "count": 1,
            "self": 0.051102499914122745,
            "children": {
                "TrainerController._reset_env": {
                    "total": 3.549990700004855,
                    "count": 1,
                    "self": 3.549990700004855
                },
                "TrainerController.advance": {
                    "total": 25.156380000087665,
                    "count": 5715,
                    "self": 0.04674549784976989,
                    "children": {
                        "env_step": {
                            "total": 13.91588890159619,
                            "count": 5715,
                            "self": 12.399367302423343,
                            "children": {
                                "SubprocessEnvManager._take_step": {
                                    "total": 1.4830271003593225,
                                    "count": 5715,
                                    "self": 0.12115589922177605,
                                    "children": {
                                        "TorchPolicy.evaluate": {
                                            "total": 1.3618712011375464,
                                            "count": 4201,
                                            "self": 1.3618712011375464
                                        }
                                    }
                                },
                                "workers": {
                                    "total": 0.03349449881352484,
                                    "count": 5715,
                                    "self": 0.0,
                                    "children": {
                                        "worker_root": {
                                            "total": 25.75559510034509,
                                            "count": 5715,
                                            "is_parallel": true,
                                            "self": 16.249218999408185,
                                            "children": {
                                                "steps_from_proto": {
                                                    "total": 0.0002846999850589782,
                                                    "count": 1,
                                                    "is_parallel": true,