{
    "name": "root",
    "gauges": {
        "3DBall.Policy.Entropy.mean": {
            "value": 1.4080663919448853,
            "min": 1.4080663919448853,
            "max": 1.4189382791519165,
            "count": 4
        },
        "3DBall.Policy.Entropy.sum": {
            "value": 16930.58984375,
            "min": 16930.58984375,
            "max": 17197.53125,
            "count": 4
        },
        "3DBall.Environment.EpisodeLength.mean": {
            "value": 27.910843373493975,
            "min": 21.395522388059703,
            "max": 27.910843373493975,
            "count": 4
        },
        "3DBall.Environment.EpisodeLength.sum": {
            "value": 11583.0,
            "min": 11468.0,
            "max": 11583.0,
            "count": 4
        },
        "3DBall.Step.mean": {
            "value": 47961.0,
            "min": 11988.0,
            "max": 47961.0,
            "count": 4
        },
        "3DBall.Step.sum": {
            "value": 47961.0,
            "min": 11988.0,
            "max": 47961.0,
            "count": 4
        },
        "3DBall.Policy.ExtrinsicValueEstimate.mean": {
            "value": 0.34965479373931885,
            "min": -0.04251117259263992,
            "max": 0.34965479373931885,
            "count": 4
        },
        "3DBall.Policy.ExtrinsicValueEstimate.sum": {
            "value": 145.1067352294922,
            "min": -22.74347686767578,
            "max": 145.1067352294922,
            "count": 4
        },
        "3DBall.Environment.CumulativeReward.mean": {
            "value": 1.7824095688670514,
            "min": 1.1407476322673191,
            "max": 1.7824095688670514,
            "count": 4
        },
        "3DBall.Environment.CumulativeReward.sum": {
            "value": 739.6999710798264,
            "min": 610.2999832630157,
            "max": 739.6999710798264,
            "count": 4
        },
        "3DBall.Policy.ExtrinsicReward.mean": {
            "value": 1.7824095688670514,
            "min": 1.1407476322673191,
            "max": 1.7824095688670514,
            "count": 4
        },
        "3DBall.Policy.ExtrinsicReward.sum": {
            "value": 739.6999710798264,
            "min": 610.2999832630157,
            "max": 739.6999710798264,
            "count": 4
        },
        "3DBall.IsTraining.mean": {
            "value": 1.0,
            "min": 1.0,
            "max": 1.0,
            "count": 4
        },
        "3DBall.IsTraining.sum": {
            "value": 1.0,
            "min": 1.0,
            "max": 1.0,
            "count": 4
        },
        "3DBall.Losses.PolicyLoss.mean": {
            "value": 0.11184017385467777,
            "min": 0.110653212834233,
            "max": 0.1157170687645554,
            "count": 3
        },
        "3DBall.Losses.PolicyLoss.sum": {
            "value": 0.11184017385467777,
            "min": 0.110653212834233,
            "max": 0.1157170687645554,
            "count": 3
        },
        "3DBall.Losses.ValueLoss.mean": {
            "value": 0.26992411378836423,
            "min": 0.22564836544099084,
            "max": 0.30582151400764085,
            "count": 3
        },
        "3DBall.Losses.ValueLoss.sum": {
            "value": 0.26992411378836423,
            "min": 0.22564836544099084,
            "max": 0.30582151400764085,
            "count": 3
        },
        "3DBall.Policy.LearningRate.mean": {
            "value": 0.0001854716072642,
            "min": 0.0001854716072642,
            "max": 0.00019515800242100008,
            "count": 3
        },
        "3DBall.Policy.LearningRate.sum": {
            "value": 0.0001854716072642,
            "min": 0.0001854716072642,
            "max": 0.00019515800242100008,
            "count": 3
        },
        "3DBall.Policy.Epsilon.mean": {
            "value": 0.19273579999999998,
            "min": 0.19273579999999998,
            "max": 0.19757899999999995,
            "count": 3
        },
        "3DBall.Policy.Epsilon.sum": {
            "value": 0.19273579999999998,
            "min": 0.19273579999999998,
            "max": 0.19757899999999995,
            "count": 3
        },
        "3DBall.Policy.Beta.mean": {
            "value": 0.00111355602,
            "min": 0.00111355602,
            "max": 0.0011711901000000002,
            "count": 3
        },
        "3DBall.Policy.Beta.sum": {
            "value": 0.00111355602,
            "min": 0.00111355602,
            "max": 0.0011711901000000002,
            "count": 3
        }
    },
    "metadata": {
        "timer_format_version": "0.1.0",
        "start_time_seconds": "1765150435",
        "python_version": "3.10.11 (tags/v3.10.11:7d4cc5a, Apr  5 2023, 00:38:17) [MSC v.1929 64 bit (AMD64)]",
        "command_line_arguments": "C:\\Users\\moebn\\Documents\\University\\Project 2-1\\project_2_1_group_7\\venv\\Scripts\\mlagents-learn Config/training_config.yaml --run-id=run_batch_size53_buffer_size12100_learning_rate0.0002_beta0.0012_epsilon0.2 --time-scale=20 --env=3DBall_environment/UnityEnvironment.exe --no-graphics",
        "mlagents_version": "1.0.0",
        "mlagents_envs_version": "1.0.0",
        "communication_protocol_version": "1.5.0",
        "pytorch_version": "2.9.1+cpu",
        "numpy_version": "1.23.5",
        "end_time_seconds": "1765150467"
    },
    "total": 31.861373599997023,
    "count": 1,
    "self": 0.21160139999119565,
    "children": {
        "run_training.setup": {
            "total": 0.07578909999574535,
            "count": 1,
            "self": 0.07578909999574535
        },
        "TrainerController.start_learning": {
            "total": 31.573983100010082,
            "count": 1,
            "self": 0.04955220004194416,
            "children": {
                "TrainerController._reset_env": {
                    "total": 5.989185399987036,
                    "count": 1,
                    "self": 5.989185399987036
                },
                "TrainerController.advance": {
                    "total": 25.528940799995326,
                    "count": 5730,
                    "self": 0.047783797432202846,
                    "children": {
                        "env_step": {
                            "total": 14.277356400823919,
                            "count": 5730,
                            "self": 12.73738380058785,
                            "children": {
                                "SubprocessEnvManager._take_step": {
                                    "total": 1.5057495005312376,
                                    "count": 5730,
                                    "self": 0.19644170126412064,
                                    "children": {
                                        "TorchPolicy.evaluate": {
                                            "total": 1.309307799267117,
                                            "count": 4181,
                                            "self": 1.309307799267117
                                        }
                                    }
                                },
                                "workers": {
                                    "total": 0.03422309970483184,
                                    "count": 5730,
                                    "self": 0.0,
                                    "children": {
                                        "worker_root": {
                                            "total": 26.114909702009754,
                                            "count": 5730,
                                            "is_parallel": true,
                                            "self": 16.40283880144125,
                                            "children": {
                                                "steps_from_proto": {
                                                    "total": 0.0002660999889485538,
                                                    "count": 1,