{
    "name": "root",
    "gauges": {
        "3DBall.Policy.Entropy.mean": {
            "value": 1.399863839149475,
            "min": 1.399863839149475,
            "max": 1.4189382791519165,
            "count": 4
        },
        "3DBall.Policy.Entropy.sum": {
            "value": 16882.357421875,
            "min": 16872.923828125,
            "max": 17248.61328125,
            "count": 4
        },
        "3DBall.Environment.EpisodeLength.mean": {
            "value": 24.496815286624205,
            "min": 21.887619047619047,
            "max": 24.496815286624205,
            "count": 4
        },
        "3DBall.Environment.EpisodeLength.sum": {
            "value": 11538.0,
            "min": 11483.0,
            "max": 11538.0,
            "count": 4
        },
        "3DBall.Step.mean": {
            "value": 47986.0,
            "min": 11999.0,
            "max": 47986.0,
            "count": 4
        },
        "3DBall.Step.sum": {
            "value": 47986.0,
            "min": 11999.0,
            "max": 47986.0,
            "count": 4
        },
        "3DBall.Policy.ExtrinsicValueEstimate.mean": {
            "value": 0.23379740118980408,
            "min": 0.23379740118980408,
            "max": 0.2958047688007355,
            "count": 4
        },
        "3DBall.Policy.ExtrinsicValueEstimate.sum": {
            "value": 110.11857604980469,
            "min": 110.11857604980469,
            "max": 155.00169372558594,
            "count": 4
        },
        "3DBall.Environment.CumulativeReward.mean": {
            "value": 1.449681469589282,
            "min": 1.189885467518377,
            "max": 1.449681469589282,
            "count": 4
        },
        "3DBall.Environment.CumulativeReward.sum": {
            "value": 682.7999721765518,
            "min": 623.4999849796295,
            "max": 682.7999721765518,
            "count": 4
        },
        "3DBall.Policy.ExtrinsicReward.mean": {
            "value": 1.449681469589282,
            "min": 1.189885467518377,
            "max": 1.449681469589282,
            "count": 4
        },
        "3DBall.Policy.ExtrinsicReward.sum": {
            "value": 682.7999721765518,
            "min": 623.4999849796295,
            "max": 682.7999721765518,
            "count": 4
        },
        "3DBall.IsTraining.mean": {
            "value": 1.0,
            "min": 1.0,
            "max": 1.0,
            "count": 4
        },
        "3DBall.IsTraining.sum": {
            "value": 1.0,
            "min": 1.0,
            "max": 1.0,
            "count": 4
        },
        "3DBall.Losses.PolicyLoss.mean": {
            "value": 0.6679765901259068,
            "min": 0.6679765901259068,
            "max": 0.7596281697075679,
            "count": 3
        },
        "3DBall.Losses.PolicyLoss.sum": {
            "value": 0.6679765901259068,
            "min": 0.6679765901259068,
            "max": 0.7596281697075679,
            "count": 3
        },
        "3DBall.Losses.ValueLoss.mean": {
            "value": 0.17679537219322009,
            "min": 0.12966153994429605,
            "max": 0.17679537219322009,
            "count": 3
        },
        "3DBall.Losses.ValueLoss.sum": {
            "value": 0.17679537219322009,
            "min": 0.12966153994429605,
            "max": 0.17679537219322009,
            "count": 3
        },
        "3DBall.Policy.LearningRate.mean": {
            "value": 0.00045644400871119975,
            "min": 0.00045644400871119975,
            "max": 0.00048549100290179984,
            "count": 3
        },
        "3DBall.Policy.LearningRate.sum": {
            "value": 0.00045644400871119975,
            "min": 0.00045644400871119975,
            "max": 0.00048549100290179984,
            "count": 3
        },
        "3DBall.Policy.Epsilon.mean": {
            "value": 0.10000000000000002,
            "min": 0.10000000000000002,
            "max": 0.10000000000000002,
            "count": 3
        },
        "3DBall.Policy.Epsilon.sum": {
            "value": 0.10000000000000002,
            "min": 0.10000000000000002,
            "max": 0.10000000000000002,
            "count": 3
        },
        "3DBall.Policy.Beta.mean": {
            "value": 0.0010963367200000002,
            "min": 0.0010963367200000002,
            "max": 0.0011654685799999999,
            "count": 3
        },
        "3DBall.Policy.Beta.sum": {
            "value": 0.0010963367200000002,
            "min": 0.0010963367200000002,
            "max": 0.0011654685799999999,
            "count": 3
        }
    },
    "metadata": {
        "timer_format_version": "0.1.0",
        "start_time_seconds": "1764808788",
        "python_version": "3.10.11 (tags/v3.10.11:7d4cc5a, Apr  5 2023, 00:38:17) [MSC v.1929 64 bit (AMD64)]",
        "command_line_arguments": "C:\\Users\\moebn\\Documents\\University\\Project 2-1\\project_2_1_group_7\\venv\\Scripts\\mlagents-learn Config/training_config.yaml --run-id=run_batch_size1_buffer_size14500_learning_rate0.0005_beta0.0012_epsilon0.1 --time-scale=20 --env=3DBall_environment/UnityEnvironment.exe --no-graphics",
        "mlagents_version": "1.0.0",
        "mlagents_envs_version": "1.0.0",
        "communication_protocol_version": "1.5.0",
        "pytorch_version": "2.9.1+cpu",
        "numpy_version": "1.23.5",
        "end_time_seconds": "1764809052"
    },
    "total": 263.40756820000024,
    "count": 1,
    "self": 0.20512959999905434,
    "children": {
        "run_training.setup": {
            "total": 0.06219710000004852,
            "count": 1,
            "self": 0.06219710000004852
        },
        "TrainerController.start_learning": {
            "total": 263.14024150000114,
            "count": 1,
            "self": 0.05229080011486076,
            "children": {
                "TrainerController._reset_env": {
                    "total": 3.4421741999994993,
                    "count": 1,
                    "self": 3.4421741999994993
                },
                "TrainerController.advance": {
                    "total": 259.64020779988823,
                    "count": 5766,
                    "self": 0.0492800000065472,
                    "children": {
                        "env_step": {
                            "total": 14.379712099949757,
                            "count": 5766,
                            "self": 12.746132699867303,
                            "children": {
                                "SubprocessEnvManager._take_step": {
                                    "total": 1.598228700024265,
                                    "count": 5766,
                                    "self": 0.12531890000173007,
                                    "children": {
                                        "TorchPolicy.evaluate": {
                                            "total": 1.472909800022535,
                                            "count": 4185,
                                            "self": 1.472909800022535
                                        }
                                    }
                                },
                                "workers": {
                                    "total": 0.03535070005818852,
                                    "count": 5766,
                                    "self": 0.0,
                                    "children": {
                                        "worker_root": {
                                            "total": 260.233055100025,
                                            "count": 5766,
                                            "is_parallel": true,
                                            "self": 250.57050979999076,
                                            "children": {
                                                "steps_from_proto": {
                                                    "total": 0.0002841000004991656,