{
    "name": "root",
    "gauges": {
        "3DBall.Policy.Entropy.mean": {
            "value": 1.347631573677063,
            "min": 1.347631573677063,
            "max": 1.4027425050735474,
            "count": 4
        },
        "3DBall.Policy.Entropy.sum": {
            "value": 15443.8583984375,
            "min": 15443.8583984375,
            "max": 21811.8671875,
            "count": 4
        },
        "3DBall.Environment.EpisodeLength.mean": {
            "value": 901.3076923076923,
            "min": 25.59070796460177,
            "max": 901.3076923076923,
            "count": 4
        },
        "3DBall.Environment.EpisodeLength.sum": {
            "value": 11717.0,
            "min": 11567.0,
            "max": 12587.0,
            "count": 4
        },
        "3DBall.Step.mean": {
            "value": 47349.0,
            "min": 11971.0,
            "max": 47349.0,
            "count": 4
        },
        "3DBall.Step.sum": {
            "value": 47349.0,
            "min": 11971.0,
            "max": 47349.0,
            "count": 4
        },
        "3DBall.Policy.ExtrinsicValueEstimate.mean": {
            "value": 9.586334228515625,
            "min": 0.22108371555805206,
            "max": 9.586334228515625,
            "count": 4
        },
        "3DBall.Policy.ExtrinsicValueEstimate.sum": {
            "value": 124.62234497070312,
            "min": 99.70875549316406,
            "max": 295.67608642578125,
            "count": 4
        },
        "3DBall.Environment.CumulativeReward.mean": {
            "value": 89.97693692720853,
            "min": 1.5543236795920226,
            "max": 89.97693692720853,
            "count": 4
        },
        "3DBall.Environment.CumulativeReward.sum": {
            "value": 1169.700180053711,
            "min": 700.9999794960022,
            "max": 1169.700180053711,
            "count": 4
        },
        "3DBall.Policy.ExtrinsicReward.mean": {
            "value": 89.97693692720853,
            "min": 1.5543236795920226,
            "max": 89.97693692720853,
            "count": 4
        },
        "3DBall.Policy.ExtrinsicReward.sum": {
            "value": 1169.700180053711,
            "min": 700.9999794960022,
            "max": 1169.700180053711,
            "count": 4
        },
        "3DBall.Losses.PolicyLoss.mean": {
            "value": 0.14938033681937515,
            "min": 0.136392035778883,
            "max": 0.14938033681937515,
            "count": 4
        },
        "3DBall.Losses.PolicyLoss.sum": {
            "value": 1.9419443786518769,
            "min": 1.9419443786518769,
            "max": 14.048379685224951,
            "count": 4
        },
        "3DBall.Losses.ValueLoss.mean": {
            "value": 1.14211671518576,
            "min": 0.622084490370162,
            "max": 2.9272484384420743,
            "count": 4
        },
        "3DBall.Losses.ValueLoss.sum": {
            "value": 14.847517297414882,
            "min": 14.847517297414882,
            "max": 196.12564537561897,
            "count": 4
        },
        "3DBall.Policy.LearningRate.mean": {
            "value": 0.0001831445930430923,
            "min": 0.0001831445930430923,
            "max": 0.00019762980701033985,
            "count": 4
        },
        "3DBall.Policy.LearningRate.sum": {
            "value": 0.0023808797095602,
            "min": 0.0023808797095602,
            "max": 0.020355870122065006,
            "count": 4
        },
        "3DBall.Policy.Epsilon.mean": {
            "value": 0.14578614615384614,
            "min": 0.14578614615384614,
            "max": 0.14940745145631068,
            "count": 4
        },
        "3DBall.Policy.Epsilon.sum": {
            "value": 1.8952198999999996,
            "min": 1.8952198999999996,
            "max": 15.388967500000001,
            "count": 4
        },
        "3DBall.Policy.Beta.mean": {
            "value": 0.0010997102784615384,
            "min": 0.0010997102784615384,
            "max": 0.0011858973446601943,
            "count": 4
        },
        "3DBall.Policy.Beta.sum": {
            "value": 0.014296233619999998,
            "min": 0.014296233619999998,
            "max": 0.1221474265,
            "count": 4
        },
        "3DBall.IsTraining.mean": {
            "value": 1.0,
            "min": 1.0,
            "max": 1.0,
            "count": 4
        },
        "3DBall.IsTraining.sum": {
            "value": 1.0,
            "min": 1.0,
            "max": 1.0,
            "count": 4
        }
    },
    "metadata": {
        "timer_format_version": "0.1.0",
        "start_time_seconds": "1765034361",
        "python_version": "3.10.11 (tags/v3.10.11:7d4cc5a, Apr  5 2023, 00:38:17) [MSC v.1929 64 bit (AMD64)]",
        "command_line_arguments": "C:\\Users\\moebn\\Documents\\University\\Project 2-1\\project_2_1_group_7\\venv\\Scripts\\mlagents-learn Config/training_config.yaml --run-id=run_batch_size27_buffer_size100_learning_rate0.0002_beta0.0012_epsilon0.15 --time-scale=20 --env=3DBall_environment/UnityEnvironment.exe --no-graphics",
        "mlagents_version": "1.0.0",
        "mlagents_envs_version": "1.0.0",
        "communication_protocol_version": "1.5.0",
        "pytorch_version": "2.9.1+cpu",
        "numpy_version": "1.23.5",
        "end_time_seconds": "1765034395"
    },
    "total": 33.6202881999925,
    "count": 1,
    "self": 0.15735299998777919,
    "children": {
        "run_training.setup": {
            "total": 0.06523019999440294,
            "count": 1,
            "self": 0.06523019999440294
        },
        "TrainerController.start_learning": {
            "total": 33.39770500001032,
            "count": 1,
            "self": 0.042033600111608393,
            "children": {
                "TrainerController._reset_env": {
                    "total": 3.3398938000027556,
                    "count": 1,
                    "self": 3.3398938000027556
                },
                "TrainerController.advance": {
                    "total": 30.009437899905606,
                    "count": 5080,
                    "self": 0.040945599364931695,
                    "children": {
                        "env_step": {
                            "total": 14.055133700210718,
                            "count": 5080,
                            "self": 12.382780000261846,
                            "children": {
                                "SubprocessEnvManager._take_step": {
                                    "total": 1.6430637000594288,
                                    "count": 5080,
                                    "self": 0.12523190010688268,
                                    "children": {
                                        "TorchPolicy.evaluate": {
                                            "total": 1.5178317999525461,
                                            "count": 4578,
                                            "self": 1.5178317999525461
                                        }
                                    }
                                },
                                "workers": {
                                    "total": 0.029289999889442697,
                                    "count": 5080,
                                    "self": 0.0,
                                    "children": {
                                        "worker_root": {
                                            "total": 30.596122001297772,
                                            "count": 5080,
                                            "is_parallel": true,
                                            "self": 20.94436890160432,
                                            "children": {
                                                "steps_from_proto": {
                                                    "total": 0.00028080001357011497,
                                                    "count": 1,