{
    "name": "root",
    "gauges": {
        "3DBall.Policy.Entropy.mean": {
            "value": 1.3825961351394653,
            "min": 1.3825961351394653,
            "max": 1.418134093284607,
            "count": 4
        },
        "3DBall.Policy.Entropy.sum": {
            "value": 17122.0703125,
            "min": 16703.3203125,
            "max": 17205.0390625,
            "count": 4
        },
        "3DBall.Environment.EpisodeLength.mean": {
            "value": 53.54090909090909,
            "min": 21.71077504725898,
            "max": 53.54090909090909,
            "count": 4
        },
        "3DBall.Environment.EpisodeLength.sum": {
            "value": 11779.0,
            "min": 11485.0,
            "max": 11779.0,
            "count": 4
        },
        "3DBall.Step.mean": {
            "value": 47966.0,
            "min": 11996.0,
            "max": 47966.0,
            "count": 4
        },
        "3DBall.Step.sum": {
            "value": 47966.0,
            "min": 11996.0,
            "max": 47966.0,
            "count": 4
        },
        "3DBall.Policy.ExtrinsicValueEstimate.mean": {
            "value": 1.2618520259857178,
            "min": -0.14722371101379395,
            "max": 1.2618520259857178,
            "count": 4
        },
        "3DBall.Policy.ExtrinsicValueEstimate.sum": {
            "value": 277.6074523925781,
            "min": -77.73412322998047,
            "max": 277.6074523925781,
            "count": 4
        },
        "3DBall.Environment.CumulativeReward.mean": {
            "value": 4.350000371174379,
            "min": 1.1719696670770645,
            "max": 4.350000371174379,
            "count": 4
        },
        "3DBall.Environment.CumulativeReward.sum": {
            "value": 957.0000816583633,
            "min": 618.7999842166901,
            "max": 957.0000816583633,
            "count": 4
        },
        "3DBall.Policy.ExtrinsicReward.mean": {
            "value": 4.350000371174379,
            "min": 1.1719696670770645,
            "max": 4.350000371174379,
            "count": 4
        },
        "3DBall.Policy.ExtrinsicReward.sum": {
            "value": 957.0000816583633,
            "min": 618.7999842166901,
            "max": 957.0000816583633,
            "count": 4
        },
        "3DBall.Losses.PolicyLoss.mean": {
            "value": 0.12787359735824588,
            "min": 0.1252349611144575,
            "max": 0.1296394954996229,
            "count": 4
        },
        "3DBall.Losses.PolicyLoss.sum": {
            "value": 0.25574719471649177,
            "min": 0.1252349611144575,
            "max": 0.2592789909992458,
            "count": 4
        },
        "3DBall.Losses.ValueLoss.mean": {
            "value": 1.1166890554484867,
            "min": 0.2314516144153072,
            "max": 1.1166890554484867,
            "count": 4
        },
        "3DBall.Losses.ValueLoss.sum": {
            "value": 2.2333781108969735,
            "min": 0.285222560808663,
            "max": 2.2333781108969735,
            "count": 4
        },
        "3DBall.Policy.LearningRate.mean": {
            "value": 0.0002758635080455,
            "min": 0.0002758635080455,
            "max": 0.0002956092014636,
            "count": 4
        },
        "3DBall.Policy.LearningRate.sum": {
            "value": 0.000551727016091,
            "min": 0.00028244040585319996,
            "max": 0.0005780634073122,
            "count": 4
        },
        "3DBall.Policy.Epsilon.mean": {
            "value": 0.19195450000000003,
            "min": 0.19195450000000003,
            "max": 0.19853640000000003,
            "count": 4
        },
        "3DBall.Policy.Epsilon.sum": {
            "value": 0.38390900000000006,
            "min": 0.19414679999999995,
            "max": 0.39268780000000003,
            "count": 4
        },
        "3DBall.Policy.Beta.mean": {
            "value": 0.0009203495500000001,
            "min": 0.0009203495500000001,
            "max": 0.0009855103600000003,
            "count": 4
        },
        "3DBall.Policy.Beta.sum": {
            "value": 0.0018406991000000001,
            "min": 0.0009420533200000001,
            "max": 0.0019276092199999998,
            "count": 4
        },
        "3DBall.IsTraining.mean": {
            "value": 1.0,
            "min": 1.0,
            "max": 1.0,
            "count": 4
        },
        "3DBall.IsTraining.sum": {
            "value": 1.0,
            "min": 1.0,
            "max": 1.0,
            "count": 4
        }
    },
    "metadata": {
        "timer_format_version": "0.1.0",
        "start_time_seconds": "1765099205",
        "python_version": "3.10.11 (tags/v3.10.11:7d4cc5a, Apr  5 2023, 00:38:17) [MSC v.1929 64 bit (AMD64)]",
        "command_line_arguments": "C:\\Users\\moebn\\Documents\\University\\Project 2-1\\project_2_1_group_7\\venv\\Scripts\\mlagents-learn Config/training_config.yaml --run-id=run_batch_size40_buffer_size7300_learning_rate0.0003_beta0.001_epsilon0.2 --time-scale=20 --env=3DBall_environment/UnityEnvironment.exe --no-graphics",
        "mlagents_version": "1.0.0",
        "mlagents_envs_version": "1.0.0",
        "communication_protocol_version": "1.5.0",
        "pytorch_version": "2.9.1+cpu",
        "numpy_version": "1.23.5",
        "end_time_seconds": "1765099235"
    },
    "total": 29.312172100006137,
    "count": 1,
    "self": 0.15121060001547448,
    "children": {
        "run_training.setup": {
            "total": 0.06772150000324473,
            "count": 1,
            "self": 0.06772150000324473
        },
        "TrainerController.start_learning": {
            "total": 29.093239999987418,
            "count": 1,
            "self": 0.046250601968495175,
            "children": {
                "TrainerController._reset_env": {
                    "total": 3.4211397000181023,
                    "count": 1,
                    "self": 3.4211397000181023
                },
                "TrainerController.advance": {
                    "total": 25.619520898006158,
                    "count": 5459,
                    "self": 0.04411249651457183,
                    "children": {
                        "env_step": {
                            "total": 14.052036800101632,
                            "count": 5459,
                            "self": 12.496854198572692,
                            "children": {
                                "SubprocessEnvManager._take_step": {
                                    "total": 1.5226559007714968,
                                    "count": 5459,
                                    "self": 0.12198540128883906,
                                    "children": {
                                        "TorchPolicy.evaluate": {
                                            "total": 1.4006704994826578,
                                            "count": 4229,
                                            "self": 1.4006704994826578
                                        }
                                    }
                                },
                                "workers": {
                                    "total": 0.032526700757443905,
                                    "count": 5459,
                                    "self": 0.0,
                                    "children": {
                                        "worker_root": {
                                            "total": 26.196405600436265,
                                            "count": 5459,
                                            "is_parallel": true,
                                            "self": 16.6373747025209,
                                            "children": {
                                                "steps_from_proto": {
                                                    "total": 0.0002738000184763223,
                                                    "count": 1,