{
    "name": "root",
    "gauges": {
        "3DBall.Policy.Entropy.mean": {
            "value": 1.3060804605484009,
            "min": 1.3060804605484009,
            "max": 1.4169822931289673,
            "count": 4
        },
        "3DBall.Policy.Entropy.sum": {
            "value": 15672.96484375,
            "min": 15672.96484375,
            "max": 25418.849609375,
            "count": 4
        },
        "3DBall.Environment.EpisodeLength.mean": {
            "value": 999.0,
            "min": 25.634146341463413,
            "max": 999.0,
            "count": 4
        },
        "3DBall.Environment.EpisodeLength.sum": {
            "value": 11988.0,
            "min": 11561.0,
            "max": 12273.0,
            "count": 4
        },
        "3DBall.Step.mean": {
            "value": 47205.0,
            "min": 11974.0,
            "max": 47205.0,
            "count": 4
        },
        "3DBall.Step.sum": {
            "value": 47205.0,
            "min": 11974.0,
            "max": 47205.0,
            "count": 4
        },
        "3DBall.Policy.ExtrinsicValueEstimate.mean": {
            "value": 9.8018798828125,
            "min": 0.08619962632656097,
            "max": 9.8018798828125,
            "count": 4
        },
        "3DBall.Policy.ExtrinsicValueEstimate.sum": {
            "value": 117.62255859375,
            "min": 38.789833068847656,
            "max": 239.01060485839844,
            "count": 4
        },
        "3DBall.Environment.CumulativeReward.mean": {
            "value": 100.00001525878906,
            "min": 1.5608888362513649,
            "max": 100.00001525878906,
            "count": 4
        },
        "3DBall.Environment.CumulativeReward.sum": {
            "value": 1200.0001831054688,
            "min": 702.3999763131142,
            "max": 1200.0001831054688,
            "count": 4
        },
        "3DBall.Policy.ExtrinsicReward.mean": {
            "value": 100.00001525878906,
            "min": 1.5608888362513649,
            "max": 100.00001525878906,
            "count": 4
        },
        "3DBall.Policy.ExtrinsicReward.sum": {
            "value": 1200.0001831054688,
            "min": 702.3999763131142,
            "max": 1200.0001831054688,
            "count": 4
        },
        "3DBall.Losses.PolicyLoss.mean": {
            "value": 0.21075721658039626,
            "min": 0.20510896163679862,
            "max": 0.21136488776996204,
            "count": 4
        },
        "3DBall.Losses.PolicyLoss.sum": {
            "value": 0.843028866321585,
            "min": 0.8405200518584983,
            "max": 1.025544808183993,
            "count": 4
        },
        "3DBall.Losses.ValueLoss.mean": {
            "value": 0.019985525380856572,
            "min": 0.019985525380856572,
            "max": 1.8628383932128663,
            "count": 4
        },
        "3DBall.Losses.ValueLoss.sum": {
            "value": 0.07994210152342629,
            "min": 0.07994210152342629,
            "max": 9.314191966064332,
            "count": 4
        },
        "3DBall.Policy.LearningRate.mean": {
            "value": 0.00045729500854099997,
            "min": 0.00045729500854099997,
            "max": 0.0004936955012608999,
            "count": 4
        },
        "3DBall.Policy.LearningRate.sum": {
            "value": 0.0018291800341639999,
            "min": 0.0018291800341639999,
            "max": 0.0024110290177941996,
            "count": 4
        },
        "3DBall.Policy.Epsilon.mean": {
            "value": 0.23718850000000002,
            "min": 0.23718850000000002,
            "max": 0.24810865,
            "count": 4
        },
        "3DBall.Policy.Epsilon.sum": {
            "value": 0.9487540000000001,
            "min": 0.9487540000000001,
            "max": 1.2233087,
            "count": 4
        },
        "3DBall.Policy.Beta.mean": {
            "value": 0.0011898211,
            "min": 0.0011898211,
            "max": 0.0012837343899999999,
            "count": 4
        },
        "3DBall.Policy.Beta.sum": {
            "value": 0.0047592844,
            "min": 0.0047592844,
            "max": 0.006270454819999999,
            "count": 4
        },
        "3DBall.IsTraining.mean": {
            "value": 1.0,
            "min": 1.0,
            "max": 1.0,
            "count": 4
        },
        "3DBall.IsTraining.sum": {
            "value": 1.0,
            "min": 1.0,
            "max": 1.0,
            "count": 4
        }
    },
    "metadata": {
        "timer_format_version": "0.1.0",
        "start_time_seconds": "1764915938",
        "python_version": "3.10.11 (tags/v3.10.11:7d4cc5a, Apr  5 2023, 00:38:17) [MSC v.1929 64 bit (AMD64)]",
        "command_line_arguments": "C:\\Users\\moebn\\Documents\\University\\Project 2-1\\project_2_1_group_7\\venv\\Scripts\\mlagents-learn Config/training_config.yaml --run-id=run_batch_size14_buffer_size2500_learning_rate0.0005_beta0.0013_epsilon0.25 --time-scale=20 --env=3DBall_environment/UnityEnvironment.exe --no-graphics",
        "mlagents_version": "1.0.0",
        "mlagents_envs_version": "1.0.0",
        "communication_protocol_version": "1.5.0",
        "pytorch_version": "2.9.1+cpu",
        "numpy_version": "1.23.5",
        "end_time_seconds": "1764915980"
    },
    "total": 41.62469820000115,
    "count": 1,
    "self": 0.2172081999888178,
    "children": {
        "run_training.setup": {
            "total": 0.06977980000374373,
            "count": 1,
            "self": 0.06977980000374373
        },
        "TrainerController.start_learning": {
            "total": 41.33771020000859,
            "count": 1,
            "self": 0.04277879933943041,
            "children": {
                "TrainerController._reset_env": {
                    "total": 3.4021971999900416,
                    "count": 1,
                    "self": 3.4021971999900416
                },
                "TrainerController.advance": {
                    "total": 37.88642730067659,
                    "count": 5090,
                    "self": 0.04373710152867716,
                    "children": {
                        "env_step": {
                            "total": 14.362312799610663,
                            "count": 5090,
                            "self": 12.569747400018969,
                            "children": {
                                "SubprocessEnvManager._take_step": {
                                    "total": 1.7621764003561111,
                                    "count": 5090,
                                    "self": 0.12948570148728322,
                                    "children": {
                                        "TorchPolicy.evaluate": {
                                            "total": 1.632690698868828,
                                            "count": 4619,
                                            "self": 1.632690698868828
                                        }
                                    }
                                },
                                "workers": {
                                    "total": 0.03038899923558347,
                                    "count": 5090,
                                    "self": 0.0,
                                    "children": {
                                        "worker_root": {
                                            "total": 38.45344060071511,
                                            "count": 5090,
                                            "is_parallel": true,
                                            "self": 28.71307560094283,
                                            "children": {
                                                "steps_from_proto": {
                                                    "total": 0.00029260000155773014,
                                                    "count": 1,
                                                    "is_parallel": true,