{
    "name": "root",
    "gauges": {
        "3DBall.Policy.Entropy.mean": {
            "value": 1.3638477325439453,
            "min": 1.3638477325439453,
            "max": 1.4163631200790405,
            "count": 4
        },
        "3DBall.Policy.Entropy.sum": {
            "value": 16644.3984375,
            "min": 16644.3984375,
            "max": 17336.28515625,
            "count": 4
        },
        "3DBall.Environment.EpisodeLength.mean": {
            "value": 49.851694915254235,
            "min": 22.75889328063241,
            "max": 49.851694915254235,
            "count": 4
        },
        "3DBall.Environment.EpisodeLength.sum": {
            "value": 11765.0,
            "min": 11511.0,
            "max": 11765.0,
            "count": 4
        },
        "3DBall.Step.mean": {
            "value": 47977.0,
            "min": 11988.0,
            "max": 47977.0,
            "count": 4
        },
        "3DBall.Step.sum": {
            "value": 47977.0,
            "min": 11988.0,
            "max": 47977.0,
            "count": 4
        },
        "3DBall.Policy.ExtrinsicValueEstimate.mean": {
            "value": 1.178823709487915,
            "min": 0.2714082896709442,
            "max": 1.178823709487915,
            "count": 4
        },
        "3DBall.Policy.ExtrinsicValueEstimate.sum": {
            "value": 278.202392578125,
            "min": 126.74767303466797,
            "max": 278.202392578125,
            "count": 4
        },
        "3DBall.Environment.CumulativeReward.mean": {
            "value": 4.001271449408288,
            "min": 1.2738613456782728,
            "max": 4.001271449408288,
            "count": 4
        },
        "3DBall.Environment.CumulativeReward.sum": {
            "value": 944.3000620603561,
            "min": 643.2999795675278,
            "max": 944.3000620603561,
            "count": 4
        },
        "3DBall.Policy.ExtrinsicReward.mean": {
            "value": 4.001271449408288,
            "min": 1.2738613456782728,
            "max": 4.001271449408288,
            "count": 4
        },
        "3DBall.Policy.ExtrinsicReward.sum": {
            "value": 944.3000620603561,
            "min": 643.2999795675278,
            "max": 944.3000620603561,
            "count": 4
        },
        "3DBall.Losses.PolicyLoss.mean": {
            "value": 0.15041082666825023,
            "min": 0.15041082666825023,
            "max": 0.16173672045602772,
            "count": 4
        },
        "3DBall.Losses.PolicyLoss.sum": {
            "value": 0.30082165333650046,
            "min": 0.15468481936108286,
            "max": 0.31231555810358436,
            "count": 4
        },
        "3DBall.Losses.ValueLoss.mean": {
            "value": 0.9301224749490983,
            "min": 0.22702187677086505,
            "max": 0.9301224749490983,
            "count": 4
        },
        "3DBall.Losses.ValueLoss.sum": {
            "value": 1.8602449498981966,
            "min": 0.29443986991564725,
            "max": 1.8602449498981966,
            "count": 4
        },
        "3DBall.Policy.LearningRate.mean": {
            "value": 0.00045975250804949994,
            "min": 0.00045975250804949994,
            "max": 0.0004926740014651999,
            "count": 4
        },
        "3DBall.Policy.LearningRate.sum": {
            "value": 0.0009195050160989999,
            "min": 0.00047075200584959995,
            "max": 0.0009634140073171999,
            "count": 4
        },
        "3DBall.Policy.Epsilon.mean": {
            "value": 0.14597525,
            "min": 0.14597525,
            "max": 0.14926740000000002,
            "count": 4
        },
        "3DBall.Policy.Epsilon.sum": {
            "value": 0.2919505,
            "min": 0.1470752,
            "max": 0.29634139999999987,
            "count": 4
        },
        "3DBall.Policy.Beta.mean": {
            "value": 0.00110421095,
            "min": 0.00110421095,
            "max": 0.00118256412,
            "count": 4
        },
        "3DBall.Policy.Beta.sum": {
            "value": 0.0022084219,
            "min": 0.0011303897599999994,
            "max": 0.00231292532,
            "count": 4
        },
        "3DBall.IsTraining.mean": {
            "value": 1.0,
            "min": 1.0,
            "max": 1.0,
            "count": 4
        },
        "3DBall.IsTraining.sum": {
            "value": 1.0,
            "min": 1.0,
            "max": 1.0,
            "count": 4
        }
    },
    "metadata": {
        "timer_format_version": "0.1.0",
        "start_time_seconds": "1765051441",
        "python_version": "3.10.11 (tags/v3.10.11:7d4cc5a, Apr  5 2023, 00:38:17) [MSC v.1929 64 bit (AMD64)]",
        "command_line_arguments": "C:\\Users\\moebn\\Documents\\University\\Project 2-1\\project_2_1_group_7\\venv\\Scripts\\mlagents-learn Config/training_config.yaml --run-id=run_batch_size27_buffer_size7300_learning_rate0.0005_beta0.0012_epsilon0.15 --time-scale=20 --env=3DBall_environment/UnityEnvironment.exe --no-graphics",
        "mlagents_version": "1.0.0",
        "mlagents_envs_version": "1.0.0",
        "communication_protocol_version": "1.5.0",
        "pytorch_version": "2.9.1+cpu",
        "numpy_version": "1.23.5",
        "end_time_seconds": "1765051475"
    },
    "total": 33.56128960000933,
    "count": 1,
    "self": 0.17400260001886636,
    "children": {
        "run_training.setup": {
            "total": 0.06592969999474008,
            "count": 1,
            "self": 0.06592969999474008
        },
        "TrainerController.start_learning": {
            "total": 33.321357299995725,
            "count": 1,
            "self": 0.04586149963142816,
            "children": {
                "TrainerController._reset_env": {
                    "total": 4.5449702000041725,
                    "count": 1,
                    "self": 4.5449702000041725
                },
                "TrainerController.advance": {
                    "total": 28.72421010036487,
                    "count": 5430,
                    "self": 0.04465969995362684,
                    "children": {
                        "env_step": {
                            "total": 14.194824700098252,
                            "count": 5430,
                            "self": 12.625829500961117,
                            "children": {
                                "SubprocessEnvManager._take_step": {
                                    "total": 1.5366110998438671,
                                    "count": 5430,
                                    "self": 0.12081910007691476,
                                    "children": {
                                        "TorchPolicy.evaluate": {
                                            "total": 1.4157919997669524,
                                            "count": 4197,
                                            "self": 1.4157919997669524
                                        }
                                    }
                                },
                                "workers": {
                                    "total": 0.032384099293267354,
                                    "count": 5430,
                                    "self": 0.0,
                                    "children": {
                                        "worker_root": {
                                            "total": 29.293896700124606,
                                            "count": 5430,
                                            "is_parallel": true,
                                            "self": 19.597328200252377,
                                            "children": {
                                                "steps_from_proto": {
                                                    "total": 0.0002762000076472759,
                                                    "count": 1,
                                                    "is_parallel": true,