{
    "name": "root",
    "gauges": {
        "3DBall.Policy.Entropy.mean": {
            "value": 1.3419914245605469,
            "min": 1.3419914245605469,
            "max": 1.413384199142456,
            "count": 4
        },
        "3DBall.Policy.Entropy.sum": {
            "value": 20371.4296875,
            "min": 16971.48046875,
            "max": 20603.125,
            "count": 4
        },
        "3DBall.Environment.EpisodeLength.mean": {
            "value": 613.6190476190476,
            "min": 23.064128256513026,
            "max": 613.6190476190476,
            "count": 4
        },
        "3DBall.Environment.EpisodeLength.sum": {
            "value": 12886.0,
            "min": 11509.0,
            "max": 12886.0,
            "count": 4
        },
        "3DBall.Step.mean": {
            "value": 47984.0,
            "min": 11988.0,
            "max": 47984.0,
            "count": 4
        },
        "3DBall.Step.sum": {
            "value": 47984.0,
            "min": 11988.0,
            "max": 47984.0,
            "count": 4
        },
        "3DBall.Policy.ExtrinsicValueEstimate.mean": {
            "value": 7.4317307472229,
            "min": 0.21639162302017212,
            "max": 7.4317307472229,
            "count": 4
        },
        "3DBall.Policy.ExtrinsicValueEstimate.sum": {
            "value": 156.06634521484375,
            "min": 107.76303100585938,
            "max": 247.21197509765625,
            "count": 4
        },
        "3DBall.Environment.CumulativeReward.mean": {
            "value": 56.738103639511834,
            "min": 1.3072288634786644,
            "max": 56.738103639511834,
            "count": 4
        },
        "3DBall.Environment.CumulativeReward.sum": {
            "value": 1191.5001764297485,
            "min": 650.9999740123749,
            "max": 1191.5001764297485,
            "count": 4
        },
        "3DBall.Policy.ExtrinsicReward.mean": {
            "value": 56.738103639511834,
            "min": 1.3072288634786644,
            "max": 56.738103639511834,
            "count": 4
        },
        "3DBall.Policy.ExtrinsicReward.sum": {
            "value": 1191.5001764297485,
            "min": 650.9999740123749,
            "max": 1191.5001764297485,
            "count": 4
        },
        "3DBall.Losses.PolicyLoss.mean": {
            "value": 0.09834142571812701,
            "min": 0.09149104434718726,
            "max": 0.09834142571812701,
            "count": 4
        },
        "3DBall.Losses.PolicyLoss.sum": {
            "value": 0.39336570287250805,
            "min": 0.37250154505900696,
            "max": 0.48151970972870467,
            "count": 4
        },
        "3DBall.Losses.ValueLoss.mean": {
            "value": 2.167037158751782,
            "min": 0.2837429407281,
            "max": 2.701583650800128,
            "count": 4
        },
        "3DBall.Losses.ValueLoss.sum": {
            "value": 8.668148635007128,
            "min": 1.1349717629124,
            "max": 13.50791825400064,
            "count": 4
        },
        "3DBall.Policy.LearningRate.mean": {
            "value": 0.00045669425866114996,
            "min": 0.00045669425866114996,
            "max": 0.0004937135012573,
            "count": 4
        },
        "3DBall.Policy.LearningRate.sum": {
            "value": 0.0018267770346445998,
            "min": 0.0018267770346445998,
            "max": 0.0024119130176174,
            "count": 4
        },
        "3DBall.Policy.Epsilon.mean": {
            "value": 0.145669425,
            "min": 0.145669425,
            "max": 0.14937134999999996,
            "count": 4
        },
        "3DBall.Policy.Epsilon.sum": {
            "value": 0.5826777,
            "min": 0.5826777,
            "max": 0.7411913000000001,
            "count": 4
        },
        "3DBall.Policy.Beta.mean": {
            "value": 0.001188271165,
            "min": 0.001188271165,
            "max": 0.0012837808299999997,
            "count": 4
        },
        "3DBall.Policy.Beta.sum": {
            "value": 0.00475308466,
            "min": 0.00475308466,
            "max": 0.006272735539999999,
            "count": 4
        },
        "3DBall.IsTraining.mean": {
            "value": 1.0,
            "min": 1.0,
            "max": 1.0,
            "count": 4
        },
        "3DBall.IsTraining.sum": {
            "value": 1.0,
            "min": 1.0,
            "max": 1.0,
            "count": 4
        }
    },
    "metadata": {
        "timer_format_version": "0.1.0",
        "start_time_seconds": "1765197806",
        "python_version": "3.10.11 (tags/v3.10.11:7d4cc5a, Apr  5 2023, 00:38:17) [MSC v.1929 64 bit (AMD64)]",
        "command_line_arguments": "C:\\Users\\moebn\\Documents\\University\\Project 2-1\\project_2_1_group_7\\venv\\Scripts\\mlagents-learn Config/training_config.yaml --run-id=run_batch_size66_buffer_size2500_learning_rate0.0005_beta0.0013_epsilon0.15 --time-scale=20 --env=3DBall_environment/UnityEnvironment.exe --no-graphics",
        "mlagents_version": "1.0.0",
        "mlagents_envs_version": "1.0.0",
        "communication_protocol_version": "1.5.0",
        "pytorch_version": "2.9.1+cpu",
        "numpy_version": "1.23.5",
        "end_time_seconds": "1765197835"
    },
    "total": 28.32524789997842,
    "count": 1,
    "self": 0.1995928999967873,
    "children": {
        "run_training.setup": {
            "total": 0.08338079997338355,
            "count": 1,
            "self": 0.08338079997338355
        },
        "TrainerController.start_learning": {
            "total": 28.04227420000825,
            "count": 1,
            "self": 0.04557219985872507,
            "children": {
                "TrainerController._reset_env": {
                    "total": 3.5375198000110686,
                    "count": 1,
                    "self": 3.5375198000110686
                },
                "TrainerController.advance": {
                    "total": 24.45299900014652,
                    "count": 5362,
                    "self": 0.04383410079753958,
                    "children": {
                        "env_step": {
                            "total": 15.001410100667272,
                            "count": 5362,
                            "self": 13.278534599696286,
                            "children": {
                                "SubprocessEnvManager._take_step": {
                                    "total": 1.6917438003001735,
                                    "count": 5362,
                                    "self": 0.1287787997862324,
                                    "children": {
                                        "TorchPolicy.evaluate": {
                                            "total": 1.562965000513941,
                                            "count": 4647,
                                            "self": 1.562965000513941
                                        }
                                    }
                                },
                                "workers": {
                                    "total": 0.03113170067081228,
                                    "count": 5362,
                                    "self": 0.0,
                                    "children": {
                                        "worker_root": {
                                            "total": 25.063542899646563,
                                            "count": 5362,
                                            "is_parallel": true,
                                            "self": 14.762119499850087,
                                            "children": {
                                                "steps_from_proto": {
                                                    "total": 0.0002544999879319221,
                                                    "count": 1,
                                                    "is_parallel": true,