{
    "name": "root",
    "gauges": {
        "3DBall.Policy.Entropy.mean": {
            "value": 1.3476057052612305,
            "min": 1.3476057052612305,
            "max": 1.4266834259033203,
            "count": 4
        },
        "3DBall.Policy.Entropy.sum": {
            "value": 16801.947265625,
            "min": 16801.947265625,
            "max": 22047.8203125,
            "count": 4
        },
        "3DBall.Environment.EpisodeLength.mean": {
            "value": 891.1428571428571,
            "min": 22.42495126705653,
            "max": 891.1428571428571,
            "count": 4
        },
        "3DBall.Environment.EpisodeLength.sum": {
            "value": 12476.0,
            "min": 11504.0,
            "max": 12476.0,
            "count": 4
        },
        "3DBall.Step.mean": {
            "value": 47549.0,
            "min": 11978.0,
            "max": 47549.0,
            "count": 4
        },
        "3DBall.Step.sum": {
            "value": 47549.0,
            "min": 11978.0,
            "max": 47549.0,
            "count": 4
        },
        "3DBall.Policy.ExtrinsicValueEstimate.mean": {
            "value": 8.926183700561523,
            "min": 0.03502778708934784,
            "max": 8.926183700561523,
            "count": 4
        },
        "3DBall.Policy.ExtrinsicValueEstimate.sum": {
            "value": 124.96656799316406,
            "min": 17.934226989746094,
            "max": 236.06997680664062,
            "count": 4
        },
        "3DBall.Environment.CumulativeReward.mean": {
            "value": 83.34286989484515,
            "min": 1.2394530817400664,
            "max": 83.34286989484515,
            "count": 4
        },
        "3DBall.Environment.CumulativeReward.sum": {
            "value": 1166.800178527832,
            "min": 634.599977850914,
            "max": 1166.800178527832,
            "count": 4
        },
        "3DBall.Policy.ExtrinsicReward.mean": {
            "value": 83.34286989484515,
            "min": 1.2394530817400664,
            "max": 83.34286989484515,
            "count": 4
        },
        "3DBall.Policy.ExtrinsicReward.sum": {
            "value": 1166.800178527832,
            "min": 634.599977850914,
            "max": 1166.800178527832,
            "count": 4
        },
        "3DBall.Losses.PolicyLoss.mean": {
            "value": 0.15401169943899387,
            "min": 0.15332466316353655,
            "max": 0.15525425393595277,
            "count": 4
        },
        "3DBall.Losses.PolicyLoss.sum": {
            "value": 0.6160467977559755,
            "min": 0.6132986526541462,
            "max": 0.7762712696797638,
            "count": 4
        },
        "3DBall.Losses.ValueLoss.mean": {
            "value": 0.8066894286118604,
            "min": 0.26157770108591805,
            "max": 2.669667454245287,
            "count": 4
        },
        "3DBall.Losses.ValueLoss.sum": {
            "value": 3.2267577144474417,
            "min": 1.0463108043436722,
            "max": 10.678669816981149,
            "count": 4
        },
        "3DBall.Policy.LearningRate.mean": {
            "value": 0.0002748807083730999,
            "min": 0.0002748807083730999,
            "max": 0.00029622435125854996,
            "count": 4
        },
        "3DBall.Policy.LearningRate.sum": {
            "value": 0.0010995228334923996,
            "min": 0.0010995228334923996,
            "max": 0.0014471448176183999,
            "count": 4
        },
        "3DBall.Policy.Epsilon.mean": {
            "value": 0.1916269,
            "min": 0.1916269,
            "max": 0.19874145000000001,
            "count": 4
        },
        "3DBall.Policy.Epsilon.sum": {
            "value": 0.7665076,
            "min": 0.7665076,
            "max": 0.9823816,
            "count": 4
        },
        "3DBall.Policy.Beta.mean": {
            "value": 0.0009171063100000001,
            "min": 0.0009171063100000001,
            "max": 0.0009875403549999997,
            "count": 4
        },
        "3DBall.Policy.Beta.sum": {
            "value": 0.0036684252400000002,
            "min": 0.0036684252400000002,
            "max": 0.00482557784,
            "count": 4
        },
        "3DBall.IsTraining.mean": {
            "value": 1.0,
            "min": 1.0,
            "max": 1.0,
            "count": 4
        },
        "3DBall.IsTraining.sum": {
            "value": 1.0,
            "min": 1.0,
            "max": 1.0,
            "count": 4
        }
    },
    "metadata": {
        "timer_format_version": "0.1.0",
        "start_time_seconds": "1765039686",
        "python_version": "3.10.11 (tags/v3.10.11:7d4cc5a, Apr  5 2023, 00:38:17) [MSC v.1929 64 bit (AMD64)]",
        "command_line_arguments": "C:\\Users\\moebn\\Documents\\University\\Project 2-1\\project_2_1_group_7\\venv\\Scripts\\mlagents-learn Config/training_config.yaml --run-id=run_batch_size27_buffer_size2500_learning_rate0.0003_beta0.001_epsilon0.2 --time-scale=20 --env=3DBall_environment/UnityEnvironment.exe --no-graphics",
        "mlagents_version": "1.0.0",
        "mlagents_envs_version": "1.0.0",
        "communication_protocol_version": "1.5.0",
        "pytorch_version": "2.9.1+cpu",
        "numpy_version": "1.23.5",
        "end_time_seconds": "1765039721"
    },
    "total": 34.711692400000175,
    "count": 1,
    "self": 0.14790010001161136,
    "children": {
        "run_training.setup": {
            "total": 0.06720439999480732,
            "count": 1,
            "self": 0.06720439999480732
        },
        "TrainerController.start_learning": {
            "total": 34.496587899993756,
            "count": 1,
            "self": 0.044060800020815805,
            "children": {
                "TrainerController._reset_env": {
                    "total": 3.4170460000023013,
                    "count": 1,
                    "self": 3.4170460000023013
                },
                "TrainerController.advance": {
                    "total": 31.029135499964468,
                    "count": 5257,
                    "self": 0.04307400083052926,
                    "children": {
                        "env_step": {
                            "total": 14.4295582997147,
                            "count": 5257,
                            "self": 12.658896399589139,
                            "children": {
                                "SubprocessEnvManager._take_step": {
                                    "total": 1.7391128001036122,
                                    "count": 5257,
                                    "self": 0.12816859979648143,
                                    "children": {
                                        "TorchPolicy.evaluate": {
                                            "total": 1.6109442003071308,
                                            "count": 4631,
                                            "self": 1.6109442003071308
                                        }
                                    }
                                },
                                "workers": {
                                    "total": 0.03154910002194811,
                                    "count": 5257,
                                    "self": 0.0,
                                    "children": {
                                        "worker_root": {
                                            "total": 31.607931099948473,
                                            "count": 5257,
                                            "is_parallel": true,
                                            "self": 21.82660170069721,
                                            "children": {
                                                "steps_from_proto": {
                                                    "total": 0.0002825999981723726,
                                                    "count": 1,