{
    "name": "root",
    "gauges": {
        "3DBall.Policy.Entropy.mean": {
            "value": 1.3364300727844238,
            "min": 1.3364300727844238,
            "max": 1.4151451587677002,
            "count": 4
        },
        "3DBall.Policy.Entropy.sum": {
            "value": 22371.83984375,
            "min": 16707.1875,
            "max": 22371.83984375,
            "count": 4
        },
        "3DBall.Environment.EpisodeLength.mean": {
            "value": 199.18333333333334,
            "min": 22.46875,
            "max": 199.18333333333334,
            "count": 4
        },
        "3DBall.Environment.EpisodeLength.sum": {
            "value": 11951.0,
            "min": 11504.0,
            "max": 11951.0,
            "count": 4
        },
        "3DBall.Step.mean": {
            "value": 47889.0,
            "min": 11977.0,
            "max": 47889.0,
            "count": 4
        },
        "3DBall.Step.sum": {
            "value": 47889.0,
            "min": 11977.0,
            "max": 47889.0,
            "count": 4
        },
        "3DBall.Policy.ExtrinsicValueEstimate.mean": {
            "value": 2.392752170562744,
            "min": 0.36096954345703125,
            "max": 2.392752170562744,
            "count": 4
        },
        "3DBall.Policy.ExtrinsicValueEstimate.sum": {
            "value": 143.56512451171875,
            "min": 143.56512451171875,
            "max": 326.098876953125,
            "count": 4
        },
        "3DBall.Environment.CumulativeReward.mean": {
            "value": 18.83666932185491,
            "min": 1.2438355709941886,
            "max": 18.83666932185491,
            "count": 4
        },
        "3DBall.Environment.CumulativeReward.sum": {
            "value": 1130.2001593112946,
            "min": 635.5999767780304,
            "max": 1130.2001593112946,
            "count": 4
        },
        "3DBall.Policy.ExtrinsicReward.mean": {
            "value": 18.83666932185491,
            "min": 1.2438355709941886,
            "max": 18.83666932185491,
            "count": 4
        },
        "3DBall.Policy.ExtrinsicReward.sum": {
            "value": 1130.2001593112946,
            "min": 635.5999767780304,
            "max": 1130.2001593112946,
            "count": 4
        },
        "3DBall.Losses.PolicyLoss.mean": {
            "value": 0.15540805393960033,
            "min": 0.15170816332982454,
            "max": 0.16010144458124811,
            "count": 4
        },
        "3DBall.Losses.PolicyLoss.sum": {
            "value": 0.31081610787920066,
            "min": 0.15170816332982454,
            "max": 0.32020288916249623,
            "count": 4
        },
        "3DBall.Losses.ValueLoss.mean": {
            "value": 2.0711416875505284,
            "min": 0.2380832110161789,
            "max": 2.0711416875505284,
            "count": 4
        },
        "3DBall.Losses.ValueLoss.sum": {
            "value": 4.142283375101057,
            "min": 0.3268659572646606,
            "max": 4.142283375101057,
            "count": 4
        },
        "3DBall.Policy.LearningRate.mean": {
            "value": 0.00045962050807590003,
            "min": 0.00045962050807590003,
            "max": 0.0004926560014688,
            "count": 4
        },
        "3DBall.Policy.LearningRate.sum": {
            "value": 0.0009192410161518001,
            "min": 0.00047071000585799996,
            "max": 0.0009633770073245999,
            "count": 4
        },
        "3DBall.Policy.Epsilon.mean": {
            "value": 0.2838482,
            "min": 0.2838482,
            "max": 0.2970623999999999,
            "count": 4
        },
        "3DBall.Policy.Epsilon.sum": {
            "value": 0.5676964,
            "min": 0.288284,
            "max": 0.5853508000000001,
            "count": 4
        },
        "3DBall.Policy.Beta.mean": {
            "value": 0.0009200485900000004,
            "min": 0.0009200485900000004,
            "max": 0.00098545888,
            "count": 4
        },
        "3DBall.Policy.Beta.sum": {
            "value": 0.0018400971800000008,
            "min": 0.0009420058,
            "max": 0.0019274864600000003,
            "count": 4
        },
        "3DBall.IsTraining.mean": {
            "value": 1.0,
            "min": 1.0,
            "max": 1.0,
            "count": 4
        },
        "3DBall.IsTraining.sum": {
            "value": 1.0,
            "min": 1.0,
            "max": 1.0,
            "count": 4
        }
    },
    "metadata": {
        "timer_format_version": "0.1.0",
        "start_time_seconds": "1765051163",
        "python_version": "3.10.11 (tags/v3.10.11:7d4cc5a, Apr  5 2023, 00:38:17) [MSC v.1929 64 bit (AMD64)]",
        "command_line_arguments": "C:\\Users\\moebn\\Documents\\University\\Project 2-1\\project_2_1_group_7\\venv\\Scripts\\mlagents-learn Config/training_config.yaml --run-id=run_batch_size27_buffer_size7300_learning_rate0.0005_beta0.001_epsilon0.3 --time-scale=20 --env=3DBall_environment/UnityEnvironment.exe --no-graphics",
        "mlagents_version": "1.0.0",
        "mlagents_envs_version": "1.0.0",
        "communication_protocol_version": "1.5.0",
        "pytorch_version": "2.9.1+cpu",
        "numpy_version": "1.23.5",
        "end_time_seconds": "1765051197"
    },
    "total": 33.70898199999647,
    "count": 1,
    "self": 0.19604559999424964,
    "children": {
        "run_training.setup": {
            "total": 0.07732090000354219,
            "count": 1,
            "self": 0.07732090000354219
        },
        "TrainerController.start_learning": {
            "total": 33.435615499998676,
            "count": 1,
            "self": 0.04897369987156708,
            "children": {
                "TrainerController._reset_env": {
                    "total": 3.4900542999967,
                    "count": 1,
                    "self": 3.4900542999967
                },
                "TrainerController.advance": {
                    "total": 29.890223700131173,
                    "count": 5578,
                    "self": 0.04579640102747362,
                    "children": {
                        "env_step": {
                            "total": 15.142133899818873,
                            "count": 5578,
                            "self": 13.407061800011434,
                            "children": {
                                "SubprocessEnvManager._take_step": {
                                    "total": 1.7012399998639012,
                                    "count": 5578,
                                    "self": 0.13125699960801285,
                                    "children": {
                                        "TorchPolicy.evaluate": {
                                            "total": 1.5699830002558883,
                                            "count": 4624,
                                            "self": 1.5699830002558883
                                        }
                                    }
                                },
                                "workers": {
                                    "total": 0.033832099943538196,
                                    "count": 5578,
                                    "self": 0.0,
                                    "children": {
                                        "worker_root": {
                                            "total": 30.473947499951464,
                                            "count": 5578,
                                            "is_parallel": true,
                                            "self": 20.092077999244793,
                                            "children": {
                                                "steps_from_proto": {
                                                    "total": 0.00023010000586509705,
                                                    "count": 1,
                                                    "is_parallel": true,