{
    "name": "root",
    "gauges": {
        "3DBall.Policy.Entropy.mean": {
            "value": 1.406840205192566,
            "min": 1.406840205192566,
            "max": 1.419033169746399,
            "count": 4
        },
        "3DBall.Policy.Entropy.sum": {
            "value": 16949.611328125,
            "min": 16949.611328125,
            "max": 17317.880859375,
            "count": 4
        },
        "3DBall.Environment.EpisodeLength.mean": {
            "value": 35.069069069069066,
            "min": 22.353398058252427,
            "max": 35.069069069069066,
            "count": 4
        },
        "3DBall.Environment.EpisodeLength.sum": {
            "value": 11678.0,
            "min": 11509.0,
            "max": 11678.0,
            "count": 4
        },
        "3DBall.Step.mean": {
            "value": 47995.0,
            "min": 11995.0,
            "max": 47995.0,
            "count": 4
        },
        "3DBall.Step.sum": {
            "value": 47995.0,
            "min": 11995.0,
            "max": 47995.0,
            "count": 4
        },
        "3DBall.Policy.ExtrinsicValueEstimate.mean": {
            "value": 0.6888524889945984,
            "min": 0.1349596530199051,
            "max": 0.6888524889945984,
            "count": 4
        },
        "3DBall.Policy.ExtrinsicValueEstimate.sum": {
            "value": 229.38787841796875,
            "min": 69.3692626953125,
            "max": 229.38787841796875,
            "count": 4
        },
        "3DBall.Environment.CumulativeReward.mean": {
            "value": 2.506906890296363,
            "min": 1.2336575551255669,
            "max": 2.506906890296363,
            "count": 4
        },
        "3DBall.Environment.CumulativeReward.sum": {
            "value": 834.799994468689,
            "min": 634.0999833345413,
            "max": 834.799994468689,
            "count": 4
        },
        "3DBall.Policy.ExtrinsicReward.mean": {
            "value": 2.506906890296363,
            "min": 1.2336575551255669,
            "max": 2.506906890296363,
            "count": 4
        },
        "3DBall.Policy.ExtrinsicReward.sum": {
            "value": 834.799994468689,
            "min": 634.0999833345413,
            "max": 834.799994468689,
            "count": 4
        },
        "3DBall.Losses.PolicyLoss.mean": {
            "value": 0.15610651357304867,
            "min": 0.14935709082644544,
            "max": 0.15610651357304867,
            "count": 4
        },
        "3DBall.Losses.PolicyLoss.sum": {
            "value": 0.31221302714609733,
            "min": 0.15184221736234138,
            "max": 0.31221302714609733,
            "count": 4
        },
        "3DBall.Losses.ValueLoss.mean": {
            "value": 0.5289173215664327,
            "min": 0.29031480843896496,
            "max": 0.6233262375711954,
            "count": 4
        },
        "3DBall.Losses.ValueLoss.sum": {
            "value": 1.0578346431328653,
            "min": 0.3342341471325468,
            "max": 1.0578346431328653,
            "count": 4
        },
        "3DBall.Policy.LearningRate.mean": {
            "value": 9.19495080505e-05,
            "min": 9.19495080505e-05,
            "max": 9.853560146440003e-05,
            "count": 4
        },
        "3DBall.Policy.LearningRate.sum": {
            "value": 0.000183899016101,
            "min": 9.414820585180001e-05,
            "max": 0.00019268580731419998,
            "count": 4
        },
        "3DBall.Policy.Epsilon.mean": {
            "value": 0.14597475000000001,
            "min": 0.14597475000000001,
            "max": 0.14926780000000006,
            "count": 4
        },
        "3DBall.Policy.Epsilon.sum": {
            "value": 0.29194950000000003,
            "min": 0.14707409999999999,
            "max": 0.29634289999999996,
            "count": 4
        },
        "3DBall.Policy.Beta.mean": {
            "value": 0.0010122495500000002,
            "min": 0.0010122495500000002,
            "max": 0.0010840380400000005,
            "count": 4
        },
        "3DBall.Policy.Beta.sum": {
            "value": 0.0020244991000000004,
            "min": 0.0010362153800000003,
            "max": 0.0021202752200000004,
            "count": 4
        },
        "3DBall.IsTraining.mean": {
            "value": 1.0,
            "min": 1.0,
            "max": 1.0,
            "count": 4
        },
        "3DBall.IsTraining.sum": {
            "value": 1.0,
            "min": 1.0,
            "max": 1.0,
            "count": 4
        }
    },
    "metadata": {
        "timer_format_version": "0.1.0",
        "start_time_seconds": "1765047467",
        "python_version": "3.10.11 (tags/v3.10.11:7d4cc5a, Apr  5 2023, 00:38:17) [MSC v.1929 64 bit (AMD64)]",
        "command_line_arguments": "C:\\Users\\moebn\\Documents\\University\\Project 2-1\\project_2_1_group_7\\venv\\Scripts\\mlagents-learn Config/training_config.yaml --run-id=run_batch_size27_buffer_size7300_learning_rate0.0001_beta0.0011_epsilon0.15 --time-scale=20 --env=3DBall_environment/UnityEnvironment.exe --no-graphics",
        "mlagents_version": "1.0.0",
        "mlagents_envs_version": "1.0.0",
        "communication_protocol_version": "1.5.0",
        "pytorch_version": "2.9.1+cpu",
        "numpy_version": "1.23.5",
        "end_time_seconds": "1765047501"
    },
    "total": 33.353886900004,
    "count": 1,
    "self": 0.14483540000219364,
    "children": {
        "run_training.setup": {
            "total": 0.06630049999512266,
            "count": 1,
            "self": 0.06630049999512266
        },
        "TrainerController.start_learning": {
            "total": 33.14275100000668,
            "count": 1,
            "self": 0.048643599860952236,
            "children": {
                "TrainerController._reset_env": {
                    "total": 3.4108418000105303,
                    "count": 1,
                    "self": 3.4108418000105303
                },
                "TrainerController.advance": {
                    "total": 29.676732700128923,
                    "count": 5563,
                    "self": 0.046934900179621764,
                    "children": {
                        "env_step": {
                            "total": 14.011694800545229,
                            "count": 5563,
                            "self": 12.385960900603095,
                            "children": {
                                "SubprocessEnvManager._take_step": {
                                    "total": 1.5917953001189744,
                                    "count": 5563,
                                    "self": 0.17282110021915287,
                                    "children": {
                                        "TorchPolicy.evaluate": {
                                            "total": 1.4189741998998215,
                                            "count": 4196,
                                            "self": 1.4189741998998215
                                        }
                                    }
                                },
                                "workers": {
                                    "total": 0.033938599823159166,
                                    "count": 5563,
                                    "self": 0.0,
                                    "children": {
                                        "worker_root": {
                                            "total": 30.257657300535357,
                                            "count": 5563,
                                            "is_parallel": true,
                                            "self": 20.80110380068072,
                                            "children": {
                                                "steps_from_proto": {
                                                    "total": 0.0002893000055337325,
                                                    "count": 1,