{
    "name": "root",
    "gauges": {
        "3DBall.Policy.Entropy.mean": {
            "value": 1.4014198780059814,
            "min": 1.4014198780059814,
            "max": 1.4189382791519165,
            "count": 4
        },
        "3DBall.Policy.Entropy.sum": {
            "value": 17035.66015625,
            "min": 16764.294921875,
            "max": 17367.8046875,
            "count": 4
        },
        "3DBall.Environment.EpisodeLength.mean": {
            "value": 35.81901840490798,
            "min": 21.648496240601503,
            "max": 35.81901840490798,
            "count": 4
        },
        "3DBall.Environment.EpisodeLength.sum": {
            "value": 11677.0,
            "min": 11459.0,
            "max": 11677.0,
            "count": 4
        },
        "3DBall.Step.mean": {
            "value": 47941.0,
            "min": 11998.0,
            "max": 47941.0,
            "count": 4
        },
        "3DBall.Step.sum": {
            "value": 47941.0,
            "min": 11998.0,
            "max": 47941.0,
            "count": 4
        },
        "3DBall.Policy.ExtrinsicValueEstimate.mean": {
            "value": 0.502389132976532,
            "min": -0.2371252477169037,
            "max": 0.502389132976532,
            "count": 4
        },
        "3DBall.Policy.ExtrinsicValueEstimate.sum": {
            "value": 163.7788543701172,
            "min": -125.67638397216797,
            "max": 163.7788543701172,
            "count": 4
        },
        "3DBall.Environment.CumulativeReward.mean": {
            "value": 2.5668711790277916,
            "min": 1.1637735661470665,
            "max": 2.5668711790277916,
            "count": 4
        },
        "3DBall.Environment.CumulativeReward.sum": {
            "value": 836.80000436306,
            "min": 616.7999900579453,
            "max": 836.80000436306,
            "count": 4
        },
        "3DBall.Policy.ExtrinsicReward.mean": {
            "value": 2.5668711790277916,
            "min": 1.1637735661470665,
            "max": 2.5668711790277916,
            "count": 4
        },
        "3DBall.Policy.ExtrinsicReward.sum": {
            "value": 836.80000436306,
            "min": 616.7999900579453,
            "max": 836.80000436306,
            "count": 4
        },
        "3DBall.IsTraining.mean": {
            "value": 1.0,
            "min": 1.0,
            "max": 1.0,
            "count": 4
        },
        "3DBall.IsTraining.sum": {
            "value": 1.0,
            "min": 1.0,
            "max": 1.0,
            "count": 4
        },
        "3DBall.Losses.PolicyLoss.mean": {
            "value": 0.10926909361500006,
            "min": 0.10839140435142218,
            "max": 0.11262577090666229,
            "count": 3
        },
        "3DBall.Losses.PolicyLoss.sum": {
            "value": 0.10926909361500006,
            "min": 0.10839140435142218,
            "max": 0.11262577090666229,
            "count": 3
        },
        "3DBall.Losses.ValueLoss.mean": {
            "value": 0.32361852077015657,
            "min": 0.253006151752078,
            "max": 0.3308428640015087,
            "count": 3
        },
        "3DBall.Losses.ValueLoss.sum": {
            "value": 0.32361852077015657,
            "min": 0.253006151752078,
            "max": 0.3308428640015087,
            "count": 3
        },
        "3DBall.Policy.LearningRate.mean": {
            "value": 0.0001854496072752,
            "min": 0.0001854496072752,
            "max": 0.00019514080242960004,
            "count": 3
        },
        "3DBall.Policy.LearningRate.sum": {
            "value": 0.0001854496072752,
            "min": 0.0001854496072752,
            "max": 0.00019514080242960004,
            "count": 3
        },
        "3DBall.Policy.Epsilon.mean": {
            "value": 0.2390872,
            "min": 0.2390872,
            "max": 0.2463556000000001,
            "count": 3
        },
        "3DBall.Policy.Epsilon.sum": {
            "value": 0.2390872,
            "min": 0.2390872,
            "max": 0.2463556000000001,
            "count": 3
        },
        "3DBall.Policy.Beta.mean": {
            "value": 0.00092797552,
            "min": 0.00092797552,
            "max": 0.0009759469599999998,
            "count": 3
        },
        "3DBall.Policy.Beta.sum": {
            "value": 0.00092797552,
            "min": 0.00092797552,
            "max": 0.0009759469599999998,
            "count": 3
        }
    },
    "metadata": {
        "timer_format_version": "0.1.0",
        "start_time_seconds": "1765150098",
        "python_version": "3.10.11 (tags/v3.10.11:7d4cc5a, Apr  5 2023, 00:38:17) [MSC v.1929 64 bit (AMD64)]",
        "command_line_arguments": "C:\\Users\\moebn\\Documents\\University\\Project 2-1\\project_2_1_group_7\\venv\\Scripts\\mlagents-learn Config/training_config.yaml --run-id=run_batch_size53_buffer_size12100_learning_rate0.0002_beta0.001_epsilon0.25 --time-scale=20 --env=3DBall_environment/UnityEnvironment.exe --no-graphics",
        "mlagents_version": "1.0.0",
        "mlagents_envs_version": "1.0.0",
        "communication_protocol_version": "1.5.0",
        "pytorch_version": "2.9.1+cpu",
        "numpy_version": "1.23.5",
        "end_time_seconds": "1765150127"
    },
    "total": 29.312195000005886,
    "count": 1,
    "self": 0.1752903000160586,
    "children": {
        "run_training.setup": {
            "total": 0.07417330000316724,
            "count": 1,
            "self": 0.07417330000316724
        },
        "TrainerController.start_learning": {
            "total": 29.06273139998666,
            "count": 1,
            "self": 0.048560598865151405,
            "children": {
                "TrainerController._reset_env": {
                    "total": 3.499350099998992,
                    "count": 1,
                    "self": 3.499350099998992
                },
                "TrainerController.advance": {
                    "total": 25.508472601126414,
                    "count": 5657,
                    "self": 0.04656180151505396,
                    "children": {
                        "env_step": {
                            "total": 14.231226699455874,
                            "count": 5657,
                            "self": 12.69189119868679,
                            "children": {
                                "SubprocessEnvManager._take_step": {
                                    "total": 1.5053274006349966,
                                    "count": 5657,
                                    "self": 0.12118050086428411,
                                    "children": {
                                        "TorchPolicy.evaluate": {
                                            "total": 1.3841468997707125,
                                            "count": 4227,
                                            "self": 1.3841468997707125
                                        }
                                    }
                                },
                                "workers": {
                                    "total": 0.034008100134087726,
                                    "count": 5657,
                                    "self": 0.0,
                                    "children": {
                                        "worker_root": {
                                            "total": 26.142327601730358,
                                            "count": 5657,
                                            "is_parallel": true,
                                            "self": 16.441615902935155,
                                            "children": {
                                                "steps_from_proto": {
                                                    "total": 0.0002297000028192997,
                                                    "count": 1,
                                                    "is_parallel": true,