{
    "name": "root",
    "gauges": {
        "3DBall.Policy.Entropy.mean": {
            "value": 1.379718542098999,
            "min": 1.379718542098999,
            "max": 1.4189382791519165,
            "count": 41
        },
        "3DBall.Policy.Entropy.sum": {
            "value": 16606.29296875,
            "min": 16407.61328125,
            "max": 17265.640625,
            "count": 41
        },
        "3DBall.Environment.EpisodeLength.mean": {
            "value": 27.438388625592417,
            "min": 20.510752688172044,
            "max": 29.47969543147208,
            "count": 41
        },
        "3DBall.Environment.EpisodeLength.sum": {
            "value": 11579.0,
            "min": 11431.0,
            "max": 11615.0,
            "count": 41
        },
        "3DBall.Step.mean": {
            "value": 491963.0,
            "min": 11997.0,
            "max": 491963.0,
            "count": 41
        },
        "3DBall.Step.sum": {
            "value": 491963.0,
            "min": 11997.0,
            "max": 491963.0,
            "count": 41
        },
        "3DBall.Policy.ExtrinsicValueEstimate.mean": {
            "value": 0.30341851711273193,
            "min": -0.18703937530517578,
            "max": 0.3679600656032562,
            "count": 41
        },
        "3DBall.Policy.ExtrinsicValueEstimate.sum": {
            "value": 128.04261779785156,
            "min": -100.25310516357422,
            "max": 148.28790283203125,
            "count": 41
        },
        "3DBall.Environment.CumulativeReward.mean": {
            "value": 1.741706097295499,
            "min": 1.0512544672976258,
            "max": 1.9520303885343717,
            "count": 41
        },
        "3DBall.Environment.CumulativeReward.sum": {
            "value": 734.9999730587006,
            "min": 586.5999927520752,
            "max": 769.0999730825424,
            "count": 41
        },
        "3DBall.Policy.ExtrinsicReward.mean": {
            "value": 1.741706097295499,
            "min": 1.0512544672976258,
            "max": 1.9520303885343717,
            "count": 41
        },
        "3DBall.Policy.ExtrinsicReward.sum": {
            "value": 734.9999730587006,
            "min": 586.5999927520752,
            "max": 769.0999730825424,
            "count": 41
        },
        "3DBall.IsTraining.mean": {
            "value": 1.0,
            "min": 1.0,
            "max": 1.0,
            "count": 41
        },
        "3DBall.IsTraining.sum": {
            "value": 1.0,
            "min": 1.0,
            "max": 1.0,
            "count": 41
        },
        "3DBall.Losses.PolicyLoss.mean": {
            "value": 0.10173816192551102,
            "min": 0.09923066172663433,
            "max": 0.10173816192551102,
            "count": 2
        },
        "3DBall.Losses.PolicyLoss.sum": {
            "value": 0.10173816192551102,
            "min": 0.09923066172663433,
            "max": 0.10173816192551102,
            "count": 2
        },
        "3DBall.Losses.ValueLoss.mean": {
            "value": 0.15059565287373133,
            "min": 0.10101011289780339,
            "max": 0.15059565287373133,
            "count": 2
        },
        "3DBall.Losses.ValueLoss.sum": {
            "value": 0.15059565287373133,
            "min": 0.10101011289780339,
            "max": 0.15059565287373133,
            "count": 2
        },
        "3DBall.Policy.LearningRate.mean": {
            "value": 6.955867681380002e-05,
            "min": 6.955867681380002e-05,
            "max": 0.0001847898384034,
            "count": 2
        },
        "3DBall.Policy.LearningRate.sum": {
            "value": 6.955867681380002e-05,
            "min": 6.955867681380002e-05,
            "max": 0.0001847898384034,
            "count": 2
        },
        "3DBall.Policy.Epsilon.mean": {
            "value": 0.12318619999999997,
            "min": 0.12318619999999997,
            "max": 0.16159660000000003,
            "count": 2
        },
        "3DBall.Policy.Epsilon.sum": {
            "value": 0.12318619999999997,
            "min": 0.12318619999999997,
            "max": 0.16159660000000003,
            "count": 2
        },
        "3DBall.Policy.Beta.mean": {
            "value": 0.00023954337999999994,
            "min": 0.00023954337999999994,
            "max": 0.0006198063400000002,
            "count": 2
        },
        "3DBall.Policy.Beta.sum": {
            "value": 0.00023954337999999994,
            "min": 0.00023954337999999994,
            "max": 0.0006198063400000002,
            "count": 2
        }
    },
    "metadata": {
        "timer_format_version": "0.1.0",
        "start_time_seconds": "1763460596",
        "python_version": "3.10.11 (tags/v3.10.11:7d4cc5a, Apr  5 2023, 00:38:17) [MSC v.1929 64 bit (AMD64)]",
        "command_line_arguments": "C:\\Users\\rober\\OneDrive\\Desktop\\project_2_1_group_7\\venv\\Scripts\\mlagents-learn Config/training_config.yaml --run-id=robert-run69 --time-scale=20 --no-graphics",
        "mlagents_version": "1.0.0",
        "mlagents_envs_version": "1.0.0",
        "communication_protocol_version": "1.5.0",
        "pytorch_version": "1.13.1+cpu",
        "numpy_version": "1.23.5",
        "end_time_seconds": "1763461405"
    },
    "total": 808.6797610000358,
    "count": 1,
    "self": 0.020897800044622272,
    "children": {
        "run_training.setup": {
            "total": 0.0633564000017941,
            "count": 1,
            "self": 0.0633564000017941
        },
        "TrainerController.start_learning": {
            "total": 808.5955067999894,
            "count": 1,
            "self": 1.8185400036745705,
            "children": {
                "TrainerController._reset_env": {
                    "total": 27.550202500016894,
                    "count": 1,
                    "self": 27.550202500016894
                },
                "TrainerController.advance": {
                    "total": 779.1161730963504,
                    "count": 57247,
                    "self": 1.4284158856025897,
                    "children": {
                        "env_step": {
                            "total": 400.37836220389,
                            "count": 57247,
                            "self": 339.3912157996674,
                            "children": {
                                "SubprocessEnvManager._take_step": {
                                    "total": 60.09727000526618,
                                    "count": 57247,
                                    "self": 4.508358100778423,
                                    "children": {
                                        "TorchPolicy.evaluate": {
                                            "total": 55.58891190448776,
                                            "count": 41681,
                                            "self": 55.58891190448776
                                        }
                                    }
                                },
                                "workers": {
                                    "total": 0.8898763989564031,
                                    "count": 57247,
                                    "self": 0.0,
                                    "children": {
                                        "worker_root": {
                                            "total": 779.0739363083849,
                                            "count": 57247,
                                            "is_parallel": true,
                                            "self": 520.2582987059723,
                                            "children": {
                                                "steps_from_proto": {
                                                    "total": 0.0009432999650016427,
                                                    "count": 1,
                                                    "is_parallel": true,