{
    "name": "root",
    "gauges": {
        "3DBall.Policy.Entropy.mean": {
            "value": 1.3431689739227295,
            "min": 1.3431689739227295,
            "max": 1.3999418020248413,
            "count": 4
        },
        "3DBall.Policy.Entropy.sum": {
            "value": 16118.0283203125,
            "min": 16118.0283203125,
            "max": 20528.74609375,
            "count": 4
        },
        "3DBall.Environment.EpisodeLength.mean": {
            "value": 973.6666666666666,
            "min": 40.50515463917526,
            "max": 973.6666666666666,
            "count": 4
        },
        "3DBall.Environment.EpisodeLength.sum": {
            "value": 11684.0,
            "min": 11684.0,
            "max": 12360.0,
            "count": 4
        },
        "3DBall.Step.mean": {
            "value": 47274.0,
            "min": 11712.0,
            "max": 47274.0,
            "count": 4
        },
        "3DBall.Step.sum": {
            "value": 47274.0,
            "min": 11712.0,
            "max": 47274.0,
            "count": 4
        },
        "3DBall.Policy.ExtrinsicValueEstimate.mean": {
            "value": 9.787975311279297,
            "min": 0.7357847094535828,
            "max": 9.787975311279297,
            "count": 4
        },
        "3DBall.Policy.ExtrinsicValueEstimate.sum": {
            "value": 117.45570373535156,
            "min": 117.45570373535156,
            "max": 213.3775634765625,
            "count": 4
        },
        "3DBall.Environment.CumulativeReward.mean": {
            "value": 97.2833480834961,
            "min": 2.938620856301538,
            "max": 97.2833480834961,
            "count": 4
        },
        "3DBall.Environment.CumulativeReward.sum": {
            "value": 1167.4001770019531,
            "min": 852.200048327446,
            "max": 1208.0001828670502,
            "count": 4
        },
        "3DBall.Policy.ExtrinsicReward.mean": {
            "value": 97.2833480834961,
            "min": 2.938620856301538,
            "max": 97.2833480834961,
            "count": 4
        },
        "3DBall.Policy.ExtrinsicReward.sum": {
            "value": 1167.4001770019531,
            "min": 852.200048327446,
            "max": 1208.0001828670502,
            "count": 4
        },
        "3DBall.Losses.PolicyLoss.mean": {
            "value": 0.15225723312462522,
            "min": 0.1416113373332581,
            "max": 0.15225723312462522,
            "count": 4
        },
        "3DBall.Losses.PolicyLoss.sum": {
            "value": 1.8270867974955027,
            "min": 1.805058974164692,
            "max": 12.036963673326937,
            "count": 4
        },
        "3DBall.Losses.ValueLoss.mean": {
            "value": 0.38191418748989897,
            "min": 0.38191418748989897,
            "max": 2.624455595110336,
            "count": 4
        },
        "3DBall.Losses.ValueLoss.sum": {
            "value": 4.582970249878787,
            "min": 4.582970249878787,
            "max": 150.13275893891145,
            "count": 4
        },
        "3DBall.Policy.LearningRate.mean": {
            "value": 0.0003664526750535001,
            "min": 0.0003664526750535001,
            "max": 0.00039569084343023063,
            "count": 4
        },
        "3DBall.Policy.LearningRate.sum": {
            "value": 0.004397432100642001,
            "min": 0.004397432100642001,
            "max": 0.033633721691569606,
            "count": 4
        },
        "3DBall.Policy.Epsilon.mean": {
            "value": 0.23741975,
            "min": 0.23741975,
            "max": 0.24838406588235296,
            "count": 4
        },
        "3DBall.Policy.Epsilon.sum": {
            "value": 2.849037,
            "min": 2.849037,
            "max": 21.1126456,
            "count": 4
        },
        "3DBall.Policy.Beta.mean": {
            "value": 0.001008583516666667,
            "min": 0.001008583516666667,
            "max": 0.0010882575454117646,
            "count": 4
        },
        "3DBall.Policy.Beta.sum": {
            "value": 0.012103002200000004,
            "min": 0.012103002200000004,
            "max": 0.09250189135999999,
            "count": 4
        },
        "3DBall.IsTraining.mean": {
            "value": 1.0,
            "min": 1.0,
            "max": 1.0,
            "count": 4
        },
        "3DBall.IsTraining.sum": {
            "value": 1.0,
            "min": 1.0,
            "max": 1.0,
            "count": 4
        }
    },
    "metadata": {
        "timer_format_version": "0.1.0",
        "start_time_seconds": "1765036122",
        "python_version": "3.10.11 (tags/v3.10.11:7d4cc5a, Apr  5 2023, 00:38:17) [MSC v.1929 64 bit (AMD64)]",
        "command_line_arguments": "C:\\Users\\moebn\\Documents\\University\\Project 2-1\\project_2_1_group_7\\venv\\Scripts\\mlagents-learn Config/training_config.yaml --run-id=run_batch_size27_buffer_size100_learning_rate0.0004_beta0.0011_epsilon0.25 --time-scale=20 --env=3DBall_environment/UnityEnvironment.exe --no-graphics",
        "mlagents_version": "1.0.0",
        "mlagents_envs_version": "1.0.0",
        "communication_protocol_version": "1.5.0",
        "pytorch_version": "2.9.1+cpu",
        "numpy_version": "1.23.5",
        "end_time_seconds": "1765036156"
    },
    "total": 34.372699799991096,
    "count": 1,
    "self": 0.1434506999939913,
    "children": {
        "run_training.setup": {
            "total": 0.06551190000027418,
            "count": 1,
            "self": 0.06551190000027418
        },
        "TrainerController.start_learning": {
            "total": 34.16373719999683,
            "count": 1,
            "self": 0.04118470039975364,
            "children": {
                "TrainerController._reset_env": {
                    "total": 3.4553066000080435,
                    "count": 1,
                    "self": 3.4553066000080435
                },
                "TrainerController.advance": {
                    "total": 30.66124989958189,
                    "count": 5107,
                    "self": 0.04105459873971995,
                    "children": {
                        "env_step": {
                            "total": 14.651087800171808,
                            "count": 5107,
                            "self": 12.825188500923105,
                            "children": {
                                "SubprocessEnvManager._take_step": {
                                    "total": 1.7960235996870324,
                                    "count": 5107,
                                    "self": 0.131634299425059,
                                    "children": {
                                        "TorchPolicy.evaluate": {
                                            "total": 1.6643893002619734,
                                            "count": 4838,
                                            "self": 1.6643893002619734
                                        }
                                    }
                                },
                                "workers": {
                                    "total": 0.029875699561671354,
                                    "count": 5107,
                                    "self": 0.0,
                                    "children": {
                                        "worker_root": {
                                            "total": 31.27598500069871,
                                            "count": 5107,
                                            "is_parallel": true,
                                            "self": 21.237471900691162,
                                            "children": {
                                                "steps_from_proto": {
                                                    "total": 0.0002762000076472759,
                                                    "count": 1,
                                                    "is_parallel": true,