{
    "name": "root",
    "gauges": {
        "3DBall.Policy.Entropy.mean": {
            "value": 1.416684627532959,
            "min": 1.416684627532959,
            "max": 1.4200814962387085,
            "count": 4
        },
        "3DBall.Policy.Entropy.sum": {
            "value": 17000.21484375,
            "min": 17000.21484375,
            "max": 17214.55859375,
            "count": 4
        },
        "3DBall.Environment.EpisodeLength.mean": {
            "value": 24.856223175965667,
            "min": 21.95411089866157,
            "max": 24.856223175965667,
            "count": 4
        },
        "3DBall.Environment.EpisodeLength.sum": {
            "value": 11583.0,
            "min": 11482.0,
            "max": 11583.0,
            "count": 4
        },
        "3DBall.Step.mean": {
            "value": 47993.0,
            "min": 11983.0,
            "max": 47993.0,
            "count": 4
        },
        "3DBall.Step.sum": {
            "value": 47993.0,
            "min": 11983.0,
            "max": 47993.0,
            "count": 4
        },
        "3DBall.Policy.ExtrinsicValueEstimate.mean": {
            "value": 0.27343127131462097,
            "min": -0.02879277616739273,
            "max": 0.27343127131462097,
            "count": 4
        },
        "3DBall.Policy.ExtrinsicValueEstimate.sum": {
            "value": 127.41897583007812,
            "min": -15.029829025268555,
            "max": 127.41897583007812,
            "count": 4
        },
        "3DBall.Environment.CumulativeReward.mean": {
            "value": 1.4776823436241804,
            "min": 1.1955938387191158,
            "max": 1.4776823436241804,
            "count": 4
        },
        "3DBall.Environment.CumulativeReward.sum": {
            "value": 688.5999721288681,
            "min": 624.0999838113785,
            "max": 688.5999721288681,
            "count": 4
        },
        "3DBall.Policy.ExtrinsicReward.mean": {
            "value": 1.4776823436241804,
            "min": 1.1955938387191158,
            "max": 1.4776823436241804,
            "count": 4
        },
        "3DBall.Policy.ExtrinsicReward.sum": {
            "value": 688.5999721288681,
            "min": 624.0999838113785,
            "max": 688.5999721288681,
            "count": 4
        },
        "3DBall.IsTraining.mean": {
            "value": 1.0,
            "min": 1.0,
            "max": 1.0,
            "count": 4
        },
        "3DBall.IsTraining.sum": {
            "value": 1.0,
            "min": 1.0,
            "max": 1.0,
            "count": 4
        },
        "3DBall.Losses.PolicyLoss.mean": {
            "value": 0.111047756933149,
            "min": 0.111047756933149,
            "max": 0.11380224927631,
            "count": 2
        },
        "3DBall.Losses.PolicyLoss.sum": {
            "value": 0.111047756933149,
            "min": 0.111047756933149,
            "max": 0.11380224927631,
            "count": 2
        },
        "3DBall.Losses.ValueLoss.mean": {
            "value": 0.22945902490328443,
            "min": 0.22945902490328443,
            "max": 0.42530459708212065,
            "count": 2
        },
        "3DBall.Losses.ValueLoss.sum": {
            "value": 0.22945902490328443,
            "min": 0.22945902490328443,
            "max": 0.42530459708212065,
            "count": 2
        },
        "3DBall.Policy.LearningRate.mean": {
            "value": 0.00018647080676460005,
            "min": 0.00018647080676460005,
            "max": 0.000193232003384,
            "count": 2
        },
        "3DBall.Policy.LearningRate.sum": {
            "value": 0.00018647080676460005,
            "min": 0.00018647080676460005,
            "max": 0.000193232003384,
            "count": 2
        },
        "3DBall.Policy.Epsilon.mean": {
            "value": 0.1,
            "min": 0.1,
            "max": 0.1,
            "count": 2
        },
        "3DBall.Policy.Epsilon.sum": {
            "value": 0.1,
            "min": 0.1,
            "max": 0.1,
            "count": 2
        },
        "3DBall.Policy.Beta.mean": {
            "value": 0.0011195012599999996,
            "min": 0.0011195012599999996,
            "max": 0.0011597303999999998,
            "count": 2
        },
        "3DBall.Policy.Beta.sum": {
            "value": 0.0011195012599999996,
            "min": 0.0011195012599999996,
            "max": 0.0011597303999999998,
            "count": 2
        }
    },
    "metadata": {
        "timer_format_version": "0.1.0",
        "start_time_seconds": "1765159729",
        "python_version": "3.10.11 (tags/v3.10.11:7d4cc5a, Apr  5 2023, 00:38:17) [MSC v.1929 64 bit (AMD64)]",
        "command_line_arguments": "C:\\Users\\moebn\\Documents\\University\\Project 2-1\\project_2_1_group_7\\venv\\Scripts\\mlagents-learn Config/training_config.yaml --run-id=run_batch_size53_buffer_size16900_learning_rate0.0002_beta0.0012_epsilon0.1 --time-scale=20 --env=3DBall_environment/UnityEnvironment.exe --no-graphics",
        "mlagents_version": "1.0.0",
        "mlagents_envs_version": "1.0.0",
        "communication_protocol_version": "1.5.0",
        "pytorch_version": "2.9.1+cpu",
        "numpy_version": "1.23.5",
        "end_time_seconds": "1765159761"
    },
    "total": 31.37539050000487,
    "count": 1,
    "self": 0.18537190000643022,
    "children": {
        "run_training.setup": {
            "total": 0.07180390000576153,
            "count": 1,
            "self": 0.07180390000576153
        },
        "TrainerController.start_learning": {
            "total": 31.118214699992677,
            "count": 1,
            "self": 0.0495988997281529,
            "children": {
                "TrainerController._reset_env": {
                    "total": 8.285044799995376,
                    "count": 1,
                    "self": 8.285044799995376
                },
                "TrainerController.advance": {
                    "total": 22.776606300263666,
                    "count": 5747,
                    "self": 0.048880602058488876,
                    "children": {
                        "env_step": {
                            "total": 14.286725100420881,
                            "count": 5747,
                            "self": 12.750637701858068,
                            "children": {
                                "SubprocessEnvManager._take_step": {
                                    "total": 1.501530198234832,
                                    "count": 5747,
                                    "self": 0.12015819750376977,
                                    "children": {
                                        "TorchPolicy.evaluate": {
                                            "total": 1.3813720007310621,
                                            "count": 4180,
                                            "self": 1.3813720007310621
                                        }
                                    }
                                },
                                "workers": {
                                    "total": 0.03455720032798126,
                                    "count": 5747,
                                    "self": 0.0,
                                    "children": {
                                        "worker_root": {
                                            "total": 23.379623601329513,
                                            "count": 5747,
                                            "is_parallel": true,
                                            "self": 13.643945201358292,
                                            "children": {
                                                "steps_from_proto": {
                                                    "total": 0.00023210002109408379,
                                                    "count": 1,
                                                    "is_parallel": true,