{
    "name": "root",
    "gauges": {
        "3DBall.Policy.Entropy.mean": {
            "value": 1.3832687139511108,
            "min": 1.3832687139511108,
            "max": 1.4225372076034546,
            "count": 4
        },
        "3DBall.Policy.Entropy.sum": {
            "value": 17097.201171875,
            "min": 16987.921875,
            "max": 17343.57421875,
            "count": 4
        },
        "3DBall.Environment.EpisodeLength.mean": {
            "value": 47.66129032258065,
            "min": 22.367704280155642,
            "max": 47.66129032258065,
            "count": 4
        },
        "3DBall.Environment.EpisodeLength.sum": {
            "value": 11820.0,
            "min": 11497.0,
            "max": 11820.0,
            "count": 4
        },
        "3DBall.Step.mean": {
            "value": 47999.0,
            "min": 11987.0,
            "max": 47999.0,
            "count": 4
        },
        "3DBall.Step.sum": {
            "value": 47999.0,
            "min": 11987.0,
            "max": 47999.0,
            "count": 4
        },
        "3DBall.Policy.ExtrinsicValueEstimate.mean": {
            "value": 1.0993295907974243,
            "min": 0.2535768747329712,
            "max": 1.0993295907974243,
            "count": 4
        },
        "3DBall.Policy.ExtrinsicValueEstimate.sum": {
            "value": 272.63372802734375,
            "min": 130.08493041992188,
            "max": 272.63372802734375,
            "count": 4
        },
        "3DBall.Environment.CumulativeReward.mean": {
            "value": 3.741129307977615,
            "min": 1.2366471237141718,
            "max": 3.741129307977615,
            "count": 4
        },
        "3DBall.Environment.CumulativeReward.sum": {
            "value": 927.8000683784485,
            "min": 634.3999744653702,
            "max": 927.8000683784485,
            "count": 4
        },
        "3DBall.Policy.ExtrinsicReward.mean": {
            "value": 3.741129307977615,
            "min": 1.2366471237141718,
            "max": 3.741129307977615,
            "count": 4
        },
        "3DBall.Policy.ExtrinsicReward.sum": {
            "value": 927.8000683784485,
            "min": 634.3999744653702,
            "max": 927.8000683784485,
            "count": 4
        },
        "3DBall.Losses.PolicyLoss.mean": {
            "value": 0.12539293843521604,
            "min": 0.11856498561004021,
            "max": 0.13219024834911405,
            "count": 4
        },
        "3DBall.Losses.PolicyLoss.sum": {
            "value": 0.2507858768704321,
            "min": 0.11856498561004021,
            "max": 0.2507858768704321,
            "count": 4
        },
        "3DBall.Losses.ValueLoss.mean": {
            "value": 0.9104505328413768,
            "min": 0.204235797727501,
            "max": 0.9104505328413768,
            "count": 4
        },
        "3DBall.Losses.ValueLoss.sum": {
            "value": 1.8209010656827536,
            "min": 0.24990484554096648,
            "max": 1.8209010656827536,
            "count": 4
        },
        "3DBall.Policy.LearningRate.mean": {
            "value": 0.0004597870080426,
            "min": 0.0004597870080426,
            "max": 0.0004926740014652,
            "count": 4
        },
        "3DBall.Policy.LearningRate.sum": {
            "value": 0.0009195740160852,
            "min": 0.0004707490058501999,
            "max": 0.0009634130073174,
            "count": 4
        },
        "3DBall.Policy.Epsilon.mean": {
            "value": 0.1459787,
            "min": 0.1459787,
            "max": 0.1492674,
            "count": 4
        },
        "3DBall.Policy.Epsilon.sum": {
            "value": 0.2919574,
            "min": 0.1470749,
            "max": 0.29634130000000003,
            "count": 4
        },
        "3DBall.Policy.Beta.mean": {
            "value": 0.0009203782600000002,
            "min": 0.0009203782600000002,
            "max": 0.00098549452,
            "count": 4
        },
        "3DBall.Policy.Beta.sum": {
            "value": 0.0018407565200000003,
            "min": 0.00094208302,
            "max": 0.00192755774,
            "count": 4
        },
        "3DBall.IsTraining.mean": {
            "value": 1.0,
            "min": 1.0,
            "max": 1.0,
            "count": 4
        },
        "3DBall.IsTraining.sum": {
            "value": 1.0,
            "min": 1.0,
            "max": 1.0,
            "count": 4
        }
    },
    "metadata": {
        "timer_format_version": "0.1.0",
        "start_time_seconds": "1765100850",
        "python_version": "3.10.11 (tags/v3.10.11:7d4cc5a, Apr  5 2023, 00:38:17) [MSC v.1929 64 bit (AMD64)]",
        "command_line_arguments": "C:\\Users\\moebn\\Documents\\University\\Project 2-1\\project_2_1_group_7\\venv\\Scripts\\mlagents-learn Config/training_config.yaml --run-id=run_batch_size40_buffer_size7300_learning_rate0.0005_beta0.001_epsilon0.15 --time-scale=20 --env=3DBall_environment/UnityEnvironment.exe --no-graphics",
        "mlagents_version": "1.0.0",
        "mlagents_envs_version": "1.0.0",
        "communication_protocol_version": "1.5.0",
        "pytorch_version": "2.9.1+cpu",
        "numpy_version": "1.23.5",
        "end_time_seconds": "1765100879"
    },
    "total": 29.023264399991604,
    "count": 1,
    "self": 0.14510090003022924,
    "children": {
        "run_training.setup": {
            "total": 0.0683421999856364,
            "count": 1,
            "self": 0.0683421999856364
        },
        "TrainerController.start_learning": {
            "total": 28.809821299975738,
            "count": 1,
            "self": 0.046457401651423424,
            "children": {
                "TrainerController._reset_env": {
                    "total": 3.4218772999884095,
                    "count": 1,
                    "self": 3.4218772999884095
                },
                "TrainerController.advance": {
                    "total": 25.33475669834297,
                    "count": 5447,
                    "self": 0.04502799845067784,
                    "children": {
                        "env_step": {
                            "total": 13.90667070040945,
                            "count": 5447,
                            "self": 12.422145102347713,
                            "children": {
                                "SubprocessEnvManager._take_step": {
                                    "total": 1.4525832988147158,
                                    "count": 5447,
                                    "self": 0.11860649907612242,
                                    "children": {
                                        "TorchPolicy.evaluate": {
                                            "total": 1.3339767997385934,
                                            "count": 4204,
                                            "self": 1.3339767997385934
                                        }
                                    }
                                },
                                "workers": {
                                    "total": 0.031942299247020856,
                                    "count": 5447,
                                    "self": 0.0,
                                    "children": {
                                        "worker_root": {
                                            "total": 25.906365598668344,
                                            "count": 5447,
                                            "is_parallel": true,
                                            "self": 16.35215149851865,
                                            "children": {
                                                "steps_from_proto": {
                                                    "total": 0.0002738999901339412,
                                                    "count": 1,
                                                    "is_parallel": true,