{
    "name": "root",
    "gauges": {
        "3DBall.Policy.Entropy.mean": {
            "value": 1.4034231901168823,
            "min": 1.4034231901168823,
            "max": 1.4230272769927979,
            "count": 4
        },
        "3DBall.Policy.Entropy.sum": {
            "value": 16925.283203125,
            "min": 16925.283203125,
            "max": 17248.61328125,
            "count": 4
        },
        "3DBall.Environment.EpisodeLength.mean": {
            "value": 28.019370460048425,
            "min": 21.5,
            "max": 28.019370460048425,
            "count": 4
        },
        "3DBall.Environment.EpisodeLength.sum": {
            "value": 11572.0,
            "min": 11480.0,
            "max": 11572.0,
            "count": 4
        },
        "3DBall.Step.mean": {
            "value": 47971.0,
            "min": 11998.0,
            "max": 47971.0,
            "count": 4
        },
        "3DBall.Step.sum": {
            "value": 47971.0,
            "min": 11998.0,
            "max": 47971.0,
            "count": 4
        },
        "3DBall.Policy.ExtrinsicValueEstimate.mean": {
            "value": 0.390078604221344,
            "min": -0.1183658018708229,
            "max": 0.390078604221344,
            "count": 4
        },
        "3DBall.Policy.ExtrinsicValueEstimate.sum": {
            "value": 161.49253845214844,
            "min": -63.08897399902344,
            "max": 161.49253845214844,
            "count": 4
        },
        "3DBall.Environment.CumulativeReward.mean": {
            "value": 1.792512003062428,
            "min": 1.1510318684309553,
            "max": 1.792512003062428,
            "count": 4
        },
        "3DBall.Environment.CumulativeReward.sum": {
            "value": 742.0999692678452,
            "min": 613.4999858736992,
            "max": 742.0999692678452,
            "count": 4
        },
        "3DBall.Policy.ExtrinsicReward.mean": {
            "value": 1.792512003062428,
            "min": 1.1510318684309553,
            "max": 1.792512003062428,
            "count": 4
        },
        "3DBall.Policy.ExtrinsicReward.sum": {
            "value": 742.0999692678452,
            "min": 613.4999858736992,
            "max": 742.0999692678452,
            "count": 4
        },
        "3DBall.IsTraining.mean": {
            "value": 1.0,
            "min": 1.0,
            "max": 1.0,
            "count": 4
        },
        "3DBall.IsTraining.sum": {
            "value": 1.0,
            "min": 1.0,
            "max": 1.0,
            "count": 4
        },
        "3DBall.Losses.PolicyLoss.mean": {
            "value": 0.2142537571731599,
            "min": 0.21236830313658028,
            "max": 0.2142537571731599,
            "count": 3
        },
        "3DBall.Losses.PolicyLoss.sum": {
            "value": 0.2142537571731599,
            "min": 0.21236830313658028,
            "max": 0.2142537571731599,
            "count": 3
        },
        "3DBall.Losses.ValueLoss.mean": {
            "value": 0.2134488174709043,
            "min": 0.198462812023749,
            "max": 0.22450156244081454,
            "count": 3
        },
        "3DBall.Losses.ValueLoss.sum": {
            "value": 0.2134488174709043,
            "min": 0.198462812023749,
            "max": 0.22450156244081454,
            "count": 3
        },
        "3DBall.Policy.LearningRate.mean": {
            "value": 0.0002782092072636,
            "min": 0.0002782092072636,
            "max": 0.0002927328024223999,
            "count": 3
        },
        "3DBall.Policy.LearningRate.sum": {
            "value": 0.0002782092072636,
            "min": 0.0002782092072636,
            "max": 0.0002927328024223999,
            "count": 3
        },
        "3DBall.Policy.Epsilon.mean": {
            "value": 0.14636819999999998,
            "min": 0.14636819999999998,
            "max": 0.14878879999999997,
            "count": 3
        },
        "3DBall.Policy.Epsilon.sum": {
            "value": 0.14636819999999998,
            "min": 0.14636819999999998,
            "max": 0.14878879999999997,
            "count": 3
        },
        "3DBall.Policy.Beta.mean": {
            "value": 0.00120629956,
            "min": 0.00120629956,
            "max": 0.0012687510399999999,
            "count": 3
        },
        "3DBall.Policy.Beta.sum": {
            "value": 0.00120629956,
            "min": 0.00120629956,
            "max": 0.0012687510399999999,
            "count": 3
        }
    },
    "metadata": {
        "timer_format_version": "0.1.0",
        "start_time_seconds": "1764937074",
        "python_version": "3.10.11 (tags/v3.10.11:7d4cc5a, Apr  5 2023, 00:38:17) [MSC v.1929 64 bit (AMD64)]",
        "command_line_arguments": "C:\\Users\\moebn\\Documents\\University\\Project 2-1\\project_2_1_group_7\\venv\\Scripts\\mlagents-learn Config/training_config.yaml --run-id=run_batch_size14_buffer_size12100_learning_rate0.0003_beta0.0013_epsilon0.15 --time-scale=20 --env=3DBall_environment/UnityEnvironment.exe --no-graphics",
        "mlagents_version": "1.0.0",
        "mlagents_envs_version": "1.0.0",
        "communication_protocol_version": "1.5.0",
        "pytorch_version": "2.9.1+cpu",
        "numpy_version": "1.23.5",
        "end_time_seconds": "1764937117"
    },
    "total": 43.00387790000241,
    "count": 1,
    "self": 0.16902619999018498,
    "children": {
        "run_training.setup": {
            "total": 0.06846140000561718,
            "count": 1,
            "self": 0.06846140000561718
        },
        "TrainerController.start_learning": {
            "total": 42.766390300006606,
            "count": 1,
            "self": 0.04980469972360879,
            "children": {
                "TrainerController._reset_env": {
                    "total": 3.433910100007779,
                    "count": 1,
                    "self": 3.433910100007779
                },
                "TrainerController.advance": {
                    "total": 39.276482400280656,
                    "count": 5689,
                    "self": 0.05113489997165743,
                    "children": {
                        "env_step": {
                            "total": 13.991410000176984,
                            "count": 5689,
                            "self": 12.46691249984724,
                            "children": {
                                "SubprocessEnvManager._take_step": {
                                    "total": 1.4903567001019837,
                                    "count": 5689,
                                    "self": 0.11991779987874907,
                                    "children": {
                                        "TorchPolicy.evaluate": {
                                            "total": 1.3704389002232347,
                                            "count": 4193,
                                            "self": 1.3704389002232347
                                        }
                                    }
                                },
                                "workers": {
                                    "total": 0.03414080022776034,
                                    "count": 5689,
                                    "self": 0.0,
                                    "children": {
                                        "worker_root": {
                                            "total": 39.89642949968402,
                                            "count": 5689,
                                            "is_parallel": true,
                                            "self": 30.374190800619544,
                                            "children": {
                                                "steps_from_proto": {
                                                    "total": 0.0002615999983390793,
                                                    "count": 1,