{
    "name": "root",
    "gauges": {
        "3DBall.Policy.Entropy.mean": {
            "value": 1.3731430768966675,
            "min": 1.3731430768966675,
            "max": 1.4189382791519165,
            "count": 4
        },
        "3DBall.Policy.Entropy.sum": {
            "value": 16675.44921875,
            "min": 16675.44921875,
            "max": 17214.55859375,
            "count": 4
        },
        "3DBall.Environment.EpisodeLength.mean": {
            "value": 39.00666666666667,
            "min": 21.990421455938698,
            "max": 39.00666666666667,
            "count": 4
        },
        "3DBall.Environment.EpisodeLength.sum": {
            "value": 11702.0,
            "min": 11479.0,
            "max": 11702.0,
            "count": 4
        },
        "3DBall.Step.mean": {
            "value": 47958.0,
            "min": 11982.0,
            "max": 47958.0,
            "count": 4
        },
        "3DBall.Step.sum": {
            "value": 47958.0,
            "min": 11982.0,
            "max": 47958.0,
            "count": 4
        },
        "3DBall.Policy.ExtrinsicValueEstimate.mean": {
            "value": 0.6287866234779358,
            "min": 0.21932148933410645,
            "max": 0.6287866234779358,
            "count": 4
        },
        "3DBall.Policy.ExtrinsicValueEstimate.sum": {
            "value": 188.635986328125,
            "min": 114.26649475097656,
            "max": 188.635986328125,
            "count": 4
        },
        "3DBall.Environment.CumulativeReward.mean": {
            "value": 2.890000026623408,
            "min": 1.1998080294329008,
            "max": 2.890000026623408,
            "count": 4
        },
        "3DBall.Environment.CumulativeReward.sum": {
            "value": 867.0000079870224,
            "min": 625.0999833345413,
            "max": 867.0000079870224,
            "count": 4
        },
        "3DBall.Policy.ExtrinsicReward.mean": {
            "value": 2.890000026623408,
            "min": 1.1998080294329008,
            "max": 2.890000026623408,
            "count": 4
        },
        "3DBall.Policy.ExtrinsicReward.sum": {
            "value": 867.0000079870224,
            "min": 625.0999833345413,
            "max": 867.0000079870224,
            "count": 4
        },
        "3DBall.IsTraining.mean": {
            "value": 1.0,
            "min": 1.0,
            "max": 1.0,
            "count": 4
        },
        "3DBall.IsTraining.sum": {
            "value": 1.0,
            "min": 1.0,
            "max": 1.0,
            "count": 4
        },
        "3DBall.Losses.PolicyLoss.mean": {
            "value": 0.16352666788661385,
            "min": 0.1522758539399655,
            "max": 0.16352666788661385,
            "count": 3
        },
        "3DBall.Losses.PolicyLoss.sum": {
            "value": 0.16352666788661385,
            "min": 0.1522758539399655,
            "max": 0.16352666788661385,
            "count": 3
        },
        "3DBall.Losses.ValueLoss.mean": {
            "value": 0.3883903078579654,
            "min": 0.2155719759064682,
            "max": 0.3883903078579654,
            "count": 3
        },
        "3DBall.Losses.ValueLoss.sum": {
            "value": 0.3883903078579654,
            "min": 0.2155719759064682,
            "max": 0.3883903078579654,
            "count": 3
        },
        "3DBall.Policy.LearningRate.mean": {
            "value": 0.00037094080726479987,
            "min": 0.00037094080726479987,
            "max": 0.00039031200242199996,
            "count": 3
        },
        "3DBall.Policy.LearningRate.sum": {
            "value": 0.00037094080726479987,
            "min": 0.00037094080726479987,
            "max": 0.00039031200242199996,
            "count": 3
        },
        "3DBall.Policy.Epsilon.mean": {
            "value": 0.2391028,
            "min": 0.2391028,
            "max": 0.24636700000000006,
            "count": 3
        },
        "3DBall.Policy.Epsilon.sum": {
            "value": 0.2391028,
            "min": 0.2391028,
            "max": 0.24636700000000006,
            "count": 3
        },
        "3DBall.Policy.Beta.mean": {
            "value": 0.0009280784800000002,
            "min": 0.0009280784800000002,
            "max": 0.0009760221999999999,
            "count": 3
        },
        "3DBall.Policy.Beta.sum": {
            "value": 0.0009280784800000002,
            "min": 0.0009280784800000002,
            "max": 0.0009760221999999999,
            "count": 3
        }
    },
    "metadata": {
        "timer_format_version": "0.1.0",
        "start_time_seconds": "1765060681",
        "python_version": "3.10.11 (tags/v3.10.11:7d4cc5a, Apr  5 2023, 00:38:17) [MSC v.1929 64 bit (AMD64)]",
        "command_line_arguments": "C:\\Users\\moebn\\Documents\\University\\Project 2-1\\project_2_1_group_7\\venv\\Scripts\\mlagents-learn Config/training_config.yaml --run-id=run_batch_size27_buffer_size12100_learning_rate0.0004_beta0.001_epsilon0.25 --time-scale=20 --env=3DBall_environment/UnityEnvironment.exe --no-graphics",
        "mlagents_version": "1.0.0",
        "mlagents_envs_version": "1.0.0",
        "communication_protocol_version": "1.5.0",
        "pytorch_version": "2.9.1+cpu",
        "numpy_version": "1.23.5",
        "end_time_seconds": "1765060718"
    },
    "total": 36.80325420000008,
    "count": 1,
    "self": 0.21592950000194833,
    "children": {
        "run_training.setup": {
            "total": 0.06714759999886155,
            "count": 1,
            "self": 0.06714759999886155
        },
        "TrainerController.start_learning": {
            "total": 36.52017709999927,
            "count": 1,
            "self": 0.049099000374553725,
            "children": {
                "TrainerController._reset_env": {
                    "total": 6.056885300000431,
                    "count": 1,
                    "self": 6.056885300000431
                },
                "TrainerController.advance": {
                    "total": 30.407977999624563,
                    "count": 5582,
                    "self": 0.04766630026279017,
                    "children": {
                        "env_step": {
                            "total": 13.8156373003294,
                            "count": 5582,
                            "self": 12.264019700320205,
                            "children": {
                                "SubprocessEnvManager._take_step": {
                                    "total": 1.517731200074195,
                                    "count": 5582,
                                    "self": 0.1234389004384866,
                                    "children": {
                                        "TorchPolicy.evaluate": {
                                            "total": 1.3942922996357083,
                                            "count": 4221,
                                            "self": 1.3942922996357083
                                        }
                                    }
                                },
                                "workers": {
                                    "total": 0.033886399934999645,
                                    "count": 5582,
                                    "self": 0.0,
                                    "children": {
                                        "worker_root": {
                                            "total": 30.983788199999253,
                                            "count": 5582,
                                            "is_parallel": true,
                                            "self": 21.65494900025078,
                                            "children": {
                                                "steps_from_proto": {
                                                    "total": 0.00023800000781193376,
                                                    "count": 1,