{
    "name": "root",
    "gauges": {
        "3DBall.Policy.Entropy.mean": {
            "value": 1.4042783975601196,
            "min": 1.4042783975601196,
            "max": 1.4189382791519165,
            "count": 4
        },
        "3DBall.Policy.Entropy.sum": {
            "value": 16817.638671875,
            "min": 16817.638671875,
            "max": 17299.6953125,
            "count": 4
        },
        "3DBall.Environment.EpisodeLength.mean": {
            "value": 26.099322799097067,
            "min": 21.908571428571427,
            "max": 26.099322799097067,
            "count": 4
        },
        "3DBall.Environment.EpisodeLength.sum": {
            "value": 11562.0,
            "min": 11487.0,
            "max": 11562.0,
            "count": 4
        },
        "3DBall.Step.mean": {
            "value": 47989.0,
            "min": 11996.0,
            "max": 47989.0,
            "count": 4
        },
        "3DBall.Step.sum": {
            "value": 47989.0,
            "min": 11996.0,
            "max": 47989.0,
            "count": 4
        },
        "3DBall.Policy.ExtrinsicValueEstimate.mean": {
            "value": 0.3192702531814575,
            "min": -0.4039932191371918,
            "max": 0.3192702531814575,
            "count": 4
        },
        "3DBall.Policy.ExtrinsicValueEstimate.sum": {
            "value": 141.4367218017578,
            "min": -211.69244384765625,
            "max": 141.4367218017578,
            "count": 4
        },
        "3DBall.Environment.CumulativeReward.mean": {
            "value": 1.6101579426642734,
            "min": 1.1893129412454504,
            "max": 1.6101579426642734,
            "count": 4
        },
        "3DBall.Environment.CumulativeReward.sum": {
            "value": 713.2999686002731,
            "min": 623.199981212616,
            "max": 713.2999686002731,
            "count": 4
        },
        "3DBall.Policy.ExtrinsicReward.mean": {
            "value": 1.6101579426642734,
            "min": 1.1893129412454504,
            "max": 1.6101579426642734,
            "count": 4
        },
        "3DBall.Policy.ExtrinsicReward.sum": {
            "value": 713.2999686002731,
            "min": 623.199981212616,
            "max": 713.2999686002731,
            "count": 4
        },
        "3DBall.IsTraining.mean": {
            "value": 1.0,
            "min": 1.0,
            "max": 1.0,
            "count": 4
        },
        "3DBall.IsTraining.sum": {
            "value": 1.0,
            "min": 1.0,
            "max": 1.0,
            "count": 4
        },
        "3DBall.Losses.PolicyLoss.mean": {
            "value": 0.1553635947915022,
            "min": 0.1539780967133995,
            "max": 0.1553635947915022,
            "count": 2
        },
        "3DBall.Losses.PolicyLoss.sum": {
            "value": 0.1553635947915022,
            "min": 0.1539780967133995,
            "max": 0.1553635947915022,
            "count": 2
        },
        "3DBall.Losses.ValueLoss.mean": {
            "value": 0.20331925791673386,
            "min": 0.20331925791673386,
            "max": 0.26878259341501265,
            "count": 2
        },
        "3DBall.Losses.ValueLoss.sum": {
            "value": 0.20331925791673386,
            "min": 0.20331925791673386,
            "max": 0.26878259341501265,
            "count": 2
        },
        "3DBall.Policy.LearningRate.mean": {
            "value": 0.00018646520676740002,
            "min": 0.00018646520676740002,
            "max": 0.00019323000338499998,
            "count": 2
        },
        "3DBall.Policy.LearningRate.sum": {
            "value": 0.00018646520676740002,
            "min": 0.00018646520676740002,
            "max": 0.00019323000338499998,
            "count": 2
        },
        "3DBall.Policy.Epsilon.mean": {
            "value": 0.1932326,
            "min": 0.1932326,
            "max": 0.19661500000000004,
            "count": 2
        },
        "3DBall.Policy.Epsilon.sum": {
            "value": 0.1932326,
            "min": 0.1932326,
            "max": 0.19661500000000004,
            "count": 2
        },
        "3DBall.Policy.Beta.mean": {
            "value": 0.00121270054,
            "min": 0.00121270054,
            "max": 0.0012563334999999996,
            "count": 2
        },
        "3DBall.Policy.Beta.sum": {
            "value": 0.00121270054,
            "min": 0.00121270054,
            "max": 0.0012563334999999996,
            "count": 2
        }
    },
    "metadata": {
        "timer_format_version": "0.1.0",
        "start_time_seconds": "1765069530",
        "python_version": "3.10.11 (tags/v3.10.11:7d4cc5a, Apr  5 2023, 00:38:17) [MSC v.1929 64 bit (AMD64)]",
        "command_line_arguments": "C:\\Users\\moebn\\Documents\\University\\Project 2-1\\project_2_1_group_7\\venv\\Scripts\\mlagents-learn Config/training_config.yaml --run-id=run_batch_size27_buffer_size16900_learning_rate0.0002_beta0.0013_epsilon0.2 --time-scale=20 --env=3DBall_environment/UnityEnvironment.exe --no-graphics",
        "mlagents_version": "1.0.0",
        "mlagents_envs_version": "1.0.0",
        "communication_protocol_version": "1.5.0",
        "pytorch_version": "2.9.1+cpu",
        "numpy_version": "1.23.5",
        "end_time_seconds": "1765069561"
    },
    "total": 31.40706090000458,
    "count": 1,
    "self": 0.1896755000052508,
    "children": {
        "run_training.setup": {
            "total": 0.06739789999846835,
            "count": 1,
            "self": 0.06739789999846835
        },
        "TrainerController.start_learning": {
            "total": 31.14998750000086,
            "count": 1,
            "self": 0.050756999364239164,
            "children": {
                "TrainerController._reset_env": {
                    "total": 5.00675990000309,
                    "count": 1,
                    "self": 5.00675990000309
                },
                "TrainerController.advance": {
                    "total": 26.085743400632055,
                    "count": 5730,
                    "self": 0.04832950029231142,
                    "children": {
                        "env_step": {
                            "total": 14.248179399961373,
                            "count": 5730,
                            "self": 12.715233700044337,
                            "children": {
                                "SubprocessEnvManager._take_step": {
                                    "total": 1.498035400203662,
                                    "count": 5730,
                                    "self": 0.12075970017758664,
                                    "children": {
                                        "TorchPolicy.evaluate": {
                                            "total": 1.3772757000260754,
                                            "count": 4181,
                                            "self": 1.3772757000260754
                                        }
                                    }
                                },
                                "workers": {
                                    "total": 0.034910299713374116,
                                    "count": 5730,
                                    "self": 0.0,
                                    "children": {
                                        "worker_root": {
                                            "total": 26.586451000053785,
                                            "count": 5730,
                                            "is_parallel": true,
                                            "self": 16.875223699520575,
                                            "children": {
                                                "steps_from_proto": {
                                                    "total": 0.00029010001162532717,
                                                    "count": 1,