{
    "name": "root",
    "gauges": {
        "3DBall.Policy.Entropy.mean": {
            "value": 1.413560152053833,
            "min": 1.413560152053833,
            "max": 1.418255090713501,
            "count": 4
        },
        "3DBall.Policy.Entropy.sum": {
            "value": 17268.05078125,
            "min": 16953.17578125,
            "max": 17325.404296875,
            "count": 4
        },
        "3DBall.Environment.EpisodeLength.mean": {
            "value": 34.226470588235294,
            "min": 21.638418079096045,
            "max": 34.226470588235294,
            "count": 4
        },
        "3DBall.Environment.EpisodeLength.sum": {
            "value": 11637.0,
            "min": 11490.0,
            "max": 11637.0,
            "count": 4
        },
        "3DBall.Step.mean": {
            "value": 47941.0,
            "min": 11994.0,
            "max": 47941.0,
            "count": 4
        },
        "3DBall.Step.sum": {
            "value": 47941.0,
            "min": 11994.0,
            "max": 47941.0,
            "count": 4
        },
        "3DBall.Policy.ExtrinsicValueEstimate.mean": {
            "value": 0.5834125280380249,
            "min": -0.10168827325105667,
            "max": 0.5834125280380249,
            "count": 4
        },
        "3DBall.Policy.ExtrinsicValueEstimate.sum": {
            "value": 198.36026000976562,
            "min": -53.89478302001953,
            "max": 198.36026000976562,
            "count": 4
        },
        "3DBall.Environment.CumulativeReward.mean": {
            "value": 2.4149999530876385,
            "min": 1.1630188321167567,
            "max": 2.4149999530876385,
            "count": 4
        },
        "3DBall.Environment.CumulativeReward.sum": {
            "value": 821.0999840497971,
            "min": 616.3999810218811,
            "max": 821.0999840497971,
            "count": 4
        },
        "3DBall.Policy.ExtrinsicReward.mean": {
            "value": 2.4149999530876385,
            "min": 1.1630188321167567,
            "max": 2.4149999530876385,
            "count": 4
        },
        "3DBall.Policy.ExtrinsicReward.sum": {
            "value": 821.0999840497971,
            "min": 616.3999810218811,
            "max": 821.0999840497971,
            "count": 4
        },
        "3DBall.Losses.PolicyLoss.mean": {
            "value": 0.11098813280479528,
            "min": 0.1051745821054643,
            "max": 0.11114601891170858,
            "count": 4
        },
        "3DBall.Losses.PolicyLoss.sum": {
            "value": 0.22197626560959055,
            "min": 0.1051745821054643,
            "max": 0.22197626560959055,
            "count": 4
        },
        "3DBall.Losses.ValueLoss.mean": {
            "value": 0.5466771286862773,
            "min": 0.34809741964518737,
            "max": 0.931093316939142,
            "count": 4
        },
        "3DBall.Losses.ValueLoss.sum": {
            "value": 1.0933542573725545,
            "min": 0.34809741964518737,
            "max": 1.0933542573725545,
            "count": 4
        },
        "3DBall.Policy.LearningRate.mean": {
            "value": 9.19468080532e-05,
            "min": 9.19468080532e-05,
            "max": 9.853460146540003e-05,
            "count": 4
        },
        "3DBall.Policy.LearningRate.sum": {
            "value": 0.0001838936161064,
            "min": 9.414420585580002e-05,
            "max": 0.0001926786073214,
            "count": 4
        },
        "3DBall.Policy.Epsilon.mean": {
            "value": 0.1919468,
            "min": 0.1919468,
            "max": 0.19853459999999995,
            "count": 4
        },
        "3DBall.Policy.Epsilon.sum": {
            "value": 0.3838936,
            "min": 0.19414420000000002,
            "max": 0.3926786000000001,
            "count": 4
        },
        "3DBall.Policy.Beta.mean": {
            "value": 0.00110416692,
            "min": 0.00110416692,
            "max": 0.0011825617400000005,
            "count": 4
        },
        "3DBall.Policy.Beta.sum": {
            "value": 0.00220833384,
            "min": 0.00113031598,
            "max": 0.0023128753399999993,
            "count": 4
        },
        "3DBall.IsTraining.mean": {
            "value": 1.0,
            "min": 1.0,
            "max": 1.0,
            "count": 4
        },
        "3DBall.IsTraining.sum": {
            "value": 1.0,
            "min": 1.0,
            "max": 1.0,
            "count": 4
        }
    },
    "metadata": {
        "timer_format_version": "0.1.0",
        "start_time_seconds": "1765139899",
        "python_version": "3.10.11 (tags/v3.10.11:7d4cc5a, Apr  5 2023, 00:38:17) [MSC v.1929 64 bit (AMD64)]",
        "command_line_arguments": "C:\\Users\\moebn\\Documents\\University\\Project 2-1\\project_2_1_group_7\\venv\\Scripts\\mlagents-learn Config/training_config.yaml --run-id=run_batch_size53_buffer_size7300_learning_rate0.0001_beta0.0012_epsilon0.2 --time-scale=20 --env=3DBall_environment/UnityEnvironment.exe --no-graphics",
        "mlagents_version": "1.0.0",
        "mlagents_envs_version": "1.0.0",
        "communication_protocol_version": "1.5.0",
        "pytorch_version": "2.9.1+cpu",
        "numpy_version": "1.23.5",
        "end_time_seconds": "1765139930"
    },
    "total": 31.306627599988133,
    "count": 1,
    "self": 0.19497429998591542,
    "children": {
        "run_training.setup": {
            "total": 0.07145100002526306,
            "count": 1,
            "self": 0.07145100002526306
        },
        "TrainerController.start_learning": {
            "total": 31.040202299976954,
            "count": 1,
            "self": 0.04835620036465116,
            "children": {
                "TrainerController._reset_env": {
                    "total": 6.456725299998652,
                    "count": 1,
                    "self": 6.456725299998652
                },
                "TrainerController.advance": {
                    "total": 24.52858469961211,
                    "count": 5571,
                    "self": 0.046873899787897244,
                    "children": {
                        "env_step": {
                            "total": 14.177043399220565,
                            "count": 5571,
                            "self": 12.601817600836512,
                            "children": {
                                "SubprocessEnvManager._take_step": {
                                    "total": 1.5420367991318926,
                                    "count": 5571,
                                    "self": 0.11931630002800375,
                                    "children": {
                                        "TorchPolicy.evaluate": {
                                            "total": 1.4227204991038889,
                                            "count": 4186,
                                            "self": 1.4227204991038889
                                        }
                                    }
                                },
                                "workers": {
                                    "total": 0.03318899925216101,
                                    "count": 5571,
                                    "self": 0.0,
                                    "children": {
                                        "worker_root": {
                                            "total": 25.10095020054723,
                                            "count": 5571,
                                            "is_parallel": true,
                                            "self": 15.438608500146074,
                                            "children": {
                                                "steps_from_proto": {
                                                    "total": 0.0003226000117138028,
                                                    "count": 1,
                                                    "is_parallel": true,