{
    "name": "root",
    "gauges": {
        "3DBall.Policy.Entropy.mean": {
            "value": 1.389654517173767,
            "min": 1.389654517173767,
            "max": 1.4272207021713257,
            "count": 4
        },
        "3DBall.Policy.Entropy.sum": {
            "value": 21495.17578125,
            "min": 17143.775390625,
            "max": 21495.17578125,
            "count": 4
        },
        "3DBall.Environment.EpisodeLength.mean": {
            "value": 102.3170731707317,
            "min": 22.624015748031496,
            "max": 102.3170731707317,
            "count": 4
        },
        "3DBall.Environment.EpisodeLength.sum": {
            "value": 12585.0,
            "min": 11493.0,
            "max": 12585.0,
            "count": 4
        },
        "3DBall.Step.mean": {
            "value": 47960.0,
            "min": 11970.0,
            "max": 47960.0,
            "count": 4
        },
        "3DBall.Step.sum": {
            "value": 47960.0,
            "min": 11970.0,
            "max": 47960.0,
            "count": 4
        },
        "3DBall.Policy.ExtrinsicValueEstimate.mean": {
            "value": 2.4063961505889893,
            "min": 0.09484842419624329,
            "max": 2.4063961505889893,
            "count": 4
        },
        "3DBall.Policy.ExtrinsicValueEstimate.sum": {
            "value": 295.9867248535156,
            "min": 48.08815002441406,
            "max": 295.9867248535156,
            "count": 4
        },
        "3DBall.Environment.CumulativeReward.mean": {
            "value": 8.645529839081492,
            "min": 1.2609467076126641,
            "max": 8.645529839081492,
            "count": 4
        },
        "3DBall.Environment.CumulativeReward.sum": {
            "value": 1063.4001702070236,
            "min": 639.2999807596207,
            "max": 1063.4001702070236,
            "count": 4
        },
        "3DBall.Policy.ExtrinsicReward.mean": {
            "value": 8.645529839081492,
            "min": 1.2609467076126641,
            "max": 8.645529839081492,
            "count": 4
        },
        "3DBall.Policy.ExtrinsicReward.sum": {
            "value": 1063.4001702070236,
            "min": 639.2999807596207,
            "max": 1063.4001702070236,
            "count": 4
        },
        "3DBall.Losses.PolicyLoss.mean": {
            "value": 0.21778739328627877,
            "min": 0.20973533897481766,
            "max": 0.21778739328627877,
            "count": 4
        },
        "3DBall.Losses.PolicyLoss.sum": {
            "value": 0.43557478657255755,
            "min": 0.41947067794963533,
            "max": 0.6298482795995025,
            "count": 4
        },
        "3DBall.Losses.ValueLoss.mean": {
            "value": 2.3691538387061284,
            "min": 0.2315772213802564,
            "max": 2.3691538387061284,
            "count": 4
        },
        "3DBall.Losses.ValueLoss.sum": {
            "value": 4.738307677412257,
            "min": 0.4631544427605128,
            "max": 4.738307677412257,
            "count": 4
        },
        "3DBall.Policy.LearningRate.mean": {
            "value": 0.0002748852083716,
            "min": 0.0002748852083716,
            "max": 0.0002955795014735,
            "count": 4
        },
        "3DBall.Policy.LearningRate.sum": {
            "value": 0.0005497704167432,
            "min": 0.0005497704167432,
            "max": 0.0008469252176915997,
            "count": 4
        },
        "3DBall.Policy.Epsilon.mean": {
            "value": 0.1458142,
            "min": 0.1458142,
            "max": 0.14926325000000001,
            "count": 4
        },
        "3DBall.Policy.Epsilon.sum": {
            "value": 0.2916284,
            "min": 0.2916284,
            "max": 0.44115419999999994,
            "count": 4
        },
        "3DBall.Policy.Beta.mean": {
            "value": 0.00110037796,
            "min": 0.00110037796,
            "max": 0.0011824653499999999,
            "count": 4
        },
        "3DBall.Policy.Beta.sum": {
            "value": 0.00220075592,
            "min": 0.00220075592,
            "max": 0.0033894699599999996,
            "count": 4
        },
        "3DBall.IsTraining.mean": {
            "value": 1.0,
            "min": 1.0,
            "max": 1.0,
            "count": 4
        },
        "3DBall.IsTraining.sum": {
            "value": 1.0,
            "min": 1.0,
            "max": 1.0,
            "count": 4
        }
    },
    "metadata": {
        "timer_format_version": "0.1.0",
        "start_time_seconds": "1764919370",
        "python_version": "3.10.11 (tags/v3.10.11:7d4cc5a, Apr  5 2023, 00:38:17) [MSC v.1929 64 bit (AMD64)]",
        "command_line_arguments": "C:\\Users\\moebn\\Documents\\University\\Project 2-1\\project_2_1_group_7\\venv\\Scripts\\mlagents-learn Config/training_config.yaml --run-id=run_batch_size14_buffer_size4900_learning_rate0.0003_beta0.0012_epsilon0.15 --time-scale=20 --env=3DBall_environment/UnityEnvironment.exe --no-graphics",
        "mlagents_version": "1.0.0",
        "mlagents_envs_version": "1.0.0",
        "communication_protocol_version": "1.5.0",
        "pytorch_version": "2.9.1+cpu",
        "numpy_version": "1.23.5",
        "end_time_seconds": "1764919416"
    },
    "total": 46.009690300008515,
    "count": 1,
    "self": 0.21629390001180582,
    "children": {
        "run_training.setup": {
            "total": 0.06852239998988807,
            "count": 1,
            "self": 0.06852239998988807
        },
        "TrainerController.start_learning": {
            "total": 45.72487400000682,
            "count": 1,
            "self": 0.04724939951847773,
            "children": {
                "TrainerController._reset_env": {
                    "total": 4.382364400007646,
                    "count": 1,
                    "self": 4.382364400007646
                },
                "TrainerController.advance": {
                    "total": 41.288655600481434,
                    "count": 5514,
                    "self": 0.04632770112948492,
                    "children": {
                        "env_step": {
                            "total": 14.38595759938471,
                            "count": 5514,
                            "self": 12.621454199121217,
                            "children": {
                                "SubprocessEnvManager._take_step": {
                                    "total": 1.731342900180607,
                                    "count": 5514,
                                    "self": 0.25131949975911994,
                                    "children": {
                                        "TorchPolicy.evaluate": {
                                            "total": 1.4800234004214872,
                                            "count": 4484,
                                            "self": 1.4800234004214872
                                        }
                                    }
                                },
                                "workers": {
                                    "total": 0.033160500082885846,
                                    "count": 5514,
                                    "self": 0.0,
                                    "children": {
                                        "worker_root": {
                                            "total": 41.85961870041501,
                                            "count": 5514,
                                            "is_parallel": true,
                                            "self": 32.16580539983988,
                                            "children": {
                                                "steps_from_proto": {
                                                    "total": 0.00028330000350251794,
                                                    "count": 1,
                                                    "is_parallel": true,