{
    "name": "root",
    "gauges": {
        "3DBall.Policy.Entropy.mean": {
            "value": 1.4086987972259521,
            "min": 1.4086987972259521,
            "max": 1.4190504550933838,
            "count": 4
        },
        "3DBall.Policy.Entropy.sum": {
            "value": 17124.142578125,
            "min": 16935.3359375,
            "max": 17318.091796875,
            "count": 4
        },
        "3DBall.Environment.EpisodeLength.mean": {
            "value": 33.520114942528735,
            "min": 21.71266540642722,
            "max": 33.520114942528735,
            "count": 4
        },
        "3DBall.Environment.EpisodeLength.sum": {
            "value": 11665.0,
            "min": 11486.0,
            "max": 11665.0,
            "count": 4
        },
        "3DBall.Step.mean": {
            "value": 47994.0,
            "min": 11991.0,
            "max": 47994.0,
            "count": 4
        },
        "3DBall.Step.sum": {
            "value": 47994.0,
            "min": 11991.0,
            "max": 47994.0,
            "count": 4
        },
        "3DBall.Policy.ExtrinsicValueEstimate.mean": {
            "value": 0.6746334433555603,
            "min": 0.03908660262823105,
            "max": 0.6746334433555603,
            "count": 4
        },
        "3DBall.Policy.ExtrinsicValueEstimate.sum": {
            "value": 234.77243041992188,
            "min": 20.637725830078125,
            "max": 234.77243041992188,
            "count": 4
        },
        "3DBall.Environment.CumulativeReward.mean": {
            "value": 2.3488505266863724,
            "min": 1.1710226955738934,
            "max": 2.3488505266863724,
            "count": 4
        },
        "3DBall.Environment.CumulativeReward.sum": {
            "value": 817.3999832868576,
            "min": 618.2999832630157,
            "max": 817.3999832868576,
            "count": 4
        },
        "3DBall.Policy.ExtrinsicReward.mean": {
            "value": 2.3488505266863724,
            "min": 1.1710226955738934,
            "max": 2.3488505266863724,
            "count": 4
        },
        "3DBall.Policy.ExtrinsicReward.sum": {
            "value": 817.3999832868576,
            "min": 618.2999832630157,
            "max": 817.3999832868576,
            "count": 4
        },
        "3DBall.Losses.PolicyLoss.mean": {
            "value": 0.12888727852036946,
            "min": 0.12304800585793424,
            "max": 0.1293005314972049,
            "count": 4
        },
        "3DBall.Losses.PolicyLoss.sum": {
            "value": 0.2577745570407389,
            "min": 0.2577745570407389,
            "max": 0.3691440175738027,
            "count": 4
        },
        "3DBall.Losses.ValueLoss.mean": {
            "value": 0.6724228352550569,
            "min": 0.3004584564962308,
            "max": 0.6724228352550569,
            "count": 4
        },
        "3DBall.Losses.ValueLoss.sum": {
            "value": 1.3448456705101137,
            "min": 0.6009169129924616,
            "max": 1.3448456705101137,
            "count": 4
        },
        "3DBall.Policy.LearningRate.mean": {
            "value": 9.16339083661e-05,
            "min": 9.16339083661e-05,
            "max": 9.852910147089998e-05,
            "count": 4
        },
        "3DBall.Policy.LearningRate.sum": {
            "value": 0.0001832678167322,
            "min": 0.0001832678167322,
            "max": 0.00028229221770780004,
            "count": 4
        },
        "3DBall.Policy.Epsilon.mean": {
            "value": 0.09999999999999999,
            "min": 0.09999999999999998,
            "max": 0.09999999999999999,
            "count": 4
        },
        "3DBall.Policy.Epsilon.sum": {
            "value": 0.19999999999999998,
            "min": 0.19999999999999996,
            "max": 0.3,
            "count": 4
        },
        "3DBall.Policy.Beta.mean": {
            "value": 0.0011920773100000002,
            "min": 0.0011920773100000002,
            "max": 0.00128102539,
            "count": 4
        },
        "3DBall.Policy.Beta.sum": {
            "value": 0.0023841546200000004,
            "min": 0.0023841546200000004,
            "max": 0.0036715693799999997,
            "count": 4
        },
        "3DBall.IsTraining.mean": {
            "value": 1.0,
            "min": 1.0,
            "max": 1.0,
            "count": 4
        },
        "3DBall.IsTraining.sum": {
            "value": 1.0,
            "min": 1.0,
            "max": 1.0,
            "count": 4
        }
    },
    "metadata": {
        "timer_format_version": "0.1.0",
        "start_time_seconds": "1765093551",
        "python_version": "3.10.11 (tags/v3.10.11:7d4cc5a, Apr  5 2023, 00:38:17) [MSC v.1929 64 bit (AMD64)]",
        "command_line_arguments": "C:\\Users\\moebn\\Documents\\University\\Project 2-1\\project_2_1_group_7\\venv\\Scripts\\mlagents-learn Config/training_config.yaml --run-id=run_batch_size40_buffer_size4900_learning_rate0.0001_beta0.0013_epsilon0.1 --time-scale=20 --env=3DBall_environment/UnityEnvironment.exe --no-graphics",
        "mlagents_version": "1.0.0",
        "mlagents_envs_version": "1.0.0",
        "communication_protocol_version": "1.5.0",
        "pytorch_version": "2.9.1+cpu",
        "numpy_version": "1.23.5",
        "end_time_seconds": "1765093587"
    },
    "total": 35.26341880000837,
    "count": 1,
    "self": 0.22145820001605898,
    "children": {
        "run_training.setup": {
            "total": 0.06770079999114387,
            "count": 1,
            "self": 0.06770079999114387
        },
        "TrainerController.start_learning": {
            "total": 34.974259800001164,
            "count": 1,
            "self": 0.049103999277576804,
            "children": {
                "TrainerController._reset_env": {
                    "total": 7.519307099995785,
                    "count": 1,
                    "self": 7.519307099995785
                },
                "TrainerController.advance": {
                    "total": 27.399513900731108,
                    "count": 5580,
                    "self": 0.046194701542844996,
                    "children": {
                        "env_step": {
                            "total": 14.252660099504283,
                            "count": 5580,
                            "self": 12.684951499002636,
                            "children": {
                                "SubprocessEnvManager._take_step": {
                                    "total": 1.5342998006090056,
                                    "count": 5580,
                                    "self": 0.12056800036225468,
                                    "children": {
                                        "TorchPolicy.evaluate": {
                                            "total": 1.413731800246751,
                                            "count": 4201,
                                            "self": 1.413731800246751
                                        }
                                    }
                                },
                                "workers": {
                                    "total": 0.03340879989264067,
                                    "count": 5580,
                                    "self": 0.0,
                                    "children": {
                                        "worker_root": {
                                            "total": 27.97318210019148,
                                            "count": 5580,
                                            "is_parallel": true,
                                            "self": 18.298278499394655,
                                            "children": {
                                                "steps_from_proto": {
                                                    "total": 0.0003132999991066754,
                                                    "count": 1,