{
    "name": "root",
    "gauges": {
        "3DBall.Policy.Entropy.mean": {
            "value": 1.4085938930511475,
            "min": 1.4085938930511475,
            "max": 1.4189382791519165,
            "count": 4
        },
        "3DBall.Policy.Entropy.sum": {
            "value": 16936.93359375,
            "min": 16936.93359375,
            "max": 17214.55859375,
            "count": 4
        },
        "3DBall.Environment.EpisodeLength.mean": {
            "value": 24.09623430962343,
            "min": 20.768115942028984,
            "max": 24.09623430962343,
            "count": 4
        },
        "3DBall.Environment.EpisodeLength.sum": {
            "value": 11518.0,
            "min": 11451.0,
            "max": 11518.0,
            "count": 4
        },
        "3DBall.Step.mean": {
            "value": 47978.0,
            "min": 11977.0,
            "max": 47978.0,
            "count": 4
        },
        "3DBall.Step.sum": {
            "value": 47978.0,
            "min": 11977.0,
            "max": 47978.0,
            "count": 4
        },
        "3DBall.Policy.ExtrinsicValueEstimate.mean": {
            "value": 0.22178082168102264,
            "min": 0.19373750686645508,
            "max": 0.30597248673439026,
            "count": 4
        },
        "3DBall.Policy.ExtrinsicValueEstimate.sum": {
            "value": 106.01123046875,
            "min": 104.42451477050781,
            "max": 167.06097412109375,
            "count": 4
        },
        "3DBall.Environment.CumulativeReward.mean": {
            "value": 1.406066903010572,
            "min": 1.0778985252414925,
            "max": 1.406066903010572,
            "count": 4
        },
        "3DBall.Environment.CumulativeReward.sum": {
            "value": 672.0999796390533,
            "min": 594.9999859333038,
            "max": 672.0999796390533,
            "count": 4
        },
        "3DBall.Policy.ExtrinsicReward.mean": {
            "value": 1.406066903010572,
            "min": 1.0778985252414925,
            "max": 1.406066903010572,
            "count": 4
        },
        "3DBall.Policy.ExtrinsicReward.sum": {
            "value": 672.0999796390533,
            "min": 594.9999859333038,
            "max": 672.0999796390533,
            "count": 4
        },
        "3DBall.IsTraining.mean": {
            "value": 1.0,
            "min": 1.0,
            "max": 1.0,
            "count": 4
        },
        "3DBall.IsTraining.sum": {
            "value": 1.0,
            "min": 1.0,
            "max": 1.0,
            "count": 4
        },
        "3DBall.Losses.PolicyLoss.mean": {
            "value": 0.12457181493276946,
            "min": 0.12457181493276946,
            "max": 0.12909993457471444,
            "count": 2
        },
        "3DBall.Losses.PolicyLoss.sum": {
            "value": 0.12457181493276946,
            "min": 0.12457181493276946,
            "max": 0.12909993457471444,
            "count": 2
        },
        "3DBall.Losses.ValueLoss.mean": {
            "value": 0.21509590968077444,
            "min": 0.21509590968077444,
            "max": 0.4575352638156088,
            "count": 2
        },
        "3DBall.Losses.ValueLoss.sum": {
            "value": 0.21509590968077444,
            "min": 0.21509590968077444,
            "max": 0.4575352638156088,
            "count": 2
        },
        "3DBall.Policy.LearningRate.mean": {
            "value": 9.227660772340001e-05,
            "min": 9.227660772340001e-05,
            "max": 9.613940386059999e-05,
            "count": 2
        },
        "3DBall.Policy.LearningRate.sum": {
            "value": 9.227660772340001e-05,
            "min": 9.227660772340001e-05,
            "max": 9.613940386059999e-05,
            "count": 2
        },
        "3DBall.Policy.Epsilon.mean": {
            "value": 0.28455319999999995,
            "min": 0.28455319999999995,
            "max": 0.2922788,
            "count": 2
        },
        "3DBall.Policy.Epsilon.sum": {
            "value": 0.28455319999999995,
            "min": 0.28455319999999995,
            "max": 0.2922788,
            "count": 2
        },
        "3DBall.Policy.Beta.mean": {
            "value": 0.0012926447399999996,
            "min": 0.0012926447399999996,
            "max": 0.0013463376600000001,
            "count": 2
        },
        "3DBall.Policy.Beta.sum": {
            "value": 0.0012926447399999996,
            "min": 0.0012926447399999996,
            "max": 0.0013463376600000001,
            "count": 2
        }
    },
    "metadata": {
        "timer_format_version": "0.1.0",
        "start_time_seconds": "1765119220",
        "python_version": "3.10.11 (tags/v3.10.11:7d4cc5a, Apr  5 2023, 00:38:17) [MSC v.1929 64 bit (AMD64)]",
        "command_line_arguments": "C:\\Users\\moebn\\Documents\\University\\Project 2-1\\project_2_1_group_7\\venv\\Scripts\\mlagents-learn Config/training_config.yaml --run-id=run_batch_size40_buffer_size19300_learning_rate0.0001_beta0.0014_epsilon0.3 --time-scale=20 --env=3DBall_environment/UnityEnvironment.exe --no-graphics",
        "mlagents_version": "1.0.0",
        "mlagents_envs_version": "1.0.0",
        "communication_protocol_version": "1.5.0",
        "pytorch_version": "2.9.1+cpu",
        "numpy_version": "1.23.5",
        "end_time_seconds": "1765119248"
    },
    "total": 28.688936699996702,
    "count": 1,
    "self": 0.1711209999921266,
    "children": {
        "run_training.setup": {
            "total": 0.07202150000375696,
            "count": 1,
            "self": 0.07202150000375696
        },
        "TrainerController.start_learning": {
            "total": 28.44579420000082,
            "count": 1,
            "self": 0.05018929991638288,
            "children": {
                "TrainerController._reset_env": {
                    "total": 3.4474849999824073,
                    "count": 1,
                    "self": 3.4474849999824073
                },
                "TrainerController.advance": {
                    "total": 24.941147500096122,
                    "count": 5865,
                    "self": 0.048629398574121296,
                    "children": {
                        "env_step": {
                            "total": 14.400256702094339,
                            "count": 5865,
                            "self": 12.769278000952909,
                            "children": {
                                "SubprocessEnvManager._take_step": {
                                    "total": 1.5965677998028696,
                                    "count": 5865,
                                    "self": 0.11853019910631701,
                                    "children": {
                                        "TorchPolicy.evaluate": {
                                            "total": 1.4780376006965525,
                                            "count": 4182,
                                            "self": 1.4780376006965525
                                        }
                                    }
                                },
                                "workers": {
                                    "total": 0.03441090133856051,
                                    "count": 5865,
                                    "self": 0.0,
                                    "children": {
                                        "worker_root": {
                                            "total": 25.447215498948935,
                                            "count": 5865,
                                            "is_parallel": true,
                                            "self": 15.716487599129323,
                                            "children": {
                                                "steps_from_proto": {
                                                    "total": 0.00024349999148398638,
                                                    "count": 1,