{
    "name": "root",
    "gauges": {
        "3DBall.Policy.Entropy.mean": {
            "value": 1.3834038972854614,
            "min": 1.3834038972854614,
            "max": 1.4189382791519165,
            "count": 4
        },
        "3DBall.Policy.Entropy.sum": {
            "value": 16584.24609375,
            "min": 16584.24609375,
            "max": 17265.640625,
            "count": 4
        },
        "3DBall.Environment.EpisodeLength.mean": {
            "value": 33.88081395348837,
            "min": 22.065259117082533,
            "max": 33.88081395348837,
            "count": 4
        },
        "3DBall.Environment.EpisodeLength.sum": {
            "value": 11655.0,
            "min": 11496.0,
            "max": 11655.0,
            "count": 4
        },
        "3DBall.Step.mean": {
            "value": 47973.0,
            "min": 11995.0,
            "max": 47973.0,
            "count": 4
        },
        "3DBall.Step.sum": {
            "value": 47973.0,
            "min": 11995.0,
            "max": 47973.0,
            "count": 4
        },
        "3DBall.Policy.ExtrinsicValueEstimate.mean": {
            "value": 0.6724420785903931,
            "min": -0.7982178926467896,
            "max": 0.6724420785903931,
            "count": 4
        },
        "3DBall.Policy.ExtrinsicValueEstimate.sum": {
            "value": 231.320068359375,
            "min": -415.07330322265625,
            "max": 231.320068359375,
            "count": 4
        },
        "3DBall.Environment.CumulativeReward.mean": {
            "value": 2.4029069224069284,
            "min": 1.2067307280806394,
            "max": 2.4029069224069284,
            "count": 4
        },
        "3DBall.Environment.CumulativeReward.sum": {
            "value": 826.5999813079834,
            "min": 627.4999786019325,
            "max": 826.5999813079834,
            "count": 4
        },
        "3DBall.Policy.ExtrinsicReward.mean": {
            "value": 2.4029069224069284,
            "min": 1.2067307280806394,
            "max": 2.4029069224069284,
            "count": 4
        },
        "3DBall.Policy.ExtrinsicReward.sum": {
            "value": 826.5999813079834,
            "min": 627.4999786019325,
            "max": 826.5999813079834,
            "count": 4
        },
        "3DBall.IsTraining.mean": {
            "value": 1.0,
            "min": 1.0,
            "max": 1.0,
            "count": 4
        },
        "3DBall.IsTraining.sum": {
            "value": 1.0,
            "min": 1.0,
            "max": 1.0,
            "count": 4
        },
        "3DBall.Losses.PolicyLoss.mean": {
            "value": 0.12464155967271474,
            "min": 0.12411901768057723,
            "max": 0.12492515635337298,
            "count": 3
        },
        "3DBall.Losses.PolicyLoss.sum": {
            "value": 0.12464155967271474,
            "min": 0.12411901768057723,
            "max": 0.12492515635337298,
            "count": 3
        },
        "3DBall.Losses.ValueLoss.mean": {
            "value": 0.4148599756563982,
            "min": 0.2587972515323112,
            "max": 0.4148599756563982,
            "count": 3
        },
        "3DBall.Losses.ValueLoss.sum": {
            "value": 0.4148599756563982,
            "min": 0.2587972515323112,
            "max": 0.4148599756563982,
            "count": 3
        },
        "3DBall.Policy.LearningRate.mean": {
            "value": 0.0004635960072808,
            "min": 0.0004635960072808,
            "max": 0.00048787300242539994,
            "count": 3
        },
        "3DBall.Policy.LearningRate.sum": {
            "value": 0.0004635960072808,
            "min": 0.0004635960072808,
            "max": 0.00048787300242539994,
            "count": 3
        },
        "3DBall.Policy.Epsilon.mean": {
            "value": 0.19271920000000003,
            "min": 0.19271920000000003,
            "max": 0.19757459999999996,
            "count": 3
        },
        "3DBall.Policy.Epsilon.sum": {
            "value": 0.19271920000000003,
            "min": 0.19271920000000003,
            "max": 0.19757459999999996,
            "count": 3
        },
        "3DBall.Policy.Beta.mean": {
            "value": 0.00129879688,
            "min": 0.00129879688,
            "max": 0.0013662869399999995,
            "count": 3
        },
        "3DBall.Policy.Beta.sum": {
            "value": 0.00129879688,
            "min": 0.00129879688,
            "max": 0.0013662869399999995,
            "count": 3
        }
    },
    "metadata": {
        "timer_format_version": "0.1.0",
        "start_time_seconds": "1765110177",
        "python_version": "3.10.11 (tags/v3.10.11:7d4cc5a, Apr  5 2023, 00:38:17) [MSC v.1929 64 bit (AMD64)]",
        "command_line_arguments": "C:\\Users\\moebn\\Documents\\University\\Project 2-1\\project_2_1_group_7\\venv\\Scripts\\mlagents-learn Config/training_config.yaml --run-id=run_batch_size40_buffer_size12100_learning_rate0.0005_beta0.0014_epsilon0.2 --time-scale=20 --env=3DBall_environment/UnityEnvironment.exe --no-graphics",
        "mlagents_version": "1.0.0",
        "mlagents_envs_version": "1.0.0",
        "communication_protocol_version": "1.5.0",
        "pytorch_version": "2.9.1+cpu",
        "numpy_version": "1.23.5",
        "end_time_seconds": "1765110207"
    },
    "total": 30.505374900007155,
    "count": 1,
    "self": 0.1664258000382688,
    "children": {
        "run_training.setup": {
            "total": 0.06916989997262135,
            "count": 1,
            "self": 0.06916989997262135
        },
        "TrainerController.start_learning": {
            "total": 30.269779199996265,
            "count": 1,
            "self": 0.047484200360486284,
            "children": {
                "TrainerController._reset_env": {
                    "total": 3.4501927999954205,
                    "count": 1,
                    "self": 3.4501927999954205
                },
                "TrainerController.advance": {
                    "total": 26.765110999636818,
                    "count": 5561,
                    "self": 0.04625209962250665,
                    "children": {
                        "env_step": {
                            "total": 14.168790900526801,
                            "count": 5561,
                            "self": 12.587845501722768,
                            "children": {
                                "SubprocessEnvManager._take_step": {
                                    "total": 1.5480845003039576,
                                    "count": 5561,
                                    "self": 0.11947020055959001,
                                    "children": {
                                        "TorchPolicy.evaluate": {
                                            "total": 1.4286142997443676,
                                            "count": 4204,
                                            "self": 1.4286142997443676
                                        }
                                    }
                                },
                                "workers": {
                                    "total": 0.032860898500075564,
                                    "count": 5561,
                                    "self": 0.0,
                                    "children": {
                                        "worker_root": {
                                            "total": 27.370896099950187,
                                            "count": 5561,
                                            "is_parallel": true,
                                            "self": 17.748375100141857,
                                            "children": {
                                                "steps_from_proto": {
                                                    "total": 0.0002598999999463558,
                                                    "count": 1,