{
    "name": "root",
    "gauges": {
        "3DBall.Policy.Entropy.mean": {
            "value": 1.3886491060256958,
            "min": 1.3886491060256958,
            "max": 1.4188793897628784,
            "count": 4
        },
        "3DBall.Policy.Entropy.sum": {
            "value": 20813.072265625,
            "min": 17230.87109375,
            "max": 20813.072265625,
            "count": 4
        },
        "3DBall.Environment.EpisodeLength.mean": {
            "value": 205.3548387096774,
            "min": 23.03,
            "max": 205.3548387096774,
            "count": 4
        },
        "3DBall.Environment.EpisodeLength.sum": {
            "value": 12732.0,
            "min": 11515.0,
            "max": 12732.0,
            "count": 4
        },
        "3DBall.Step.mean": {
            "value": 47900.0,
            "min": 11989.0,
            "max": 47900.0,
            "count": 4
        },
        "3DBall.Step.sum": {
            "value": 47900.0,
            "min": 11989.0,
            "max": 47900.0,
            "count": 4
        },
        "3DBall.Policy.ExtrinsicValueEstimate.mean": {
            "value": 3.4587693214416504,
            "min": 0.06035803630948067,
            "max": 3.4587693214416504,
            "count": 4
        },
        "3DBall.Policy.ExtrinsicValueEstimate.sum": {
            "value": 214.44369506835938,
            "min": 30.11865997314453,
            "max": 265.5472106933594,
            "count": 4
        },
        "3DBall.Environment.CumulativeReward.mean": {
            "value": 18.580647906949444,
            "min": 1.302605175303075,
            "max": 18.580647906949444,
            "count": 4
        },
        "3DBall.Environment.CumulativeReward.sum": {
            "value": 1152.0001702308655,
            "min": 649.9999824762344,
            "max": 1152.0001702308655,
            "count": 4
        },
        "3DBall.Policy.ExtrinsicReward.mean": {
            "value": 18.580647906949444,
            "min": 1.302605175303075,
            "max": 18.580647906949444,
            "count": 4
        },
        "3DBall.Policy.ExtrinsicReward.sum": {
            "value": 1152.0001702308655,
            "min": 649.9999824762344,
            "max": 1152.0001702308655,
            "count": 4
        },
        "3DBall.Losses.PolicyLoss.mean": {
            "value": 0.1127964000507668,
            "min": 0.10627965820892071,
            "max": 0.11601011328710466,
            "count": 4
        },
        "3DBall.Losses.PolicyLoss.sum": {
            "value": 0.2255928001015336,
            "min": 0.22054334128344105,
            "max": 0.31883897462676214,
            "count": 4
        },
        "3DBall.Losses.ValueLoss.mean": {
            "value": 3.585841122284239,
            "min": 0.38190767674702375,
            "max": 3.585841122284239,
            "count": 4
        },
        "3DBall.Losses.ValueLoss.sum": {
            "value": 7.171682244568478,
            "min": 0.7638153534940475,
            "max": 7.171682244568478,
            "count": 4
        },
        "3DBall.Policy.LearningRate.mean": {
            "value": 0.0001830162084919,
            "min": 0.0001830162084919,
            "max": 0.0001970508014746,
            "count": 4
        },
        "3DBall.Policy.LearningRate.sum": {
            "value": 0.0003660324169838,
            "min": 0.0003660324169838,
            "max": 0.0005645280177360001,
            "count": 4
        },
        "3DBall.Policy.Epsilon.mean": {
            "value": 0.19150810000000001,
            "min": 0.19150810000000001,
            "max": 0.19852540000000002,
            "count": 4
        },
        "3DBall.Policy.Epsilon.sum": {
            "value": 0.38301620000000003,
            "min": 0.38301620000000003,
            "max": 0.5822640000000001,
            "count": 4
        },
        "3DBall.Policy.Beta.mean": {
            "value": 0.0011904544899999999,
            "min": 0.0011904544899999999,
            "max": 0.00128097766,
            "count": 4
        },
        "3DBall.Policy.Beta.sum": {
            "value": 0.0023809089799999997,
            "min": 0.0023809089799999997,
            "max": 0.0036712055999999996,
            "count": 4
        },
        "3DBall.IsTraining.mean": {
            "value": 1.0,
            "min": 1.0,
            "max": 1.0,
            "count": 4
        },
        "3DBall.IsTraining.sum": {
            "value": 1.0,
            "min": 1.0,
            "max": 1.0,
            "count": 4
        }
    },
    "metadata": {
        "timer_format_version": "0.1.0",
        "start_time_seconds": "1765136307",
        "python_version": "3.10.11 (tags/v3.10.11:7d4cc5a, Apr  5 2023, 00:38:17) [MSC v.1929 64 bit (AMD64)]",
        "command_line_arguments": "C:\\Users\\moebn\\Documents\\University\\Project 2-1\\project_2_1_group_7\\venv\\Scripts\\mlagents-learn Config/training_config.yaml --run-id=run_batch_size53_buffer_size4900_learning_rate0.0002_beta0.0013_epsilon0.2 --time-scale=20 --env=3DBall_environment/UnityEnvironment.exe --no-graphics",
        "mlagents_version": "1.0.0",
        "mlagents_envs_version": "1.0.0",
        "communication_protocol_version": "1.5.0",
        "pytorch_version": "2.9.1+cpu",
        "numpy_version": "1.23.5",
        "end_time_seconds": "1765136335"
    },
    "total": 28.405343699996592,
    "count": 1,
    "self": 0.15015219995984808,
    "children": {
        "run_training.setup": {
            "total": 0.07547360000899062,
            "count": 1,
            "self": 0.07547360000899062
        },
        "TrainerController.start_learning": {
            "total": 28.179717900027754,
            "count": 1,
            "self": 0.04592540083103813,
            "children": {
                "TrainerController._reset_env": {
                    "total": 3.4526950999861583,
                    "count": 1,
                    "self": 3.4526950999861583
                },
                "TrainerController.advance": {
                    "total": 24.674586199223995,
                    "count": 5335,
                    "self": 0.04601619631284848,
                    "children": {
                        "env_step": {
                            "total": 14.555964401748497,
                            "count": 5335,
                            "self": 12.793696204054868,
                            "children": {
                                "SubprocessEnvManager._take_step": {
                                    "total": 1.7308903989032842,
                                    "count": 5335,
                                    "self": 0.12428409879794344,
                                    "children": {
                                        "TorchPolicy.evaluate": {
                                            "total": 1.6066063001053408,
                                            "count": 4452,
                                            "self": 1.6066063001053408
                                        }
                                    }
                                },
                                "workers": {
                                    "total": 0.03137779879034497,
                                    "count": 5335,
                                    "self": 0.0,
                                    "children": {
                                        "worker_root": {
                                            "total": 25.27654889933183,
                                            "count": 5335,
                                            "is_parallel": true,
                                            "self": 15.444493298389716,
                                            "children": {
                                                "steps_from_proto": {
                                                    "total": 0.00034660001983866096,
                                                    "count": 1,