{
    "name": "root",
    "gauges": {
        "3DBall.Policy.Entropy.mean": {
            "value": 1.4129558801651,
            "min": 1.4129558801651,
            "max": 1.4189382791519165,
            "count": 4
        },
        "3DBall.Policy.Entropy.sum": {
            "value": 16972.42578125,
            "min": 16947.6328125,
            "max": 17299.6953125,
            "count": 4
        },
        "3DBall.Environment.EpisodeLength.mean": {
            "value": 34.11176470588235,
            "min": 23.252525252525253,
            "max": 34.11176470588235,
            "count": 4
        },
        "3DBall.Environment.EpisodeLength.sum": {
            "value": 11598.0,
            "min": 11510.0,
            "max": 11635.0,
            "count": 4
        },
        "3DBall.Step.mean": {
            "value": 47978.0,
            "min": 11990.0,
            "max": 47978.0,
            "count": 4
        },
        "3DBall.Step.sum": {
            "value": 47978.0,
            "min": 11990.0,
            "max": 47978.0,
            "count": 4
        },
        "3DBall.Policy.ExtrinsicValueEstimate.mean": {
            "value": 0.5041781067848206,
            "min": -0.04223965108394623,
            "max": 0.5041781067848206,
            "count": 4
        },
        "3DBall.Policy.ExtrinsicValueEstimate.sum": {
            "value": 171.42056274414062,
            "min": -20.86638832092285,
            "max": 171.42056274414062,
            "count": 4
        },
        "3DBall.Environment.CumulativeReward.mean": {
            "value": 2.424705853882958,
            "min": 1.327125461960611,
            "max": 2.424705853882958,
            "count": 4
        },
        "3DBall.Environment.CumulativeReward.sum": {
            "value": 824.3999903202057,
            "min": 655.5999782085419,
            "max": 824.3999903202057,
            "count": 4
        },
        "3DBall.Policy.ExtrinsicReward.mean": {
            "value": 2.424705853882958,
            "min": 1.327125461960611,
            "max": 2.424705853882958,
            "count": 4
        },
        "3DBall.Policy.ExtrinsicReward.sum": {
            "value": 824.3999903202057,
            "min": 655.5999782085419,
            "max": 824.3999903202057,
            "count": 4
        },
        "3DBall.IsTraining.mean": {
            "value": 1.0,
            "min": 1.0,
            "max": 1.0,
            "count": 4
        },
        "3DBall.IsTraining.sum": {
            "value": 1.0,
            "min": 1.0,
            "max": 1.0,
            "count": 4
        },
        "3DBall.Losses.PolicyLoss.mean": {
            "value": 0.0922237302072803,
            "min": 0.0922237302072803,
            "max": 0.09886595462922826,
            "count": 3
        },
        "3DBall.Losses.PolicyLoss.sum": {
            "value": 0.0922237302072803,
            "min": 0.0922237302072803,
            "max": 0.09886595462922826,
            "count": 3
        },
        "3DBall.Losses.ValueLoss.mean": {
            "value": 0.5072711577506664,
            "min": 0.4591898886666706,
            "max": 0.6522945915034994,
            "count": 3
        },
        "3DBall.Losses.ValueLoss.sum": {
            "value": 0.5072711577506664,
            "min": 0.4591898886666706,
            "max": 0.6522945915034994,
            "count": 3
        },
        "3DBall.Policy.LearningRate.mean": {
            "value": 9.273020726980003e-05,
            "min": 9.273020726980003e-05,
            "max": 9.757600242399998e-05,
            "count": 3
        },
        "3DBall.Policy.LearningRate.sum": {
            "value": 9.273020726980003e-05,
            "min": 9.273020726980003e-05,
            "max": 9.757600242399998e-05,
            "count": 3
        },
        "3DBall.Policy.Epsilon.mean": {
            "value": 0.1927302,
            "min": 0.1927302,
            "max": 0.197576,
            "count": 3
        },
        "3DBall.Policy.Epsilon.sum": {
            "value": 0.1927302,
            "min": 0.1927302,
            "max": 0.197576,
            "count": 3
        },
        "3DBall.Policy.Beta.mean": {
            "value": 0.00102075918,
            "min": 0.00102075918,
            "max": 0.0010735784000000003,
            "count": 3
        },
        "3DBall.Policy.Beta.sum": {
            "value": 0.00102075918,
            "min": 0.00102075918,
            "max": 0.0010735784000000003,
            "count": 3
        }
    },
    "metadata": {
        "timer_format_version": "0.1.0",
        "start_time_seconds": "1765211768",
        "python_version": "3.10.11 (tags/v3.10.11:7d4cc5a, Apr  5 2023, 00:38:17) [MSC v.1929 64 bit (AMD64)]",
        "command_line_arguments": "C:\\Users\\moebn\\Documents\\University\\Project 2-1\\project_2_1_group_7\\venv\\Scripts\\mlagents-learn Config/training_config.yaml --run-id=run_batch_size66_buffer_size12100_learning_rate0.0001_beta0.0011_epsilon0.2 --time-scale=20 --env=3DBall_environment/UnityEnvironment.exe --no-graphics",
        "mlagents_version": "1.0.0",
        "mlagents_envs_version": "1.0.0",
        "communication_protocol_version": "1.5.0",
        "pytorch_version": "2.9.1+cpu",
        "numpy_version": "1.23.5",
        "end_time_seconds": "1765211797"
    },
    "total": 29.098624899983406,
    "count": 1,
    "self": 0.275870199984638,
    "children": {
        "run_training.setup": {
            "total": 0.09254850001889281,
            "count": 1,
            "self": 0.09254850001889281
        },
        "TrainerController.start_learning": {
            "total": 28.730206199979875,
            "count": 1,
            "self": 0.04943909982102923,
            "children": {
                "TrainerController._reset_env": {
                    "total": 3.9114428000175394,
                    "count": 1,
                    "self": 3.9114428000175394
                },
                "TrainerController.advance": {
                    "total": 24.762887400138425,
                    "count": 5554,
                    "self": 0.04934490137384273,
                    "children": {
                        "env_step": {
                            "total": 14.064149099896895,
                            "count": 5554,
                            "self": 12.450468201132026,
                            "children": {
                                "SubprocessEnvManager._take_step": {
                                    "total": 1.5788728001352865,
                                    "count": 5554,
                                    "self": 0.12275010012672283,
                                    "children": {
                                        "TorchPolicy.evaluate": {
                                            "total": 1.4561227000085637,
                                            "count": 4197,
                                            "self": 1.4561227000085637
                                        }
                                    }
                                },
                                "workers": {
                                    "total": 0.03480809862958267,
                                    "count": 5554,
                                    "self": 0.0,
                                    "children": {
                                        "worker_root": {
                                            "total": 25.498350700130686,
                                            "count": 5554,
                                            "is_parallel": true,
                                            "self": 16.04855629929807,
                                            "children": {
                                                "steps_from_proto": {
                                                    "total": 0.0009489999793004245,
                                                    "count": 1,
                                                    "is_parallel": true,