{
    "name": "root",
    "gauges": {
        "3DBall.Policy.Entropy.mean": {
            "value": 1.2580984830856323,
            "min": 1.2580984830856323,
            "max": 1.4379587173461914,
            "count": 4
        },
        "3DBall.Policy.Entropy.sum": {
            "value": 15112.279296875,
            "min": 15112.279296875,
            "max": 20820.021484375,
            "count": 4
        },
        "3DBall.Environment.EpisodeLength.mean": {
            "value": 965.9230769230769,
            "min": 23.613496932515336,
            "max": 965.9230769230769,
            "count": 4
        },
        "3DBall.Environment.EpisodeLength.sum": {
            "value": 12557.0,
            "min": 11547.0,
            "max": 12557.0,
            "count": 4
        },
        "3DBall.Step.mean": {
            "value": 47806.0,
            "min": 11985.0,
            "max": 47806.0,
            "count": 4
        },
        "3DBall.Step.sum": {
            "value": 47806.0,
            "min": 11985.0,
            "max": 47806.0,
            "count": 4
        },
        "3DBall.Policy.ExtrinsicValueEstimate.mean": {
            "value": 8.462531089782715,
            "min": 0.05314688757061958,
            "max": 8.462531089782715,
            "count": 4
        },
        "3DBall.Policy.ExtrinsicValueEstimate.sum": {
            "value": 110.01290130615234,
            "min": 25.935680389404297,
            "max": 209.4044189453125,
            "count": 4
        },
        "3DBall.Environment.CumulativeReward.mean": {
            "value": 98.30770756648137,
            "min": 1.355942577856486,
            "max": 98.30770756648137,
            "count": 4
        },
        "3DBall.Environment.CumulativeReward.sum": {
            "value": 1278.0001983642578,
            "min": 661.6999779939651,
            "max": 1278.0001983642578,
            "count": 4
        },
        "3DBall.Policy.ExtrinsicReward.mean": {
            "value": 98.30770756648137,
            "min": 1.355942577856486,
            "max": 98.30770756648137,
            "count": 4
        },
        "3DBall.Policy.ExtrinsicReward.sum": {
            "value": 1278.0001983642578,
            "min": 661.6999779939651,
            "max": 1278.0001983642578,
            "count": 4
        },
        "3DBall.Losses.PolicyLoss.mean": {
            "value": 0.5038777921582039,
            "min": 0.5038777921582039,
            "max": 0.7868512663607419,
            "count": 4
        },
        "3DBall.Losses.PolicyLoss.sum": {
            "value": 1.0077555843164079,
            "min": 1.0077555843164079,
            "max": 2.3605537990822256,
            "count": 4
        },
        "3DBall.Losses.ValueLoss.mean": {
            "value": 0.1720320017435608,
            "min": 0.1720320017435608,
            "max": 1.9965018328943225,
            "count": 4
        },
        "3DBall.Losses.ValueLoss.sum": {
            "value": 0.3440640034871216,
            "min": 0.3440640034871216,
            "max": 5.989505498682967,
            "count": 4
        },
        "3DBall.Policy.LearningRate.mean": {
            "value": 0.00036567160858209995,
            "min": 0.00036567160858209995,
            "max": 0.0003940980014755001,
            "count": 4
        },
        "3DBall.Policy.LearningRate.sum": {
            "value": 0.0007313432171641999,
            "min": 0.0007313432171641999,
            "max": 0.0011283800179049998,
            "count": 4
        },
        "3DBall.Policy.Epsilon.mean": {
            "value": 0.28283579999999997,
            "min": 0.28283579999999997,
            "max": 0.29704899999999995,
            "count": 4
        },
        "3DBall.Policy.Epsilon.sum": {
            "value": 0.5656715999999999,
            "min": 0.5656715999999999,
            "max": 0.86419,
            "count": 4
        },
        "3DBall.Policy.Beta.mean": {
            "value": 0.00109787301,
            "min": 0.00109787301,
            "max": 0.0011824415500000002,
            "count": 4
        },
        "3DBall.Policy.Beta.sum": {
            "value": 0.00219574602,
            "min": 0.00219574602,
            "max": 0.0033869304999999995,
            "count": 4
        },
        "3DBall.IsTraining.mean": {
            "value": 1.0,
            "min": 1.0,
            "max": 1.0,
            "count": 4
        },
        "3DBall.IsTraining.sum": {
            "value": 1.0,
            "min": 1.0,
            "max": 1.0,
            "count": 4
        }
    },
    "metadata": {
        "timer_format_version": "0.1.0",
        "start_time_seconds": "1764663060",
        "python_version": "3.10.11 (tags/v3.10.11:7d4cc5a, Apr  5 2023, 00:38:17) [MSC v.1929 64 bit (AMD64)]",
        "command_line_arguments": "C:\\Users\\moebn\\Documents\\University\\Project 2-1\\project_2_1_group_7\\venv\\Scripts\\mlagents-learn Config/training_config.yaml --run-id=run_batch_size1_buffer_size4900_learning_rate0.0004_beta0.0012_epsilon0.3 --time-scale=20 --env=3DBall_environment/UnityEnvironment.exe --no-graphics",
        "mlagents_version": "1.0.0",
        "mlagents_envs_version": "1.0.0",
        "communication_protocol_version": "1.5.0",
        "pytorch_version": "2.9.1+cpu",
        "numpy_version": "1.23.5",
        "end_time_seconds": "1764663316"
    },
    "total": 256.0159902000014,
    "count": 1,
    "self": 0.16575400000147056,
    "children": {
        "run_training.setup": {
            "total": 0.06571000000258209,
            "count": 1,
            "self": 0.06571000000258209
        },
        "TrainerController.start_learning": {
            "total": 255.78452619999734,
            "count": 1,
            "self": 0.043315200302458834,
            "children": {
                "TrainerController._reset_env": {
                    "total": 3.4115969999984372,
                    "count": 1,
                    "self": 3.4115969999984372
                },
                "TrainerController.advance": {
                    "total": 252.3230853996938,
                    "count": 5179,
                    "self": 0.042668899513955694,
                    "children": {
                        "env_step": {
                            "total": 14.342177499827812,
                            "count": 5179,
                            "self": 12.655365399783477,
                            "children": {
                                "SubprocessEnvManager._take_step": {
                                    "total": 1.656473999923037,
                                    "count": 5179,
                                    "self": 0.12653190032870043,
                                    "children": {
                                        "TorchPolicy.evaluate": {
                                            "total": 1.5299420995943365,
                                            "count": 4561,
                                            "self": 1.5299420995943365
                                        }
                                    }
                                },
                                "workers": {
                                    "total": 0.03033810012129834,
                                    "count": 5179,
                                    "self": 0.0,
                                    "children": {
                                        "worker_root": {
                                            "total": 252.85151930016582,
                                            "count": 5179,
                                            "is_parallel": true,
                                            "self": 243.0486749001866,
                                            "children": {
                                                "steps_from_proto": {
                                                    "total": 0.0002522999930079095,
                                                    "count": 1,