{
    "name": "root",
    "gauges": {
        "3DBall.Policy.Entropy.mean": {
            "value": 1.4008170366287231,
            "min": 1.4008170366287231,
            "max": 1.4239388704299927,
            "count": 4
        },
        "3DBall.Policy.Entropy.sum": {
            "value": 17162.810546875,
            "min": 16942.9375,
            "max": 17316.421875,
            "count": 4
        },
        "3DBall.Environment.EpisodeLength.mean": {
            "value": 45.76171875,
            "min": 21.21072088724584,
            "max": 45.76171875,
            "count": 4
        },
        "3DBall.Environment.EpisodeLength.sum": {
            "value": 11715.0,
            "min": 11475.0,
            "max": 11715.0,
            "count": 4
        },
        "3DBall.Step.mean": {
            "value": 47963.0,
            "min": 11995.0,
            "max": 47963.0,
            "count": 4
        },
        "3DBall.Step.sum": {
            "value": 47963.0,
            "min": 11995.0,
            "max": 47963.0,
            "count": 4
        },
        "3DBall.Policy.ExtrinsicValueEstimate.mean": {
            "value": 0.80652916431427,
            "min": 0.09223083406686783,
            "max": 0.80652916431427,
            "count": 4
        },
        "3DBall.Policy.ExtrinsicValueEstimate.sum": {
            "value": 206.47146606445312,
            "min": 49.804649353027344,
            "max": 206.47146606445312,
            "count": 4
        },
        "3DBall.Environment.CumulativeReward.mean": {
            "value": 3.5753908455371857,
            "min": 1.1212962724544384,
            "max": 3.5753908455371857,
            "count": 4
        },
        "3DBall.Environment.CumulativeReward.sum": {
            "value": 915.3000564575195,
            "min": 605.4999871253967,
            "max": 915.3000564575195,
            "count": 4
        },
        "3DBall.Policy.ExtrinsicReward.mean": {
            "value": 3.5753908455371857,
            "min": 1.1212962724544384,
            "max": 3.5753908455371857,
            "count": 4
        },
        "3DBall.Policy.ExtrinsicReward.sum": {
            "value": 915.3000564575195,
            "min": 605.4999871253967,
            "max": 915.3000564575195,
            "count": 4
        },
        "3DBall.Losses.PolicyLoss.mean": {
            "value": 0.12423953844955515,
            "min": 0.12423953844955515,
            "max": 0.12997668865872383,
            "count": 4
        },
        "3DBall.Losses.PolicyLoss.sum": {
            "value": 0.12423953844955515,
            "min": 0.12423953844955515,
            "max": 0.12997668865872383,
            "count": 4
        },
        "3DBall.Losses.ValueLoss.mean": {
            "value": 0.6262822403829285,
            "min": 0.22464848440089175,
            "max": 0.6262822403829285,
            "count": 4
        },
        "3DBall.Losses.ValueLoss.sum": {
            "value": 0.6262822403829285,
            "min": 0.22464848440089175,
            "max": 0.6262822403829285,
            "count": 4
        },
        "3DBall.Policy.LearningRate.mean": {
            "value": 0.00018445080777460004,
            "min": 0.00018445080777460004,
            "max": 0.0001961148019426,
            "count": 4
        },
        "3DBall.Policy.LearningRate.sum": {
            "value": 0.00018445080777460004,
            "min": 0.00018445080777460004,
            "max": 0.0001961148019426,
            "count": 4
        },
        "3DBall.Policy.Epsilon.mean": {
            "value": 0.28445080000000006,
            "min": 0.28445080000000006,
            "max": 0.29611479999999996,
            "count": 4
        },
        "3DBall.Policy.Epsilon.sum": {
            "value": 0.28445080000000006,
            "min": 0.28445080000000006,
            "max": 0.29611479999999996,
            "count": 4
        },
        "3DBall.Policy.Beta.mean": {
            "value": 0.0009230314599999998,
            "min": 0.0009230314599999998,
            "max": 0.00098076826,
            "count": 4
        },
        "3DBall.Policy.Beta.sum": {
            "value": 0.0009230314599999998,
            "min": 0.0009230314599999998,
            "max": 0.00098076826,
            "count": 4
        },
        "3DBall.IsTraining.mean": {
            "value": 1.0,
            "min": 1.0,
            "max": 1.0,
            "count": 4
        },
        "3DBall.IsTraining.sum": {
            "value": 1.0,
            "min": 1.0,
            "max": 1.0,
            "count": 4
        }
    },
    "metadata": {
        "timer_format_version": "0.1.0",
        "start_time_seconds": "1765102658",
        "python_version": "3.10.11 (tags/v3.10.11:7d4cc5a, Apr  5 2023, 00:38:17) [MSC v.1929 64 bit (AMD64)]",
        "command_line_arguments": "C:\\Users\\moebn\\Documents\\University\\Project 2-1\\project_2_1_group_7\\venv\\Scripts\\mlagents-learn Config/training_config.yaml --run-id=run_batch_size40_buffer_size9700_learning_rate0.0002_beta0.001_epsilon0.3 --time-scale=20 --env=3DBall_environment/UnityEnvironment.exe --no-graphics",
        "mlagents_version": "1.0.0",
        "mlagents_envs_version": "1.0.0",
        "communication_protocol_version": "1.5.0",
        "pytorch_version": "2.9.1+cpu",
        "numpy_version": "1.23.5",
        "end_time_seconds": "1765102688"
    },
    "total": 30.623256799997762,
    "count": 1,
    "self": 0.1668970000173431,
    "children": {
        "run_training.setup": {
            "total": 0.07052159999147989,
            "count": 1,
            "self": 0.07052159999147989
        },
        "TrainerController.start_learning": {
            "total": 30.38583819998894,
            "count": 1,
            "self": 0.04746019933372736,
            "children": {
                "TrainerController._reset_env": {
                    "total": 3.402100100007374,
                    "count": 1,
                    "self": 3.402100100007374
                },
                "TrainerController.advance": {
                    "total": 26.929941100650467,
                    "count": 5568,
                    "self": 0.04567780176876113,
                    "children": {
                        "env_step": {
                            "total": 14.083532799442764,
                            "count": 5568,
                            "self": 12.549910297355382,
                            "children": {
                                "SubprocessEnvManager._take_step": {
                                    "total": 1.5008117017277982,
                                    "count": 5568,
                                    "self": 0.18779250170337036,
                                    "children": {
                                        "TorchPolicy.evaluate": {
                                            "total": 1.3130192000244278,
                                            "count": 4241,
                                            "self": 1.3130192000244278
                                        }
                                    }
                                },
                                "workers": {
                                    "total": 0.03281080035958439,
                                    "count": 5568,
                                    "self": 0.0,
                                    "children": {
                                        "worker_root": {
                                            "total": 27.50669179885881,
                                            "count": 5568,
                                            "is_parallel": true,
                                            "self": 17.885338800115278,
                                            "children": {
                                                "steps_from_proto": {
                                                    "total": 0.0002429999876767397,
                                                    "count": 1,