{
    "name": "root",
    "gauges": {
        "3DBall.Policy.Entropy.mean": {
            "value": 1.4184932708740234,
            "min": 1.4184932708740234,
            "max": 1.4218745231628418,
            "count": 4
        },
        "3DBall.Policy.Entropy.sum": {
            "value": 17072.984375,
            "min": 16968.08984375,
            "max": 17316.72265625,
            "count": 4
        },
        "3DBall.Environment.EpisodeLength.mean": {
            "value": 24.73175965665236,
            "min": 21.6937618147448,
            "max": 24.73175965665236,
            "count": 4
        },
        "3DBall.Environment.EpisodeLength.sum": {
            "value": 11525.0,
            "min": 11476.0,
            "max": 11525.0,
            "count": 4
        },
        "3DBall.Step.mean": {
            "value": 47981.0,
            "min": 11988.0,
            "max": 47981.0,
            "count": 4
        },
        "3DBall.Step.sum": {
            "value": 47981.0,
            "min": 11988.0,
            "max": 47981.0,
            "count": 4
        },
        "3DBall.Policy.ExtrinsicValueEstimate.mean": {
            "value": 0.24581372737884521,
            "min": 0.19403961300849915,
            "max": 0.2971356213092804,
            "count": 4
        },
        "3DBall.Policy.ExtrinsicValueEstimate.sum": {
            "value": 114.5491943359375,
            "min": 102.45291900634766,
            "max": 150.9449005126953,
            "count": 4
        },
        "3DBall.Environment.CumulativeReward.mean": {
            "value": 1.4733904976189904,
            "min": 1.1704545133944713,
            "max": 1.4733904976189904,
            "count": 4
        },
        "3DBall.Environment.CumulativeReward.sum": {
            "value": 686.5999718904495,
            "min": 617.9999830722809,
            "max": 686.5999718904495,
            "count": 4
        },
        "3DBall.Policy.ExtrinsicReward.mean": {
            "value": 1.4733904976189904,
            "min": 1.1704545133944713,
            "max": 1.4733904976189904,
            "count": 4
        },
        "3DBall.Policy.ExtrinsicReward.sum": {
            "value": 686.5999718904495,
            "min": 617.9999830722809,
            "max": 686.5999718904495,
            "count": 4
        },
        "3DBall.IsTraining.mean": {
            "value": 1.0,
            "min": 1.0,
            "max": 1.0,
            "count": 4
        },
        "3DBall.IsTraining.sum": {
            "value": 1.0,
            "min": 1.0,
            "max": 1.0,
            "count": 4
        },
        "3DBall.Losses.PolicyLoss.mean": {
            "value": 0.09946240485923379,
            "min": 0.09456080086742229,
            "max": 0.09946240485923379,
            "count": 2
        },
        "3DBall.Losses.PolicyLoss.sum": {
            "value": 0.09946240485923379,
            "min": 0.09456080086742229,
            "max": 0.09946240485923379,
            "count": 2
        },
        "3DBall.Losses.ValueLoss.mean": {
            "value": 0.16355080199233876,
            "min": 0.16355080199233876,
            "max": 0.27644629615436617,
            "count": 2
        },
        "3DBall.Losses.ValueLoss.sum": {
            "value": 0.16355080199233876,
            "min": 0.16355080199233876,
            "max": 0.27644629615436617,
            "count": 2
        },
        "3DBall.Policy.LearningRate.mean": {
            "value": 0.0004661740067652001,
            "min": 0.0004661740067652001,
            "max": 0.0004830780033844,
            "count": 2
        },
        "3DBall.Policy.LearningRate.sum": {
            "value": 0.0004661740067652001,
            "min": 0.0004661740067652001,
            "max": 0.0004830780033844,
            "count": 2
        },
        "3DBall.Policy.Epsilon.mean": {
            "value": 0.09999999999999999,
            "min": 0.09999999999999999,
            "max": 0.09999999999999999,
            "count": 2
        },
        "3DBall.Policy.Epsilon.sum": {
            "value": 0.09999999999999999,
            "min": 0.09999999999999999,
            "max": 0.09999999999999999,
            "count": 2
        },
        "3DBall.Policy.Beta.mean": {
            "value": 0.0009330245200000002,
            "min": 0.0009330245200000002,
            "max": 0.00096649444,
            "count": 2
        },
        "3DBall.Policy.Beta.sum": {
            "value": 0.0009330245200000002,
            "min": 0.0009330245200000002,
            "max": 0.00096649444,
            "count": 2
        }
    },
    "metadata": {
        "timer_format_version": "0.1.0",
        "start_time_seconds": "1765224228",
        "python_version": "3.10.11 (tags/v3.10.11:7d4cc5a, Apr  5 2023, 00:38:17) [MSC v.1929 64 bit (AMD64)]",
        "command_line_arguments": "C:\\Users\\moebn\\Documents\\University\\Project 2-1\\project_2_1_group_7\\venv\\Scripts\\mlagents-learn Config/training_config.yaml --run-id=run_batch_size66_buffer_size16900_learning_rate0.0005_beta0.001_epsilon0.1 --time-scale=20 --env=3DBall_environment/UnityEnvironment.exe --no-graphics",
        "mlagents_version": "1.0.0",
        "mlagents_envs_version": "1.0.0",
        "communication_protocol_version": "1.5.0",
        "pytorch_version": "2.9.1+cpu",
        "numpy_version": "1.23.5",
        "end_time_seconds": "1765224258"
    },
    "total": 29.231090100016445,
    "count": 1,
    "self": 0.2851483999984339,
    "children": {
        "run_training.setup": {
            "total": 0.082269600010477,
            "count": 1,
            "self": 0.082269600010477
        },
        "TrainerController.start_learning": {
            "total": 28.863672100007534,
            "count": 1,
            "self": 0.05107220046920702,
            "children": {
                "TrainerController._reset_env": {
                    "total": 5.849270300008357,
                    "count": 1,
                    "self": 5.849270300008357
                },
                "TrainerController.advance": {
                    "total": 22.95682769952691,
                    "count": 5761,
                    "self": 0.048438901314511895,
                    "children": {
                        "env_step": {
                            "total": 14.586968899151543,
                            "count": 5761,
                            "self": 12.985952397808433,
                            "children": {
                                "SubprocessEnvManager._take_step": {
                                    "total": 1.5661631016118918,
                                    "count": 5761,
                                    "self": 0.12348940077936277,
                                    "children": {
                                        "TorchPolicy.evaluate": {
                                            "total": 1.442673700832529,
                                            "count": 4180,
                                            "self": 1.442673700832529
                                        }
                                    }
                                },
                                "workers": {
                                    "total": 0.034853399731218815,
                                    "count": 5761,
                                    "self": 0.0,
                                    "children": {
                                        "worker_root": {
                                            "total": 23.7133799000585,
                                            "count": 5761,
                                            "is_parallel": true,
                                            "self": 13.888365500490181,
                                            "children": {
                                                "steps_from_proto": {
                                                    "total": 0.0020016000198666006,
                                                    "count": 1,