{
    "name": "root",
    "gauges": {
        "3DBall.Policy.Entropy.mean": {
            "value": 1.270444393157959,
            "min": 1.270444393157959,
            "max": 1.3360108137130737,
            "count": 4
        },
        "3DBall.Policy.Entropy.sum": {
            "value": 15245.3330078125,
            "min": 15245.3330078125,
            "max": 22316.724609375,
            "count": 4
        },
        "3DBall.Environment.EpisodeLength.mean": {
            "value": 763.5,
            "min": 80.95364238410596,
            "max": 786.4666666666667,
            "count": 4
        },
        "3DBall.Environment.EpisodeLength.sum": {
            "value": 12216.0,
            "min": 11797.0,
            "max": 12224.0,
            "count": 4
        },
        "3DBall.Step.mean": {
            "value": 47532.0,
            "min": 11375.0,
            "max": 47532.0,
            "count": 4
        },
        "3DBall.Step.sum": {
            "value": 47532.0,
            "min": 11375.0,
            "max": 47532.0,
            "count": 4
        },
        "3DBall.Policy.ExtrinsicValueEstimate.mean": {
            "value": 8.93756103515625,
            "min": 1.209937334060669,
            "max": 9.075806617736816,
            "count": 4
        },
        "3DBall.Policy.ExtrinsicValueEstimate.sum": {
            "value": 143.0009765625,
            "min": 136.13710021972656,
            "max": 181.4906005859375,
            "count": 4
        },
        "3DBall.Environment.CumulativeReward.mean": {
            "value": 75.90001183748245,
            "min": 6.498000782330831,
            "max": 78.30667864481607,
            "count": 4
        },
        "3DBall.Environment.CumulativeReward.sum": {
            "value": 1214.4001893997192,
            "min": 974.7001173496246,
            "max": 1214.4001893997192,
            "count": 4
        },
        "3DBall.Policy.ExtrinsicReward.mean": {
            "value": 75.90001183748245,
            "min": 6.498000782330831,
            "max": 78.30667864481607,
            "count": 4
        },
        "3DBall.Policy.ExtrinsicReward.sum": {
            "value": 1214.4001893997192,
            "min": 974.7001173496246,
            "max": 1214.4001893997192,
            "count": 4
        },
        "3DBall.Losses.PolicyLoss.mean": {
            "value": 0.7140728064261683,
            "min": 0.7140728064261683,
            "max": 0.7824965495599869,
            "count": 4
        },
        "3DBall.Losses.PolicyLoss.sum": {
            "value": 11.425164902818693,
            "min": 10.09162165807376,
            "max": 36.777337829319386,
            "count": 4
        },
        "3DBall.Losses.ValueLoss.mean": {
            "value": 1.2058380740441166,
            "min": 0.8375663779398462,
            "max": 1.277217745630117,
            "count": 4
        },
        "3DBall.Losses.ValueLoss.sum": {
            "value": 19.293409184705865,
            "min": 11.725929291157847,
            "max": 45.45199209255717,
            "count": 4
        },
        "3DBall.Policy.LearningRate.mean": {
            "value": 0.00027485509588163744,
            "min": 0.00027485509588163744,
            "max": 0.0002978035922214978,
            "count": 4
        },
        "3DBall.Policy.LearningRate.sum": {
            "value": 0.004397681534106199,
            "min": 0.0040518048493984,
            "max": 0.013996768834410396,
            "count": 4
        },
        "3DBall.Policy.Epsilon.mean": {
            "value": 0.283236725,
            "min": 0.283236725,
            "max": 0.29853572765957453,
            "count": 4
        },
        "3DBall.Policy.Epsilon.sum": {
            "value": 4.5317876,
            "min": 4.1012032000000005,
            "max": 14.031179200000002,
            "count": 4
        },
        "3DBall.Policy.Beta.mean": {
            "value": 0.0009170217887500001,
            "min": 0.0009170217887500001,
            "max": 0.0009927518519148937,
            "count": 4
        },
        "3DBall.Policy.Beta.sum": {
            "value": 0.014672348620000001,
            "min": 0.01351095584,
            "max": 0.046659337040000005,
            "count": 4
        },
        "3DBall.IsTraining.mean": {
            "value": 1.0,
            "min": 1.0,
            "max": 1.0,
            "count": 4
        },
        "3DBall.IsTraining.sum": {
            "value": 1.0,
            "min": 1.0,
            "max": 1.0,
            "count": 4
        }
    },
    "metadata": {
        "timer_format_version": "0.1.0",
        "start_time_seconds": "1764534281",
        "python_version": "3.10.11 (tags/v3.10.11:7d4cc5a, Apr  5 2023, 00:38:17) [MSC v.1929 64 bit (AMD64)]",
        "command_line_arguments": "C:\\Users\\moebn\\Documents\\University\\Project 2-1\\project_2_1_group_7\\venv\\Scripts\\mlagents-learn Config/training_config.yaml --run-id=run_batch_size1_buffer_size100_learning_rate0.0003_beta0.001_epsilon0.3 --time-scale=20 --env=3DBall_environment/UnityEnvironment.exe --no-graphics",
        "mlagents_version": "1.0.0",
        "mlagents_envs_version": "1.0.0",
        "communication_protocol_version": "1.5.0",
        "pytorch_version": "2.9.1+cpu",
        "numpy_version": "1.23.5",
        "end_time_seconds": "1764534575"
    },
    "total": 293.69893009998486,
    "count": 1,
    "self": 0.14764269997249357,
    "children": {
        "run_training.setup": {
            "total": 0.06991910000215285,
            "count": 1,
            "self": 0.06991910000215285
        },
        "TrainerController.start_learning": {
            "total": 293.4813683000102,
            "count": 1,
            "self": 0.03994889880414121,
            "children": {
                "TrainerController._reset_env": {
                    "total": 3.494524999987334,
                    "count": 1,
                    "self": 3.494524999987334
                },
                "TrainerController.advance": {
                    "total": 289.9403353012167,
                    "count": 4723,
                    "self": 0.03830250271130353,
                    "children": {
                        "env_step": {
                            "total": 14.060865999170346,
                            "count": 4723,
                            "self": 12.308517898898572,
                            "children": {
                                "SubprocessEnvManager._take_step": {
                                    "total": 1.7241178002150264,
                                    "count": 4723,
                                    "self": 0.13465799967525527,
                                    "children": {
                                        "TorchPolicy.evaluate": {
                                            "total": 1.589459800539771,
                                            "count": 4555,
                                            "self": 1.589459800539771
                                        }
                                    }
                                },
                                "workers": {
                                    "total": 0.028230300056748092,
                                    "count": 4723,
                                    "self": 0.0,
                                    "children": {
                                        "worker_root": {
                                            "total": 290.55343660141807,
                                            "count": 4723,
                                            "is_parallel": true,
                                            "self": 281.00831400201423,
                                            "children": {
                                                "steps_from_proto": {
                                                    "total": 0.00027680001221597195,
                                                    "count": 1,
                                                    "is_parallel": true,