{
    "name": "root",
    "gauges": {
        "3DBall.Policy.Entropy.mean": {
            "value": 1.4056007862091064,
            "min": 1.4056007862091064,
            "max": 1.4189382791519165,
            "count": 4
        },
        "3DBall.Policy.Entropy.sum": {
            "value": 16884.076171875,
            "min": 16884.076171875,
            "max": 17265.640625,
            "count": 4
        },
        "3DBall.Environment.EpisodeLength.mean": {
            "value": 27.303529411764707,
            "min": 22.71005917159763,
            "max": 27.303529411764707,
            "count": 4
        },
        "3DBall.Environment.EpisodeLength.sum": {
            "value": 11604.0,
            "min": 11504.0,
            "max": 11604.0,
            "count": 4
        },
        "3DBall.Step.mean": {
            "value": 47980.0,
            "min": 11983.0,
            "max": 47980.0,
            "count": 4
        },
        "3DBall.Step.sum": {
            "value": 47980.0,
            "min": 11983.0,
            "max": 47980.0,
            "count": 4
        },
        "3DBall.Policy.ExtrinsicValueEstimate.mean": {
            "value": 0.32430586218833923,
            "min": -0.5412107110023499,
            "max": 0.32430586218833923,
            "count": 4
        },
        "3DBall.Policy.ExtrinsicValueEstimate.sum": {
            "value": 137.82998657226562,
            "min": -273.8526306152344,
            "max": 137.82998657226562,
            "count": 4
        },
        "3DBall.Environment.CumulativeReward.mean": {
            "value": 1.7263528649947222,
            "min": 1.26818176503238,
            "max": 1.7263528649947222,
            "count": 4
        },
        "3DBall.Environment.CumulativeReward.sum": {
            "value": 733.699967622757,
            "min": 641.6999731063843,
            "max": 733.699967622757,
            "count": 4
        },
        "3DBall.Policy.ExtrinsicReward.mean": {
            "value": 1.7263528649947222,
            "min": 1.26818176503238,
            "max": 1.7263528649947222,
            "count": 4
        },
        "3DBall.Policy.ExtrinsicReward.sum": {
            "value": 733.699967622757,
            "min": 641.6999731063843,
            "max": 733.699967622757,
            "count": 4
        },
        "3DBall.IsTraining.mean": {
            "value": 1.0,
            "min": 1.0,
            "max": 1.0,
            "count": 4
        },
        "3DBall.IsTraining.sum": {
            "value": 1.0,
            "min": 1.0,
            "max": 1.0,
            "count": 4
        },
        "3DBall.Losses.PolicyLoss.mean": {
            "value": 0.09457722605783718,
            "min": 0.09457722605783718,
            "max": 0.10012551227655801,
            "count": 2
        },
        "3DBall.Losses.PolicyLoss.sum": {
            "value": 0.09457722605783718,
            "min": 0.09457722605783718,
            "max": 0.10012551227655801,
            "count": 2
        },
        "3DBall.Losses.ValueLoss.mean": {
            "value": 0.3770850918566187,
            "min": 0.3770850918566187,
            "max": 0.42290847587476793,
            "count": 2
        },
        "3DBall.Losses.ValueLoss.sum": {
            "value": 0.3770850918566187,
            "min": 0.3770850918566187,
            "max": 0.42290847587476793,
            "count": 2
        },
        "3DBall.Policy.LearningRate.mean": {
            "value": 9.32302067698e-05,
            "min": 9.32302067698e-05,
            "max": 9.661240338760002e-05,
            "count": 2
        },
        "3DBall.Policy.LearningRate.sum": {
            "value": 9.32302067698e-05,
            "min": 9.32302067698e-05,
            "max": 9.661240338760002e-05,
            "count": 2
        },
        "3DBall.Policy.Epsilon.mean": {
            "value": 0.1932302,
            "min": 0.1932302,
            "max": 0.19661240000000002,
            "count": 2
        },
        "3DBall.Policy.Epsilon.sum": {
            "value": 0.1932302,
            "min": 0.1932302,
            "max": 0.19661240000000002,
            "count": 2
        },
        "3DBall.Policy.Beta.mean": {
            "value": 0.0011194393799999999,
            "min": 0.0011194393799999999,
            "max": 0.00115968756,
            "count": 2
        },
        "3DBall.Policy.Beta.sum": {
            "value": 0.0011194393799999999,
            "min": 0.0011194393799999999,
            "max": 0.00115968756,
            "count": 2
        }
    },
    "metadata": {
        "timer_format_version": "0.1.0",
        "start_time_seconds": "1765221091",
        "python_version": "3.10.11 (tags/v3.10.11:7d4cc5a, Apr  5 2023, 00:38:17) [MSC v.1929 64 bit (AMD64)]",
        "command_line_arguments": "C:\\Users\\moebn\\Documents\\University\\Project 2-1\\project_2_1_group_7\\venv\\Scripts\\mlagents-learn Config/training_config.yaml --run-id=run_batch_size66_buffer_size16900_learning_rate0.0001_beta0.0012_epsilon0.2 --time-scale=20 --env=3DBall_environment/UnityEnvironment.exe --no-graphics",
        "mlagents_version": "1.0.0",
        "mlagents_envs_version": "1.0.0",
        "communication_protocol_version": "1.5.0",
        "pytorch_version": "2.9.1+cpu",
        "numpy_version": "1.23.5",
        "end_time_seconds": "1765221121"
    },
    "total": 29.376707700022962,
    "count": 1,
    "self": 0.22707010005251504,
    "children": {
        "run_training.setup": {
            "total": 0.10456739997607656,
            "count": 1,
            "self": 0.10456739997607656
        },
        "TrainerController.start_learning": {
            "total": 29.04507019999437,
            "count": 1,
            "self": 0.04997699914383702,
            "children": {
                "TrainerController._reset_env": {
                    "total": 6.805317899998045,
                    "count": 1,
                    "self": 6.805317899998045
                },
                "TrainerController.advance": {
                    "total": 22.183255100855604,
                    "count": 5622,
                    "self": 0.048613399820169434,
                    "children": {
                        "env_step": {
                            "total": 13.976681999920402,
                            "count": 5622,
                            "self": 12.403684101125691,
                            "children": {
                                "SubprocessEnvManager._take_step": {
                                    "total": 1.5386989993858151,
                                    "count": 5622,
                                    "self": 0.12151070043910295,
                                    "children": {
                                        "TorchPolicy.evaluate": {
                                            "total": 1.4171882989467122,
                                            "count": 4177,
                                            "self": 1.4171882989467122
                                        }
                                    }
                                },
                                "workers": {
                                    "total": 0.03429889940889552,
                                    "count": 5622,
                                    "self": 0.0,
                                    "children": {
                                        "worker_root": {
                                            "total": 23.001263397571165,
                                            "count": 5622,
                                            "is_parallel": true,
                                            "self": 13.568138497212203,
                                            "children": {
                                                "steps_from_proto": {
                                                    "total": 0.0010922999936155975,
                                                    "count": 1,