{
    "name": "root",
    "gauges": {
        "3DBall.Policy.Entropy.mean": {
            "value": 1.3518577814102173,
            "min": 1.3518577814102173,
            "max": 1.4124561548233032,
            "count": 4
        },
        "3DBall.Policy.Entropy.sum": {
            "value": 17114.51953125,
            "min": 17114.51953125,
            "max": 22158.4765625,
            "count": 4
        },
        "3DBall.Environment.EpisodeLength.mean": {
            "value": 843.4285714285714,
            "min": 23.84679089026915,
            "max": 843.4285714285714,
            "count": 4
        },
        "3DBall.Environment.EpisodeLength.sum": {
            "value": 11808.0,
            "min": 11518.0,
            "max": 12547.0,
            "count": 4
        },
        "3DBall.Step.mean": {
            "value": 47646.0,
            "min": 11958.0,
            "max": 47646.0,
            "count": 4
        },
        "3DBall.Step.sum": {
            "value": 47646.0,
            "min": 11958.0,
            "max": 47646.0,
            "count": 4
        },
        "3DBall.Policy.ExtrinsicValueEstimate.mean": {
            "value": 8.133112907409668,
            "min": 0.13269346952438354,
            "max": 8.133112907409668,
            "count": 4
        },
        "3DBall.Policy.ExtrinsicValueEstimate.sum": {
            "value": 113.86357879638672,
            "min": 63.958255767822266,
            "max": 245.36865234375,
            "count": 4
        },
        "3DBall.Environment.CumulativeReward.mean": {
            "value": 85.39287049429757,
            "min": 1.3809128166234346,
            "max": 85.39287049429757,
            "count": 4
        },
        "3DBall.Environment.CumulativeReward.sum": {
            "value": 1195.500186920166,
            "min": 665.5999776124954,
            "max": 1195.500186920166,
            "count": 4
        },
        "3DBall.Policy.ExtrinsicReward.mean": {
            "value": 85.39287049429757,
            "min": 1.3809128166234346,
            "max": 85.39287049429757,
            "count": 4
        },
        "3DBall.Policy.ExtrinsicReward.sum": {
            "value": 1195.500186920166,
            "min": 665.5999776124954,
            "max": 1195.500186920166,
            "count": 4
        },
        "3DBall.Losses.PolicyLoss.mean": {
            "value": 0.10914013085045597,
            "min": 0.1031391102842308,
            "max": 0.10914013085045597,
            "count": 4
        },
        "3DBall.Losses.PolicyLoss.sum": {
            "value": 0.4365605234018239,
            "min": 0.4232353538638873,
            "max": 0.5360554636629606,
            "count": 4
        },
        "3DBall.Losses.ValueLoss.mean": {
            "value": 1.2301269800801364,
            "min": 0.4892226038566718,
            "max": 3.3695458164435395,
            "count": 4
        },
        "3DBall.Losses.ValueLoss.sum": {
            "value": 4.920507920320546,
            "min": 1.9568904154266873,
            "max": 16.847729082217697,
            "count": 4
        },
        "3DBall.Policy.LearningRate.mean": {
            "value": 0.00018297190851405,
            "min": 0.00018297190851405,
            "max": 0.00019748890125555,
            "count": 4
        },
        "3DBall.Policy.LearningRate.sum": {
            "value": 0.0007318876340562,
            "min": 0.0007318876340562,
            "max": 0.0009647856176072,
            "count": 4
        },
        "3DBall.Policy.Epsilon.mean": {
            "value": 0.19148595,
            "min": 0.19148595,
            "max": 0.19874445000000002,
            "count": 4
        },
        "3DBall.Policy.Epsilon.sum": {
            "value": 0.7659438,
            "min": 0.7659438,
            "max": 0.9823928000000001,
            "count": 4
        },
        "3DBall.Policy.Beta.mean": {
            "value": 0.001281654705,
            "min": 0.001281654705,
            "max": 0.001382547855,
            "count": 4
        },
        "3DBall.Policy.Beta.sum": {
            "value": 0.00512661882,
            "min": 0.00512661882,
            "max": 0.006755259919999999,
            "count": 4
        },
        "3DBall.IsTraining.mean": {
            "value": 1.0,
            "min": 1.0,
            "max": 1.0,
            "count": 4
        },
        "3DBall.IsTraining.sum": {
            "value": 1.0,
            "min": 1.0,
            "max": 1.0,
            "count": 4
        }
    },
    "metadata": {
        "timer_format_version": "0.1.0",
        "start_time_seconds": "1765132317",
        "python_version": "3.10.11 (tags/v3.10.11:7d4cc5a, Apr  5 2023, 00:38:17) [MSC v.1929 64 bit (AMD64)]",
        "command_line_arguments": "C:\\Users\\moebn\\Documents\\University\\Project 2-1\\project_2_1_group_7\\venv\\Scripts\\mlagents-learn Config/training_config.yaml --run-id=run_batch_size53_buffer_size2500_learning_rate0.0002_beta0.0014_epsilon0.2 --time-scale=20 --env=3DBall_environment/UnityEnvironment.exe --no-graphics",
        "mlagents_version": "1.0.0",
        "mlagents_envs_version": "1.0.0",
        "communication_protocol_version": "1.5.0",
        "pytorch_version": "2.9.1+cpu",
        "numpy_version": "1.23.5",
        "end_time_seconds": "1765132347"
    },
    "total": 29.276666799996747,
    "count": 1,
    "self": 0.14780619999510236,
    "children": {
        "run_training.setup": {
            "total": 0.07364919999963604,
            "count": 1,
            "self": 0.07364919999963604
        },
        "TrainerController.start_learning": {
            "total": 29.05521140000201,
            "count": 1,
            "self": 0.044422599603421986,
            "children": {
                "TrainerController._reset_env": {
                    "total": 3.3755704000068363,
                    "count": 1,
                    "self": 3.3755704000068363
                },
                "TrainerController.advance": {
                    "total": 25.628925100405468,
                    "count": 5391,
                    "self": 0.043756999919423833,
                    "children": {
                        "env_step": {
                            "total": 14.868713099654997,
                            "count": 5391,
                            "self": 13.147887598723173,
                            "children": {
                                "SubprocessEnvManager._take_step": {
                                    "total": 1.688978499849327,
                                    "count": 5391,
                                    "self": 0.13076930033275858,
                                    "children": {
                                        "TorchPolicy.evaluate": {
                                            "total": 1.5582091995165683,
                                            "count": 4692,
                                            "self": 1.5582091995165683
                                        }
                                    }
                                },
                                "workers": {
                                    "total": 0.03184700108249672,
                                    "count": 5391,
                                    "self": 0.0,
                                    "children": {
                                        "worker_root": {
                                            "total": 26.218581300257938,
                                            "count": 5391,
                                            "is_parallel": true,
                                            "self": 16.03326430215384,
                                            "children": {
                                                "steps_from_proto": {
                                                    "total": 0.0002479999966453761,
                                                    "count": 1,
                                                    "is_parallel": true,