{
    "name": "root",
    "gauges": {
        "3DBall.Policy.Entropy.mean": {
            "value": 1.3974041938781738,
            "min": 1.3974041938781738,
            "max": 1.4179285764694214,
            "count": 4
        },
        "3DBall.Policy.Entropy.sum": {
            "value": 16752.08203125,
            "min": 16752.08203125,
            "max": 17185.294921875,
            "count": 4
        },
        "3DBall.Environment.EpisodeLength.mean": {
            "value": 29.19298245614035,
            "min": 21.06985294117647,
            "max": 29.19298245614035,
            "count": 4
        },
        "3DBall.Environment.EpisodeLength.sum": {
            "value": 11648.0,
            "min": 11462.0,
            "max": 11648.0,
            "count": 4
        },
        "3DBall.Step.mean": {
            "value": 47988.0,
            "min": 11971.0,
            "max": 47988.0,
            "count": 4
        },
        "3DBall.Step.sum": {
            "value": 47988.0,
            "min": 11971.0,
            "max": 47988.0,
            "count": 4
        },
        "3DBall.Policy.ExtrinsicValueEstimate.mean": {
            "value": 0.4644412696361542,
            "min": 0.12199181318283081,
            "max": 0.4644412696361542,
            "count": 4
        },
        "3DBall.Policy.ExtrinsicValueEstimate.sum": {
            "value": 184.84762573242188,
            "min": 66.2415542602539,
            "max": 184.84762573242188,
            "count": 4
        },
        "3DBall.Environment.CumulativeReward.mean": {
            "value": 1.9165828329833907,
            "min": 1.1046040314995782,
            "max": 1.9165828329833907,
            "count": 4
        },
        "3DBall.Environment.CumulativeReward.sum": {
            "value": 762.7999675273895,
            "min": 599.7999891042709,
            "max": 762.7999675273895,
            "count": 4
        },
        "3DBall.Policy.ExtrinsicReward.mean": {
            "value": 1.9165828329833907,
            "min": 1.1046040314995782,
            "max": 1.9165828329833907,
            "count": 4
        },
        "3DBall.Policy.ExtrinsicReward.sum": {
            "value": 762.7999675273895,
            "min": 599.7999891042709,
            "max": 762.7999675273895,
            "count": 4
        },
        "3DBall.Losses.PolicyLoss.mean": {
            "value": 0.1256017606496903,
            "min": 0.11946944784146611,
            "max": 0.1273965228383298,
            "count": 4
        },
        "3DBall.Losses.PolicyLoss.sum": {
            "value": 0.2512035212993806,
            "min": 0.11946944784146611,
            "max": 0.2512035212993806,
            "count": 4
        },
        "3DBall.Losses.ValueLoss.mean": {
            "value": 0.29189173429999704,
            "min": 0.179713869568565,
            "max": 0.29189173429999704,
            "count": 4
        },
        "3DBall.Losses.ValueLoss.sum": {
            "value": 0.5837834685999941,
            "min": 0.21859643470509585,
            "max": 0.5837834685999941,
            "count": 4
        },
        "3DBall.Policy.LearningRate.mean": {
            "value": 0.00045977950804409985,
            "min": 0.00045977950804409985,
            "max": 0.0004926880014624,
            "count": 4
        },
        "3DBall.Policy.LearningRate.sum": {
            "value": 0.0009195590160881997,
            "min": 0.0004707480058503999,
            "max": 0.0009634180073163998,
            "count": 4
        },
        "3DBall.Policy.Epsilon.mean": {
            "value": 0.09999999999999999,
            "min": 0.09999999999999998,
            "max": 0.09999999999999999,
            "count": 4
        },
        "3DBall.Policy.Epsilon.sum": {
            "value": 0.19999999999999998,
            "min": 0.09999999999999999,
            "max": 0.19999999999999998,
            "count": 4
        },
        "3DBall.Policy.Beta.mean": {
            "value": 0.0009203634100000001,
            "min": 0.0009203634100000001,
            "max": 0.00098552224,
            "count": 4
        },
        "3DBall.Policy.Beta.sum": {
            "value": 0.0018407268200000002,
            "min": 0.0009420810399999998,
            "max": 0.0019275676399999999,
            "count": 4
        },
        "3DBall.IsTraining.mean": {
            "value": 1.0,
            "min": 1.0,
            "max": 1.0,
            "count": 4
        },
        "3DBall.IsTraining.sum": {
            "value": 1.0,
            "min": 1.0,
            "max": 1.0,
            "count": 4
        }
    },
    "metadata": {
        "timer_format_version": "0.1.0",
        "start_time_seconds": "1765100816",
        "python_version": "3.10.11 (tags/v3.10.11:7d4cc5a, Apr  5 2023, 00:38:17) [MSC v.1929 64 bit (AMD64)]",
        "command_line_arguments": "C:\\Users\\moebn\\Documents\\University\\Project 2-1\\project_2_1_group_7\\venv\\Scripts\\mlagents-learn Config/training_config.yaml --run-id=run_batch_size40_buffer_size7300_learning_rate0.0005_beta0.001_epsilon0.1 --time-scale=20 --env=3DBall_environment/UnityEnvironment.exe --no-graphics",
        "mlagents_version": "1.0.0",
        "mlagents_envs_version": "1.0.0",
        "communication_protocol_version": "1.5.0",
        "pytorch_version": "2.9.1+cpu",
        "numpy_version": "1.23.5",
        "end_time_seconds": "1765100846"
    },
    "total": 30.017850499978522,
    "count": 1,
    "self": 0.15950869995867833,
    "children": {
        "run_training.setup": {
            "total": 0.06979110001702793,
            "count": 1,
            "self": 0.06979110001702793
        },
        "TrainerController.start_learning": {
            "total": 29.788550700002816,
            "count": 1,
            "self": 0.049451200087787583,
            "children": {
                "TrainerController._reset_env": {
                    "total": 3.4095329999981914,
                    "count": 1,
                    "self": 3.4095329999981914
                },
                "TrainerController.advance": {
                    "total": 26.3230484999076,
                    "count": 5699,
                    "self": 0.046869099751347676,
                    "children": {
                        "env_step": {
                            "total": 14.13696609940962,
                            "count": 5699,
                            "self": 12.638478100736393,
                            "children": {
                                "SubprocessEnvManager._take_step": {
                                    "total": 1.4649058991635684,
                                    "count": 5699,
                                    "self": 0.11884159938199446,
                                    "children": {
                                        "TorchPolicy.evaluate": {
                                            "total": 1.346064299781574,
                                            "count": 4194,
                                            "self": 1.346064299781574
                                        }
                                    }
                                },
                                "workers": {
                                    "total": 0.03358209950965829,
                                    "count": 5699,
                                    "self": 0.0,
                                    "children": {
                                        "worker_root": {
                                            "total": 26.89643739760504,
                                            "count": 5699,
                                            "is_parallel": true,
                                            "self": 17.217151597433258,
                                            "children": {
                                                "steps_from_proto": {
                                                    "total": 0.0002772999869193882,
                                                    "count": 1,