{
    "name": "root",
    "gauges": {
        "3DBall.Policy.Entropy.mean": {
            "value": 1.4140887260437012,
            "min": 1.4140887260437012,
            "max": 1.4189382791519165,
            "count": 4
        },
        "3DBall.Policy.Entropy.sum": {
            "value": 16952.095703125,
            "min": 16952.095703125,
            "max": 17214.55859375,
            "count": 4
        },
        "3DBall.Environment.EpisodeLength.mean": {
            "value": 24.588486140724946,
            "min": 21.95984703632887,
            "max": 24.588486140724946,
            "count": 4
        },
        "3DBall.Environment.EpisodeLength.sum": {
            "value": 11532.0,
            "min": 11485.0,
            "max": 11532.0,
            "count": 4
        },
        "3DBall.Step.mean": {
            "value": 47984.0,
            "min": 11984.0,
            "max": 47984.0,
            "count": 4
        },
        "3DBall.Step.sum": {
            "value": 47984.0,
            "min": 11984.0,
            "max": 47984.0,
            "count": 4
        },
        "3DBall.Policy.ExtrinsicValueEstimate.mean": {
            "value": 0.3159414827823639,
            "min": -0.07827368378639221,
            "max": 0.3159414827823639,
            "count": 4
        },
        "3DBall.Policy.ExtrinsicValueEstimate.sum": {
            "value": 148.1765594482422,
            "min": -40.858863830566406,
            "max": 148.1765594482422,
            "count": 4
        },
        "3DBall.Environment.CumulativeReward.mean": {
            "value": 1.4588485618135822,
            "min": 1.1957854087325348,
            "max": 1.4588485618135822,
            "count": 4
        },
        "3DBall.Environment.CumulativeReward.sum": {
            "value": 684.1999754905701,
            "min": 624.1999833583832,
            "max": 684.1999754905701,
            "count": 4
        },
        "3DBall.Policy.ExtrinsicReward.mean": {
            "value": 1.4588485618135822,
            "min": 1.1957854087325348,
            "max": 1.4588485618135822,
            "count": 4
        },
        "3DBall.Policy.ExtrinsicReward.sum": {
            "value": 684.1999754905701,
            "min": 624.1999833583832,
            "max": 684.1999754905701,
            "count": 4
        },
        "3DBall.IsTraining.mean": {
            "value": 1.0,
            "min": 1.0,
            "max": 1.0,
            "count": 4
        },
        "3DBall.IsTraining.sum": {
            "value": 1.0,
            "min": 1.0,
            "max": 1.0,
            "count": 4
        },
        "3DBall.Losses.PolicyLoss.mean": {
            "value": 0.0953368269319401,
            "min": 0.0953368269319401,
            "max": 0.0969121740875269,
            "count": 3
        },
        "3DBall.Losses.PolicyLoss.sum": {
            "value": 0.0953368269319401,
            "min": 0.0953368269319401,
            "max": 0.0969121740875269,
            "count": 3
        },
        "3DBall.Losses.ValueLoss.mean": {
            "value": 0.22444500272011278,
            "min": 0.22444500272011278,
            "max": 0.5086471499342519,
            "count": 3
        },
        "3DBall.Losses.ValueLoss.sum": {
            "value": 0.22444500272011278,
            "min": 0.22444500272011278,
            "max": 0.5086471499342519,
            "count": 3
        },
        "3DBall.Policy.LearningRate.mean": {
            "value": 0.00018546840726580002,
            "min": 0.00018546840726580002,
            "max": 0.00019515400242300004,
            "count": 3
        },
        "3DBall.Policy.LearningRate.sum": {
            "value": 0.00018546840726580002,
            "min": 0.00018546840726580002,
            "max": 0.00019515400242300004,
            "count": 3
        },
        "3DBall.Policy.Epsilon.mean": {
            "value": 0.09999999999999998,
            "min": 0.09999999999999998,
            "max": 0.09999999999999998,
            "count": 3
        },
        "3DBall.Policy.Epsilon.sum": {
            "value": 0.09999999999999998,
            "min": 0.09999999999999998,
            "max": 0.09999999999999998,
            "count": 3
        },
        "3DBall.Policy.Beta.mean": {
            "value": 0.0009280685800000002,
            "min": 0.0009280685800000002,
            "max": 0.0009760122999999998,
            "count": 3
        },
        "3DBall.Policy.Beta.sum": {
            "value": 0.0009280685800000002,
            "min": 0.0009280685800000002,
            "max": 0.0009760122999999998,
            "count": 3
        }
    },
    "metadata": {
        "timer_format_version": "0.1.0",
        "start_time_seconds": "1765212428",
        "python_version": "3.10.11 (tags/v3.10.11:7d4cc5a, Apr  5 2023, 00:38:17) [MSC v.1929 64 bit (AMD64)]",
        "command_line_arguments": "C:\\Users\\moebn\\Documents\\University\\Project 2-1\\project_2_1_group_7\\venv\\Scripts\\mlagents-learn Config/training_config.yaml --run-id=run_batch_size66_buffer_size12100_learning_rate0.0002_beta0.001_epsilon0.1 --time-scale=20 --env=3DBall_environment/UnityEnvironment.exe --no-graphics",
        "mlagents_version": "1.0.0",
        "mlagents_envs_version": "1.0.0",
        "communication_protocol_version": "1.5.0",
        "pytorch_version": "2.9.1+cpu",
        "numpy_version": "1.23.5",
        "end_time_seconds": "1765212460"
    },
    "total": 31.32886840001447,
    "count": 1,
    "self": 0.23053430000436492,
    "children": {
        "run_training.setup": {
            "total": 0.0770018000039272,
            "count": 1,
            "self": 0.0770018000039272
        },
        "TrainerController.start_learning": {
            "total": 31.02133230000618,
            "count": 1,
            "self": 0.050843700650148094,
            "children": {
                "TrainerController._reset_env": {
                    "total": 6.131886200018926,
                    "count": 1,
                    "self": 6.131886200018926
                },
                "TrainerController.advance": {
                    "total": 24.832147799344966,
                    "count": 5772,
                    "self": 0.04886449681362137,
                    "children": {
                        "env_step": {
                            "total": 14.459531700616935,
                            "count": 5772,
                            "self": 12.677660602523247,
                            "children": {
                                "SubprocessEnvManager._take_step": {
                                    "total": 1.7466847982432228,
                                    "count": 5772,
                                    "self": 0.12282109778607264,
                                    "children": {
                                        "TorchPolicy.evaluate": {
                                            "total": 1.6238637004571501,
                                            "count": 4187,
                                            "self": 1.6238637004571501
                                        }
                                    }
                                },
                                "workers": {
                                    "total": 0.03518629985046573,
                                    "count": 5772,
                                    "self": 0.0,
                                    "children": {
                                        "worker_root": {
                                            "total": 25.571016401605448,
                                            "count": 5772,
                                            "is_parallel": true,
                                            "self": 15.92504310212098,
                                            "children": {
                                                "steps_from_proto": {
                                                    "total": 0.0010224000143352896,