{
    "name": "root",
    "gauges": {
        "3DBall.Policy.Entropy.mean": {
            "value": 1.352527141571045,
            "min": 1.352527141571045,
            "max": 1.414476752281189,
            "count": 4
        },
        "3DBall.Policy.Entropy.sum": {
            "value": 16230.326171875,
            "min": 16230.326171875,
            "max": 20495.02734375,
            "count": 4
        },
        "3DBall.Environment.EpisodeLength.mean": {
            "value": 912.9230769230769,
            "min": 24.954838709677418,
            "max": 912.9230769230769,
            "count": 4
        },
        "3DBall.Environment.EpisodeLength.sum": {
            "value": 11868.0,
            "min": 11604.0,
            "max": 12388.0,
            "count": 4
        },
        "3DBall.Step.mean": {
            "value": 47372.0,
            "min": 11995.0,
            "max": 47372.0,
            "count": 4
        },
        "3DBall.Step.sum": {
            "value": 47372.0,
            "min": 11995.0,
            "max": 47372.0,
            "count": 4
        },
        "3DBall.Policy.ExtrinsicValueEstimate.mean": {
            "value": 9.486522674560547,
            "min": 0.1592857986688614,
            "max": 9.486522674560547,
            "count": 4
        },
        "3DBall.Policy.ExtrinsicValueEstimate.sum": {
            "value": 123.32479858398438,
            "min": 73.90860748291016,
            "max": 243.87347412109375,
            "count": 4
        },
        "3DBall.Environment.CumulativeReward.mean": {
            "value": 91.22309083205003,
            "min": 1.4851292703172256,
            "max": 91.22309083205003,
            "count": 4
        },
        "3DBall.Environment.CumulativeReward.sum": {
            "value": 1185.9001808166504,
            "min": 689.0999814271927,
            "max": 1187.0001697540283,
            "count": 4
        },
        "3DBall.Policy.ExtrinsicReward.mean": {
            "value": 91.22309083205003,
            "min": 1.4851292703172256,
            "max": 91.22309083205003,
            "count": 4
        },
        "3DBall.Policy.ExtrinsicReward.sum": {
            "value": 1185.9001808166504,
            "min": 689.0999814271927,
            "max": 1187.0001697540283,
            "count": 4
        },
        "3DBall.Losses.PolicyLoss.mean": {
            "value": 0.09074749145622292,
            "min": 0.09074749145622292,
            "max": 0.10024278049616686,
            "count": 4
        },
        "3DBall.Losses.PolicyLoss.sum": {
            "value": 0.3629899658248917,
            "min": 0.3629899658248917,
            "max": 0.5012139024808343,
            "count": 4
        },
        "3DBall.Losses.ValueLoss.mean": {
            "value": 0.6412996305760821,
            "min": 0.3912186544439758,
            "max": 2.572499223526395,
            "count": 4
        },
        "3DBall.Losses.ValueLoss.sum": {
            "value": 2.5651985223043283,
            "min": 1.5648746177759032,
            "max": 12.862496117631974,
            "count": 4
        },
        "3DBall.Policy.LearningRate.mean": {
            "value": 0.00027484110838629994,
            "min": 0.00027484110838629994,
            "max": 0.00029623320125559993,
            "count": 4
        },
        "3DBall.Policy.LearningRate.sum": {
            "value": 0.0010993644335451998,
            "min": 0.0010993644335451998,
            "max": 0.0014465118178293998,
            "count": 4
        },
        "3DBall.Policy.Epsilon.mean": {
            "value": 0.2832274,
            "min": 0.2832274,
            "max": 0.2974888,
            "count": 4
        },
        "3DBall.Policy.Epsilon.sum": {
            "value": 1.1329096,
            "min": 1.1329096,
            "max": 1.4643411999999998,
            "count": 4
        },
        "3DBall.Policy.Beta.mean": {
            "value": 0.0012834304300000001,
            "min": 0.0012834304300000001,
            "max": 0.0013825471599999996,
            "count": 4
        },
        "3DBall.Policy.Beta.sum": {
            "value": 0.0051337217200000005,
            "min": 0.0051337217200000005,
            "max": 0.006752171340000002,
            "count": 4
        },
        "3DBall.IsTraining.mean": {
            "value": 1.0,
            "min": 1.0,
            "max": 1.0,
            "count": 4
        },
        "3DBall.IsTraining.sum": {
            "value": 1.0,
            "min": 1.0,
            "max": 1.0,
            "count": 4
        }
    },
    "metadata": {
        "timer_format_version": "0.1.0",
        "start_time_seconds": "1765196413",
        "python_version": "3.10.11 (tags/v3.10.11:7d4cc5a, Apr  5 2023, 00:38:17) [MSC v.1929 64 bit (AMD64)]",
        "command_line_arguments": "C:\\Users\\moebn\\Documents\\University\\Project 2-1\\project_2_1_group_7\\venv\\Scripts\\mlagents-learn Config/training_config.yaml --run-id=run_batch_size66_buffer_size2500_learning_rate0.0003_beta0.0014_epsilon0.3 --time-scale=20 --env=3DBall_environment/UnityEnvironment.exe --no-graphics",
        "mlagents_version": "1.0.0",
        "mlagents_envs_version": "1.0.0",
        "communication_protocol_version": "1.5.0",
        "pytorch_version": "2.9.1+cpu",
        "numpy_version": "1.23.5",
        "end_time_seconds": "1765196442"
    },
    "total": 28.719084699987434,
    "count": 1,
    "self": 0.1955502999771852,
    "children": {
        "run_training.setup": {
            "total": 0.08146640000632033,
            "count": 1,
            "self": 0.08146640000632033
        },
        "TrainerController.start_learning": {
            "total": 28.44206800000393,
            "count": 1,
            "self": 0.04293610021704808,
            "children": {
                "TrainerController._reset_env": {
                    "total": 3.4819057999993674,
                    "count": 1,
                    "self": 3.4819057999993674
                },
                "TrainerController.advance": {
                    "total": 24.91013679979369,
                    "count": 5120,
                    "self": 0.04214999885880388,
                    "children": {
                        "env_step": {
                            "total": 14.563336800929392,
                            "count": 5120,
                            "self": 12.71753990201978,
                            "children": {
                                "SubprocessEnvManager._take_step": {
                                    "total": 1.8155957003764343,
                                    "count": 5120,
                                    "self": 0.12880560028133914,
                                    "children": {
                                        "TorchPolicy.evaluate": {
                                            "total": 1.6867901000950951,
                                            "count": 4612,
                                            "self": 1.6867901000950951
                                        }
                                    }
                                },
                                "workers": {
                                    "total": 0.030201198533177376,
                                    "count": 5120,
                                    "self": 0.0,
                                    "children": {
                                        "worker_root": {
                                            "total": 25.506844799470855,
                                            "count": 5120,
                                            "is_parallel": true,
                                            "self": 15.6321745008172,
                                            "children": {
                                                "steps_from_proto": {
                                                    "total": 0.000225499999942258,
                                                    "count": 1,