{
    "name": "root",
    "gauges": {
        "3DBall.Policy.Entropy.mean": {
            "value": 1.4012593030929565,
            "min": 1.4012593030929565,
            "max": 1.4272304773330688,
            "count": 4
        },
        "3DBall.Policy.Entropy.sum": {
            "value": 16899.1875,
            "min": 16899.1875,
            "max": 17214.55859375,
            "count": 4
        },
        "3DBall.Environment.EpisodeLength.mean": {
            "value": 30.025839793281655,
            "min": 21.97514340344168,
            "max": 30.025839793281655,
            "count": 4
        },
        "3DBall.Environment.EpisodeLength.sum": {
            "value": 11620.0,
            "min": 11485.0,
            "max": 11620.0,
            "count": 4
        },
        "3DBall.Step.mean": {
            "value": 47942.0,
            "min": 11983.0,
            "max": 47942.0,
            "count": 4
        },
        "3DBall.Step.sum": {
            "value": 47942.0,
            "min": 11983.0,
            "max": 47942.0,
            "count": 4
        },
        "3DBall.Policy.ExtrinsicValueEstimate.mean": {
            "value": 0.4833891689777374,
            "min": 0.22862887382507324,
            "max": 0.4833891689777374,
            "count": 4
        },
        "3DBall.Policy.ExtrinsicValueEstimate.sum": {
            "value": 187.0716094970703,
            "min": 118.65838623046875,
            "max": 187.0716094970703,
            "count": 4
        },
        "3DBall.Environment.CumulativeReward.mean": {
            "value": 1.993798378210043,
            "min": 1.1955938368921535,
            "max": 1.993798378210043,
            "count": 4
        },
        "3DBall.Environment.CumulativeReward.sum": {
            "value": 771.5999723672867,
            "min": 624.0999828577042,
            "max": 771.5999723672867,
            "count": 4
        },
        "3DBall.Policy.ExtrinsicReward.mean": {
            "value": 1.993798378210043,
            "min": 1.1955938368921535,
            "max": 1.993798378210043,
            "count": 4
        },
        "3DBall.Policy.ExtrinsicReward.sum": {
            "value": 771.5999723672867,
            "min": 624.0999828577042,
            "max": 771.5999723672867,
            "count": 4
        },
        "3DBall.IsTraining.mean": {
            "value": 1.0,
            "min": 1.0,
            "max": 1.0,
            "count": 4
        },
        "3DBall.IsTraining.sum": {
            "value": 1.0,
            "min": 1.0,
            "max": 1.0,
            "count": 4
        },
        "3DBall.Losses.PolicyLoss.mean": {
            "value": 0.7032442069266475,
            "min": 0.6918402737140671,
            "max": 0.8042509343836634,
            "count": 3
        },
        "3DBall.Losses.PolicyLoss.sum": {
            "value": 0.7032442069266475,
            "min": 0.6918402737140671,
            "max": 0.8042509343836634,
            "count": 3
        },
        "3DBall.Losses.ValueLoss.mean": {
            "value": 0.24296362074048813,
            "min": 0.1579804324371384,
            "max": 0.24296362074048813,
            "count": 3
        },
        "3DBall.Losses.ValueLoss.sum": {
            "value": 0.24296362074048813,
            "min": 0.1579804324371384,
            "max": 0.24296362074048813,
            "count": 3
        },
        "3DBall.Policy.LearningRate.mean": {
            "value": 0.00037093120726719995,
            "min": 0.00037093120726719995,
            "max": 0.0003903176024206,
            "count": 3
        },
        "3DBall.Policy.LearningRate.sum": {
            "value": 0.00037093120726719995,
            "min": 0.00037093120726719995,
            "max": 0.0003903176024206,
            "count": 3
        },
        "3DBall.Policy.Epsilon.mean": {
            "value": 0.1463664,
            "min": 0.1463664,
            "max": 0.1487897,
            "count": 3
        },
        "3DBall.Policy.Epsilon.sum": {
            "value": 0.1463664,
            "min": 0.1463664,
            "max": 0.1487897,
            "count": 3
        },
        "3DBall.Policy.Beta.mean": {
            "value": 0.00102078752,
            "min": 0.00102078752,
            "max": 0.00107361546,
            "count": 3
        },
        "3DBall.Policy.Beta.sum": {
            "value": 0.00102078752,
            "min": 0.00102078752,
            "max": 0.00107361546,
            "count": 3
        }
    },
    "metadata": {
        "timer_format_version": "0.1.0",
        "start_time_seconds": "1764765108",
        "python_version": "3.10.11 (tags/v3.10.11:7d4cc5a, Apr  5 2023, 00:38:17) [MSC v.1929 64 bit (AMD64)]",
        "command_line_arguments": "C:\\Users\\moebn\\Documents\\University\\Project 2-1\\project_2_1_group_7\\venv\\Scripts\\mlagents-learn Config/training_config.yaml --run-id=run_batch_size1_buffer_size12100_learning_rate0.0004_beta0.0011_epsilon0.15 --time-scale=20 --env=3DBall_environment/UnityEnvironment.exe --no-graphics",
        "mlagents_version": "1.0.0",
        "mlagents_envs_version": "1.0.0",
        "communication_protocol_version": "1.5.0",
        "pytorch_version": "2.9.1+cpu",
        "numpy_version": "1.23.5",
        "end_time_seconds": "1764765380"
    },
    "total": 272.0933020999946,
    "count": 1,
    "self": 0.15555449997191317,
    "children": {
        "run_training.setup": {
            "total": 0.06697530002566054,
            "count": 1,
            "self": 0.06697530002566054
        },
        "TrainerController.start_learning": {
            "total": 271.87077229999704,
            "count": 1,
            "self": 0.04991789965424687,
            "children": {
                "TrainerController._reset_env": {
                    "total": 3.407320099999197,
                    "count": 1,
                    "self": 3.407320099999197
                },
                "TrainerController.advance": {
                    "total": 268.4075331003405,
                    "count": 5668,
                    "self": 0.0484602986543905,
                    "children": {
                        "env_step": {
                            "total": 14.097319201595383,
                            "count": 5668,
                            "self": 12.65757139926427,
                            "children": {
                                "SubprocessEnvManager._take_step": {
                                    "total": 1.4062573009578045,
                                    "count": 5668,
                                    "self": 0.11973339910036884,
                                    "children": {
                                        "TorchPolicy.evaluate": {
                                            "total": 1.2865239018574357,
                                            "count": 4191,
                                            "self": 1.2865239018574357
                                        }
                                    }
                                },
                                "workers": {
                                    "total": 0.03349050137330778,
                                    "count": 5668,
                                    "self": 0.0,
                                    "children": {
                                        "worker_root": {
                                            "total": 268.9782986982609,
                                            "count": 5668,
                                            "is_parallel": true,
                                            "self": 259.2783245978644,
                                            "children": {
                                                "steps_from_proto": {
                                                    "total": 0.0002888999879360199,
                                                    "count": 1,
                                                    "is_parallel": true,