{
    "name": "root",
    "gauges": {
        "3DBall.Policy.Entropy.mean": {
            "value": 1.3965840339660645,
            "min": 1.3965840339660645,
            "max": 1.4189382791519165,
            "count": 4
        },
        "3DBall.Policy.Entropy.sum": {
            "value": 16976.875,
            "min": 16927.4765625,
            "max": 17384.83203125,
            "count": 4
        },
        "3DBall.Environment.EpisodeLength.mean": {
            "value": 31.008,
            "min": 21.97131931166348,
            "max": 31.008,
            "count": 4
        },
        "3DBall.Environment.EpisodeLength.sum": {
            "value": 11628.0,
            "min": 11491.0,
            "max": 11628.0,
            "count": 4
        },
        "3DBall.Step.mean": {
            "value": 47975.0,
            "min": 11995.0,
            "max": 47975.0,
            "count": 4
        },
        "3DBall.Step.sum": {
            "value": 47975.0,
            "min": 11995.0,
            "max": 47975.0,
            "count": 4
        },
        "3DBall.Policy.ExtrinsicValueEstimate.mean": {
            "value": 0.45362019538879395,
            "min": -0.03607784956693649,
            "max": 0.45362019538879395,
            "count": 4
        },
        "3DBall.Policy.ExtrinsicValueEstimate.sum": {
            "value": 170.10757446289062,
            "min": -18.832637786865234,
            "max": 170.10757446289062,
            "count": 4
        },
        "3DBall.Environment.CumulativeReward.mean": {
            "value": 2.0997333106994627,
            "min": 1.19789268413266,
            "max": 2.0997333106994627,
            "count": 4
        },
        "3DBall.Environment.CumulativeReward.sum": {
            "value": 787.3999915122986,
            "min": 625.2999811172485,
            "max": 787.3999915122986,
            "count": 4
        },
        "3DBall.Policy.ExtrinsicReward.mean": {
            "value": 2.0997333106994627,
            "min": 1.19789268413266,
            "max": 2.0997333106994627,
            "count": 4
        },
        "3DBall.Policy.ExtrinsicReward.sum": {
            "value": 787.3999915122986,
            "min": 625.2999811172485,
            "max": 787.3999915122986,
            "count": 4
        },
        "3DBall.IsTraining.mean": {
            "value": 1.0,
            "min": 1.0,
            "max": 1.0,
            "count": 4
        },
        "3DBall.IsTraining.sum": {
            "value": 1.0,
            "min": 1.0,
            "max": 1.0,
            "count": 4
        },
        "3DBall.Losses.PolicyLoss.mean": {
            "value": 0.102696185137117,
            "min": 0.102696185137117,
            "max": 0.10372464613387605,
            "count": 3
        },
        "3DBall.Losses.PolicyLoss.sum": {
            "value": 0.102696185137117,
            "min": 0.102696185137117,
            "max": 0.10372464613387605,
            "count": 3
        },
        "3DBall.Losses.ValueLoss.mean": {
            "value": 0.4258588023483753,
            "min": 0.24886177201249285,
            "max": 0.4258588023483753,
            "count": 3
        },
        "3DBall.Losses.ValueLoss.sum": {
            "value": 0.4258588023483753,
            "min": 0.24886177201249285,
            "max": 0.4258588023483753,
            "count": 3
        },
        "3DBall.Policy.LearningRate.mean": {
            "value": 0.0003651592087102,
            "min": 0.0003651592087102,
            "max": 0.0003883856029036,
            "count": 3
        },
        "3DBall.Policy.LearningRate.sum": {
            "value": 0.0003651592087102,
            "min": 0.0003651592087102,
            "max": 0.0003883856029036,
            "count": 3
        },
        "3DBall.Policy.Epsilon.mean": {
            "value": 0.2369347,
            "min": 0.2369347,
            "max": 0.24564460000000002,
            "count": 3
        },
        "3DBall.Policy.Epsilon.sum": {
            "value": 0.2369347,
            "min": 0.2369347,
            "max": 0.24564460000000002,
            "count": 3
        },
        "3DBall.Policy.Beta.mean": {
            "value": 0.0012789282199999995,
            "min": 0.0012789282199999995,
            "max": 0.0013596399600000004,
            "count": 3
        },
        "3DBall.Policy.Beta.sum": {
            "value": 0.0012789282199999995,
            "min": 0.0012789282199999995,
            "max": 0.0013596399600000004,
            "count": 3
        }
    },
    "metadata": {
        "timer_format_version": "0.1.0",
        "start_time_seconds": "1765219705",
        "python_version": "3.10.11 (tags/v3.10.11:7d4cc5a, Apr  5 2023, 00:38:17) [MSC v.1929 64 bit (AMD64)]",
        "command_line_arguments": "C:\\Users\\moebn\\Documents\\University\\Project 2-1\\project_2_1_group_7\\venv\\Scripts\\mlagents-learn Config/training_config.yaml --run-id=run_batch_size66_buffer_size14500_learning_rate0.0004_beta0.0014_epsilon0.25 --time-scale=20 --env=3DBall_environment/UnityEnvironment.exe --no-graphics",
        "mlagents_version": "1.0.0",
        "mlagents_envs_version": "1.0.0",
        "communication_protocol_version": "1.5.0",
        "pytorch_version": "2.9.1+cpu",
        "numpy_version": "1.23.5",
        "end_time_seconds": "1765219735"
    },
    "total": 30.37425739999162,
    "count": 1,
    "self": 0.215731499978574,
    "children": {
        "run_training.setup": {
            "total": 0.106877699989127,
            "count": 1,
            "self": 0.106877699989127
        },
        "TrainerController.start_learning": {
            "total": 30.05164820002392,
            "count": 1,
            "self": 0.04912450010306202,
            "children": {
                "TrainerController._reset_env": {
                    "total": 6.055967100022826,
                    "count": 1,
                    "self": 6.055967100022826
                },
                "TrainerController.advance": {
                    "total": 23.940050799923483,
                    "count": 5639,
                    "self": 0.04735399814671837,
                    "children": {
                        "env_step": {
                            "total": 13.779945300717372,
                            "count": 5639,
                            "self": 12.263590800925158,
                            "children": {
                                "SubprocessEnvManager._take_step": {
                                    "total": 1.4822599987674039,
                                    "count": 5639,
                                    "self": 0.12252979842014611,
                                    "children": {
                                        "TorchPolicy.evaluate": {
                                            "total": 1.3597302003472578,
                                            "count": 4188,
                                            "self": 1.3597302003472578
                                        }
                                    }
                                },
                                "workers": {
                                    "total": 0.0340945010248106,
                                    "count": 5639,
                                    "self": 0.0,
                                    "children": {
                                        "worker_root": {
                                            "total": 26.093602200679015,
                                            "count": 5639,
                                            "is_parallel": true,
                                            "self": 16.780447800963884,
                                            "children": {
                                                "steps_from_proto": {
                                                    "total": 0.0020006000122521073,
                                                    "count": 1,
                                                    "is_parallel": true,