{
    "name": "root",
    "gauges": {
        "3DBall.Policy.Entropy.mean": {
            "value": 1.3900805711746216,
            "min": 1.3900805711746216,
            "max": 1.4189382791519165,
            "count": 4
        },
        "3DBall.Policy.Entropy.sum": {
            "value": 16781.052734375,
            "min": 16777.583984375,
            "max": 17299.6953125,
            "count": 4
        },
        "3DBall.Environment.EpisodeLength.mean": {
            "value": 29.974293059125966,
            "min": 22.426900584795323,
            "max": 29.974293059125966,
            "count": 4
        },
        "3DBall.Environment.EpisodeLength.sum": {
            "value": 11660.0,
            "min": 11504.0,
            "max": 11660.0,
            "count": 4
        },
        "3DBall.Step.mean": {
            "value": 47995.0,
            "min": 11997.0,
            "max": 47995.0,
            "count": 4
        },
        "3DBall.Step.sum": {
            "value": 47995.0,
            "min": 11997.0,
            "max": 47995.0,
            "count": 4
        },
        "3DBall.Policy.ExtrinsicValueEstimate.mean": {
            "value": 0.45361626148223877,
            "min": -0.09012626111507416,
            "max": 0.45361626148223877,
            "count": 4
        },
        "3DBall.Policy.ExtrinsicValueEstimate.sum": {
            "value": 176.45672607421875,
            "min": -46.14464569091797,
            "max": 176.45672607421875,
            "count": 4
        },
        "3DBall.Environment.CumulativeReward.mean": {
            "value": 1.9930590461642699,
            "min": 1.243164025945589,
            "max": 1.9930590461642699,
            "count": 4
        },
        "3DBall.Environment.CumulativeReward.sum": {
            "value": 775.299968957901,
            "min": 636.4999812841415,
            "max": 775.299968957901,
            "count": 4
        },
        "3DBall.Policy.ExtrinsicReward.mean": {
            "value": 1.9930590461642699,
            "min": 1.243164025945589,
            "max": 1.9930590461642699,
            "count": 4
        },
        "3DBall.Policy.ExtrinsicReward.sum": {
            "value": 775.299968957901,
            "min": 636.4999812841415,
            "max": 775.299968957901,
            "count": 4
        },
        "3DBall.IsTraining.mean": {
            "value": 1.0,
            "min": 1.0,
            "max": 1.0,
            "count": 4
        },
        "3DBall.IsTraining.sum": {
            "value": 1.0,
            "min": 1.0,
            "max": 1.0,
            "count": 4
        },
        "3DBall.Losses.PolicyLoss.mean": {
            "value": 0.1585086197964778,
            "min": 0.15282765311875274,
            "max": 0.1585086197964778,
            "count": 3
        },
        "3DBall.Losses.PolicyLoss.sum": {
            "value": 0.1585086197964778,
            "min": 0.15282765311875274,
            "max": 0.1585086197964778,
            "count": 3
        },
        "3DBall.Losses.ValueLoss.mean": {
            "value": 0.27295936035945834,
            "min": 0.19280492982804953,
            "max": 0.27295936035945834,
            "count": 3
        },
        "3DBall.Losses.ValueLoss.sum": {
            "value": 0.27295936035945834,
            "min": 0.19280492982804953,
            "max": 0.27295936035945834,
            "count": 3
        },
        "3DBall.Policy.LearningRate.mean": {
            "value": 0.00037094320726420004,
            "min": 0.00037094320726420004,
            "max": 0.00039031360242160006,
            "count": 3
        },
        "3DBall.Policy.LearningRate.sum": {
            "value": 0.00037094320726420004,
            "min": 0.00037094320726420004,
            "max": 0.00039031360242160006,
            "count": 3
        },
        "3DBall.Policy.Epsilon.mean": {
            "value": 0.1463679,
            "min": 0.1463679,
            "max": 0.14878919999999998,
            "count": 3
        },
        "3DBall.Policy.Epsilon.sum": {
            "value": 0.1463679,
            "min": 0.1463679,
            "max": 0.14878919999999998,
            "count": 3
        },
        "3DBall.Policy.Beta.mean": {
            "value": 0.0009280844199999999,
            "min": 0.0009280844199999999,
            "max": 0.0009760261600000001,
            "count": 3
        },
        "3DBall.Policy.Beta.sum": {
            "value": 0.0009280844199999999,
            "min": 0.0009280844199999999,
            "max": 0.0009760261600000001,
            "count": 3
        }
    },
    "metadata": {
        "timer_format_version": "0.1.0",
        "start_time_seconds": "1765060602",
        "python_version": "3.10.11 (tags/v3.10.11:7d4cc5a, Apr  5 2023, 00:38:17) [MSC v.1929 64 bit (AMD64)]",
        "command_line_arguments": "C:\\Users\\moebn\\Documents\\University\\Project 2-1\\project_2_1_group_7\\venv\\Scripts\\mlagents-learn Config/training_config.yaml --run-id=run_batch_size27_buffer_size12100_learning_rate0.0004_beta0.001_epsilon0.15 --time-scale=20 --env=3DBall_environment/UnityEnvironment.exe --no-graphics",
        "mlagents_version": "1.0.0",
        "mlagents_envs_version": "1.0.0",
        "communication_protocol_version": "1.5.0",
        "pytorch_version": "2.9.1+cpu",
        "numpy_version": "1.23.5",
        "end_time_seconds": "1765060639"
    },
    "total": 36.981232400008594,
    "count": 1,
    "self": 0.20535440002277028,
    "children": {
        "run_training.setup": {
            "total": 0.06685769998875912,
            "count": 1,
            "self": 0.06685769998875912
        },
        "TrainerController.start_learning": {
            "total": 36.709020299997064,
            "count": 1,
            "self": 0.05153119924943894,
            "children": {
                "TrainerController._reset_env": {
                    "total": 6.137559000009787,
                    "count": 1,
                    "self": 6.137559000009787
                },
                "TrainerController.advance": {
                    "total": 30.513477400745614,
                    "count": 5665,
                    "self": 0.04950500045379158,
                    "children": {
                        "env_step": {
                            "total": 13.861435400438495,
                            "count": 5665,
                            "self": 12.385518000839511,
                            "children": {
                                "SubprocessEnvManager._take_step": {
                                    "total": 1.4415454999398207,
                                    "count": 5665,
                                    "self": 0.12198090068704914,
                                    "children": {
                                        "TorchPolicy.evaluate": {
                                            "total": 1.3195645992527716,
                                            "count": 4189,
                                            "self": 1.3195645992527716
                                        }
                                    }
                                },
                                "workers": {
                                    "total": 0.03437189965916332,
                                    "count": 5665,
                                    "self": 0.0,
                                    "children": {
                                        "worker_root": {
                                            "total": 31.08470979993581,
                                            "count": 5665,
                                            "is_parallel": true,
                                            "self": 21.644291700897156,
                                            "children": {
                                                "steps_from_proto": {
                                                    "total": 0.0002440999960526824,
                                                    "count": 1,