{
    "name": "root",
    "gauges": {
        "3DBall.Policy.Entropy.mean": {
            "value": 1.3625826835632324,
            "min": 1.3625826835632324,
            "max": 1.4084869623184204,
            "count": 4
        },
        "3DBall.Policy.Entropy.sum": {
            "value": 15647.8994140625,
            "min": 15647.8994140625,
            "max": 23124.09765625,
            "count": 4
        },
        "3DBall.Environment.EpisodeLength.mean": {
            "value": 822.6,
            "min": 25.540659340659342,
            "max": 822.6,
            "count": 4
        },
        "3DBall.Environment.EpisodeLength.sum": {
            "value": 12339.0,
            "min": 11621.0,
            "max": 12339.0,
            "count": 4
        },
        "3DBall.Step.mean": {
            "value": 47512.0,
            "min": 11980.0,
            "max": 47512.0,
            "count": 4
        },
        "3DBall.Step.sum": {
            "value": 47512.0,
            "min": 11980.0,
            "max": 47512.0,
            "count": 4
        },
        "3DBall.Policy.ExtrinsicValueEstimate.mean": {
            "value": 9.303167343139648,
            "min": 0.26412639021873474,
            "max": 9.303167343139648,
            "count": 4
        },
        "3DBall.Policy.ExtrinsicValueEstimate.sum": {
            "value": 139.54751586914062,
            "min": 119.91338348388672,
            "max": 283.0118408203125,
            "count": 4
        },
        "3DBall.Environment.CumulativeReward.mean": {
            "value": 76.54667835235595,
            "min": 1.538766471299831,
            "max": 76.54667835235595,
            "count": 4
        },
        "3DBall.Environment.CumulativeReward.sum": {
            "value": 1148.2001752853394,
            "min": 698.5999779701233,
            "max": 1202.5001859664917,
            "count": 4
        },
        "3DBall.Policy.ExtrinsicReward.mean": {
            "value": 76.54667835235595,
            "min": 1.538766471299831,
            "max": 76.54667835235595,
            "count": 4
        },
        "3DBall.Policy.ExtrinsicReward.sum": {
            "value": 1148.2001752853394,
            "min": 698.5999779701233,
            "max": 1202.5001859664917,
            "count": 4
        },
        "3DBall.Losses.PolicyLoss.mean": {
            "value": 0.21148942650920138,
            "min": 0.19889656782749984,
            "max": 0.21148942650920138,
            "count": 4
        },
        "3DBall.Losses.PolicyLoss.sum": {
            "value": 3.1723413976380206,
            "min": 3.1723413976380206,
            "max": 20.287449918404985,
            "count": 4
        },
        "3DBall.Losses.ValueLoss.mean": {
            "value": 3.454172238246815,
            "min": 0.6148370705748654,
            "max": 4.136615953136844,
            "count": 4
        },
        "3DBall.Losses.ValueLoss.sum": {
            "value": 51.81258357370223,
            "min": 51.81258357370223,
            "max": 222.3875763396325,
            "count": 4
        },
        "3DBall.Policy.LearningRate.mean": {
            "value": 9.155835510832001e-05,
            "min": 9.155835510832001e-05,
            "max": 9.881995412122352e-05,
            "count": 4
        },
        "3DBall.Policy.LearningRate.sum": {
            "value": 0.0013733753266248002,
            "min": 0.0013733753266248002,
            "max": 0.010079635320364799,
            "count": 4
        },
        "3DBall.Policy.Epsilon.mean": {
            "value": 0.14577917333333332,
            "min": 0.14577917333333332,
            "max": 0.1494099764705882,
            "count": 4
        },
        "3DBall.Policy.Epsilon.sum": {
            "value": 2.1866876,
            "min": 2.1866876,
            "max": 15.239817599999999,
            "count": 4
        },
        "3DBall.Policy.Beta.mean": {
            "value": 0.000916427632,
            "min": 0.000916427632,
            "max": 0.000988317534117647,
            "count": 4
        },
        "3DBall.Policy.Beta.sum": {
            "value": 0.01374641448,
            "min": 0.01374641448,
            "max": 0.10080838848,
            "count": 4
        },
        "3DBall.IsTraining.mean": {
            "value": 1.0,
            "min": 1.0,
            "max": 1.0,
            "count": 4
        },
        "3DBall.IsTraining.sum": {
            "value": 1.0,
            "min": 1.0,
            "max": 1.0,
            "count": 4
        }
    },
    "metadata": {
        "timer_format_version": "0.1.0",
        "start_time_seconds": "1764903575",
        "python_version": "3.10.11 (tags/v3.10.11:7d4cc5a, Apr  5 2023, 00:38:17) [MSC v.1929 64 bit (AMD64)]",
        "command_line_arguments": "C:\\Users\\moebn\\Documents\\University\\Project 2-1\\project_2_1_group_7\\venv\\Scripts\\mlagents-learn Config/training_config.yaml --run-id=run_batch_size14_buffer_size100_learning_rate0.0001_beta0.001_epsilon0.15 --time-scale=20 --env=3DBall_environment/UnityEnvironment.exe --no-graphics",
        "mlagents_version": "1.0.0",
        "mlagents_envs_version": "1.0.0",
        "communication_protocol_version": "1.5.0",
        "pytorch_version": "2.9.1+cpu",
        "numpy_version": "1.23.5",
        "end_time_seconds": "1764903620"
    },
    "total": 44.570286899994244,
    "count": 1,
    "self": 0.20281560000148602,
    "children": {
        "run_training.setup": {
            "total": 0.065513399997144,
            "count": 1,
            "self": 0.065513399997144
        },
        "TrainerController.start_learning": {
            "total": 44.301957899995614,
            "count": 1,
            "self": 0.04342100025678519,
            "children": {
                "TrainerController._reset_env": {
                    "total": 4.3130406999989646,
                    "count": 1,
                    "self": 4.3130406999989646
                },
                "TrainerController.advance": {
                    "total": 39.938908299736795,
                    "count": 5196,
                    "self": 0.04362919936829712,
                    "children": {
                        "env_step": {
                            "total": 14.307280799752334,
                            "count": 5196,
                            "self": 12.65726129959512,
                            "children": {
                                "SubprocessEnvManager._take_step": {
                                    "total": 1.6188041999557754,
                                    "count": 5196,
                                    "self": 0.1326437001262093,
                                    "children": {
                                        "TorchPolicy.evaluate": {
                                            "total": 1.486160499829566,
                                            "count": 4691,
                                            "self": 1.486160499829566
                                        }
                                    }
                                },
                                "workers": {
                                    "total": 0.031215300201438367,
                                    "count": 5196,
                                    "self": 0.0,
                                    "children": {
                                        "worker_root": {
                                            "total": 40.50628559975303,
                                            "count": 5196,
                                            "is_parallel": true,
                                            "self": 30.683419699736987,
                                            "children": {
                                                "steps_from_proto": {
                                                    "total": 0.0002798999921651557,
                                                    "count": 1,
                                                    "is_parallel": true,