{
    "name": "root",
    "gauges": {
        "3DBall.Policy.Entropy.mean": {
            "value": 1.4056979417800903,
            "min": 1.4056979417800903,
            "max": 1.4189382791519165,
            "count": 4
        },
        "3DBall.Policy.Entropy.sum": {
            "value": 16918.98046875,
            "min": 16854.87109375,
            "max": 17197.53125,
            "count": 4
        },
        "3DBall.Environment.EpisodeLength.mean": {
            "value": 26.522935779816514,
            "min": 21.363128491620113,
            "max": 26.522935779816514,
            "count": 4
        },
        "3DBall.Environment.EpisodeLength.sum": {
            "value": 11564.0,
            "min": 11472.0,
            "max": 11564.0,
            "count": 4
        },
        "3DBall.Step.mean": {
            "value": 47999.0,
            "min": 11990.0,
            "max": 47999.0,
            "count": 4
        },
        "3DBall.Step.sum": {
            "value": 47999.0,
            "min": 11990.0,
            "max": 47999.0,
            "count": 4
        },
        "3DBall.Policy.ExtrinsicValueEstimate.mean": {
            "value": 0.3092982769012451,
            "min": -0.4011041522026062,
            "max": 0.3092982769012451,
            "count": 4
        },
        "3DBall.Policy.ExtrinsicValueEstimate.sum": {
            "value": 134.8540496826172,
            "min": -214.9918212890625,
            "max": 134.8540496826172,
            "count": 4
        },
        "3DBall.Environment.CumulativeReward.mean": {
            "value": 1.6534402952828537,
            "min": 1.1369402728863616,
            "max": 1.6534402952828537,
            "count": 4
        },
        "3DBall.Environment.CumulativeReward.sum": {
            "value": 720.8999687433243,
            "min": 609.3999862670898,
            "max": 720.8999687433243,
            "count": 4
        },
        "3DBall.Policy.ExtrinsicReward.mean": {
            "value": 1.6534402952828537,
            "min": 1.1369402728863616,
            "max": 1.6534402952828537,
            "count": 4
        },
        "3DBall.Policy.ExtrinsicReward.sum": {
            "value": 720.8999687433243,
            "min": 609.3999862670898,
            "max": 720.8999687433243,
            "count": 4
        },
        "3DBall.IsTraining.mean": {
            "value": 1.0,
            "min": 1.0,
            "max": 1.0,
            "count": 4
        },
        "3DBall.IsTraining.sum": {
            "value": 1.0,
            "min": 1.0,
            "max": 1.0,
            "count": 4
        },
        "3DBall.Losses.PolicyLoss.mean": {
            "value": 0.14977707680688232,
            "min": 0.14977707680688232,
            "max": 0.15305423981700225,
            "count": 3
        },
        "3DBall.Losses.PolicyLoss.sum": {
            "value": 0.14977707680688232,
            "min": 0.14977707680688232,
            "max": 0.15305423981700225,
            "count": 3
        },
        "3DBall.Losses.ValueLoss.mean": {
            "value": 0.22967899535926584,
            "min": 0.17198565196937318,
            "max": 0.22967899535926584,
            "count": 3
        },
        "3DBall.Losses.ValueLoss.sum": {
            "value": 0.22967899535926584,
            "min": 0.17198565196937318,
            "max": 0.22967899535926584,
            "count": 3
        },
        "3DBall.Policy.LearningRate.mean": {
            "value": 0.00036516560870859994,
            "min": 0.00036516560870859994,
            "max": 0.00038838560290359997,
            "count": 3
        },
        "3DBall.Policy.LearningRate.sum": {
            "value": 0.00036516560870859994,
            "min": 0.00036516560870859994,
            "max": 0.00038838560290359997,
            "count": 3
        },
        "3DBall.Policy.Epsilon.mean": {
            "value": 0.1456457,
            "min": 0.1456457,
            "max": 0.1485482,
            "count": 3
        },
        "3DBall.Policy.Epsilon.sum": {
            "value": 0.1456457,
            "min": 0.1456457,
            "max": 0.1485482,
            "count": 3
        },
        "3DBall.Policy.Beta.mean": {
            "value": 0.00109636766,
            "min": 0.00109636766,
            "max": 0.0011654471599999998,
            "count": 3
        },
        "3DBall.Policy.Beta.sum": {
            "value": 0.00109636766,
            "min": 0.00109636766,
            "max": 0.0011654471599999998,
            "count": 3
        }
    },
    "metadata": {
        "timer_format_version": "0.1.0",
        "start_time_seconds": "1765066333",
        "python_version": "3.10.11 (tags/v3.10.11:7d4cc5a, Apr  5 2023, 00:38:17) [MSC v.1929 64 bit (AMD64)]",
        "command_line_arguments": "C:\\Users\\moebn\\Documents\\University\\Project 2-1\\project_2_1_group_7\\venv\\Scripts\\mlagents-learn Config/training_config.yaml --run-id=run_batch_size27_buffer_size14500_learning_rate0.0004_beta0.0012_epsilon0.15 --time-scale=20 --env=3DBall_environment/UnityEnvironment.exe --no-graphics",
        "mlagents_version": "1.0.0",
        "mlagents_envs_version": "1.0.0",
        "communication_protocol_version": "1.5.0",
        "pytorch_version": "2.9.1+cpu",
        "numpy_version": "1.23.5",
        "end_time_seconds": "1765066368"
    },
    "total": 34.1847773000045,
    "count": 1,
    "self": 0.19967570001608692,
    "children": {
        "run_training.setup": {
            "total": 0.06850759999360889,
            "count": 1,
            "self": 0.06850759999360889
        },
        "TrainerController.start_learning": {
            "total": 33.9165939999948,
            "count": 1,
            "self": 0.051953500078525394,
            "children": {
                "TrainerController._reset_env": {
                    "total": 4.49938629999815,
                    "count": 1,
                    "self": 4.49938629999815
                },
                "TrainerController.advance": {
                    "total": 29.35846779991698,
                    "count": 5737,
                    "self": 0.05193969968240708,
                    "children": {
                        "env_step": {
                            "total": 14.177421599859372,
                            "count": 5737,
                            "self": 12.545060299671604,
                            "children": {
                                "SubprocessEnvManager._take_step": {
                                    "total": 1.597453500071424,
                                    "count": 5737,
                                    "self": 0.12449530034791678,
                                    "children": {
                                        "TorchPolicy.evaluate": {
                                            "total": 1.4729581997235073,
                                            "count": 4187,
                                            "self": 1.4729581997235073
                                        }
                                    }
                                },
                                "workers": {
                                    "total": 0.034907800116343424,
                                    "count": 5737,
                                    "self": 0.0,
                                    "children": {
                                        "worker_root": {
                                            "total": 29.882325899990974,
                                            "count": 5737,
                                            "is_parallel": true,
                                            "self": 20.341094399482245,
                                            "children": {
                                                "steps_from_proto": {
                                                    "total": 0.00032950000604614615,
                                                    "count": 1,
                                                    "is_parallel": true,