{
    "name": "root",
    "gauges": {
        "3DBall.Policy.Entropy.mean": {
            "value": 1.3970178365707397,
            "min": 1.3970178365707397,
            "max": 1.4189382791519165,
            "count": 4
        },
        "3DBall.Policy.Entropy.sum": {
            "value": 16931.85546875,
            "min": 16931.85546875,
            "max": 17214.55859375,
            "count": 4
        },
        "3DBall.Environment.EpisodeLength.mean": {
            "value": 29.331645569620253,
            "min": 21.19593345656192,
            "max": 29.331645569620253,
            "count": 4
        },
        "3DBall.Environment.EpisodeLength.sum": {
            "value": 11586.0,
            "min": 11467.0,
            "max": 11586.0,
            "count": 4
        },
        "3DBall.Step.mean": {
            "value": 47978.0,
            "min": 11975.0,
            "max": 47978.0,
            "count": 4
        },
        "3DBall.Step.sum": {
            "value": 47978.0,
            "min": 11975.0,
            "max": 47978.0,
            "count": 4
        },
        "3DBall.Policy.ExtrinsicValueEstimate.mean": {
            "value": 0.3650726079940796,
            "min": 0.2682900130748749,
            "max": 0.4430485963821411,
            "count": 4
        },
        "3DBall.Policy.ExtrinsicValueEstimate.sum": {
            "value": 144.20367431640625,
            "min": 125.55972290039062,
            "max": 239.24624633789062,
            "count": 4
        },
        "3DBall.Environment.CumulativeReward.mean": {
            "value": 1.9341771542271482,
            "min": 1.1175925742696833,
            "max": 1.9341771542271482,
            "count": 4
        },
        "3DBall.Environment.CumulativeReward.sum": {
            "value": 763.9999759197235,
            "min": 603.499990105629,
            "max": 763.9999759197235,
            "count": 4
        },
        "3DBall.Policy.ExtrinsicReward.mean": {
            "value": 1.9341771542271482,
            "min": 1.1175925742696833,
            "max": 1.9341771542271482,
            "count": 4
        },
        "3DBall.Policy.ExtrinsicReward.sum": {
            "value": 763.9999759197235,
            "min": 603.499990105629,
            "max": 763.9999759197235,
            "count": 4
        },
        "3DBall.IsTraining.mean": {
            "value": 1.0,
            "min": 1.0,
            "max": 1.0,
            "count": 4
        },
        "3DBall.IsTraining.sum": {
            "value": 1.0,
            "min": 1.0,
            "max": 1.0,
            "count": 4
        },
        "3DBall.Losses.PolicyLoss.mean": {
            "value": 0.11021617675271958,
            "min": 0.10464279965313335,
            "max": 0.11192449522867617,
            "count": 3
        },
        "3DBall.Losses.PolicyLoss.sum": {
            "value": 0.11021617675271958,
            "min": 0.10464279965313335,
            "max": 0.11192449522867617,
            "count": 3
        },
        "3DBall.Losses.ValueLoss.mean": {
            "value": 0.25273930376920944,
            "min": 0.2063750443377344,
            "max": 0.29794043640040946,
            "count": 3
        },
        "3DBall.Losses.ValueLoss.sum": {
            "value": 0.25273930376920944,
            "min": 0.2063750443377344,
            "max": 0.29794043640040946,
            "count": 3
        },
        "3DBall.Policy.LearningRate.mean": {
            "value": 0.0002738796087068,
            "min": 0.0002738796087068,
            "max": 0.0002912994029002,
            "count": 3
        },
        "3DBall.Policy.LearningRate.sum": {
            "value": 0.0002738796087068,
            "min": 0.0002738796087068,
            "max": 0.0002912994029002,
            "count": 3
        },
        "3DBall.Policy.Epsilon.mean": {
            "value": 0.2825864,
            "min": 0.2825864,
            "max": 0.2941995999999999,
            "count": 3
        },
        "3DBall.Policy.Epsilon.sum": {
            "value": 0.2825864,
            "min": 0.2825864,
            "max": 0.2941995999999999,
            "count": 3
        },
        "3DBall.Policy.Beta.mean": {
            "value": 0.0009138026800000002,
            "min": 0.0009138026800000002,
            "max": 0.0009712880200000001,
            "count": 3
        },
        "3DBall.Policy.Beta.sum": {
            "value": 0.0009138026800000002,
            "min": 0.0009138026800000002,
            "max": 0.0009712880200000001,
            "count": 3
        }
    },
    "metadata": {
        "timer_format_version": "0.1.0",
        "start_time_seconds": "1765155787",
        "python_version": "3.10.11 (tags/v3.10.11:7d4cc5a, Apr  5 2023, 00:38:17) [MSC v.1929 64 bit (AMD64)]",
        "command_line_arguments": "C:\\Users\\moebn\\Documents\\University\\Project 2-1\\project_2_1_group_7\\venv\\Scripts\\mlagents-learn Config/training_config.yaml --run-id=run_batch_size53_buffer_size14500_learning_rate0.0003_beta0.001_epsilon0.3 --time-scale=20 --env=3DBall_environment/UnityEnvironment.exe --no-graphics",
        "mlagents_version": "1.0.0",
        "mlagents_envs_version": "1.0.0",
        "communication_protocol_version": "1.5.0",
        "pytorch_version": "2.9.1+cpu",
        "numpy_version": "1.23.5",
        "end_time_seconds": "1765155815"
    },
    "total": 28.4590074000007,
    "count": 1,
    "self": 0.19431610000901856,
    "children": {
        "run_training.setup": {
            "total": 0.07848419999936596,
            "count": 1,
            "self": 0.07848419999936596
        },
        "TrainerController.start_learning": {
            "total": 28.186207099992316,
            "count": 1,
            "self": 0.0518207982822787,
            "children": {
                "TrainerController._reset_env": {
                    "total": 3.5009432999941055,
                    "count": 1,
                    "self": 3.5009432999941055
                },
                "TrainerController.advance": {
                    "total": 24.627263701724587,
                    "count": 5724,
                    "self": 0.048269301041727886,
                    "children": {
                        "env_step": {
                            "total": 13.881303700385615,
                            "count": 5724,
                            "self": 12.322909901587991,
                            "children": {
                                "SubprocessEnvManager._take_step": {
                                    "total": 1.52416749871918,
                                    "count": 5724,
                                    "self": 0.12240369923529215,
                                    "children": {
                                        "TorchPolicy.evaluate": {
                                            "total": 1.4017637994838879,
                                            "count": 4197,
                                            "self": 1.4017637994838879
                                        }
                                    }
                                },
                                "workers": {
                                    "total": 0.03422630007844418,
                                    "count": 5724,
                                    "self": 0.0,
                                    "children": {
                                        "worker_root": {
                                            "total": 25.213027300458634,
                                            "count": 5724,
                                            "is_parallel": true,
                                            "self": 15.865180499793496,
                                            "children": {
                                                "steps_from_proto": {
                                                    "total": 0.00031259999377653003,
                                                    "count": 1,