{
    "name": "root",
    "gauges": {
        "3DBall.Policy.Entropy.mean": {
            "value": 1.411818265914917,
            "min": 1.411818265914917,
            "max": 1.4189382791519165,
            "count": 4
        },
        "3DBall.Policy.Entropy.sum": {
            "value": 16975.703125,
            "min": 16968.55859375,
            "max": 17248.61328125,
            "count": 4
        },
        "3DBall.Environment.EpisodeLength.mean": {
            "value": 22.62204724409449,
            "min": 21.145756457564577,
            "max": 22.62204724409449,
            "count": 4
        },
        "3DBall.Environment.EpisodeLength.sum": {
            "value": 11492.0,
            "min": 11461.0,
            "max": 11492.0,
            "count": 4
        },
        "3DBall.Step.mean": {
            "value": 47997.0,
            "min": 11980.0,
            "max": 47997.0,
            "count": 4
        },
        "3DBall.Step.sum": {
            "value": 47997.0,
            "min": 11980.0,
            "max": 47997.0,
            "count": 4
        },
        "3DBall.Policy.ExtrinsicValueEstimate.mean": {
            "value": 0.17597857117652893,
            "min": -0.19549588859081268,
            "max": 0.17597857117652893,
            "count": 4
        },
        "3DBall.Policy.ExtrinsicValueEstimate.sum": {
            "value": 89.57308959960938,
            "min": -105.17678833007812,
            "max": 89.57308959960938,
            "count": 4
        },
        "3DBall.Environment.CumulativeReward.mean": {
            "value": 1.2603142886826941,
            "min": 1.115313621354719,
            "max": 1.2603142886826941,
            "count": 4
        },
        "3DBall.Environment.CumulativeReward.sum": {
            "value": 641.4999729394913,
            "min": 604.4999827742577,
            "max": 641.4999729394913,
            "count": 4
        },
        "3DBall.Policy.ExtrinsicReward.mean": {
            "value": 1.2603142886826941,
            "min": 1.115313621354719,
            "max": 1.2603142886826941,
            "count": 4
        },
        "3DBall.Policy.ExtrinsicReward.sum": {
            "value": 641.4999729394913,
            "min": 604.4999827742577,
            "max": 641.4999729394913,
            "count": 4
        },
        "3DBall.IsTraining.mean": {
            "value": 1.0,
            "min": 1.0,
            "max": 1.0,
            "count": 4
        },
        "3DBall.IsTraining.sum": {
            "value": 1.0,
            "min": 1.0,
            "max": 1.0,
            "count": 4
        },
        "3DBall.Losses.PolicyLoss.mean": {
            "value": 0.7136556253377155,
            "min": 0.7136556253377155,
            "max": 0.7688824653960162,
            "count": 2
        },
        "3DBall.Losses.PolicyLoss.sum": {
            "value": 0.7136556253377155,
            "min": 0.7136556253377155,
            "max": 0.7688824653960162,
            "count": 2
        },
        "3DBall.Losses.ValueLoss.mean": {
            "value": 0.12591561433541998,
            "min": 0.12591561433541998,
            "max": 0.14151806231552144,
            "count": 2
        },
        "3DBall.Losses.ValueLoss.sum": {
            "value": 0.12591561433541998,
            "min": 0.12591561433541998,
            "max": 0.14151806231552144,
            "count": 2
        },
        "3DBall.Policy.LearningRate.mean": {
            "value": 0.00018263440868279996,
            "min": 0.00018263440868279996,
            "max": 0.0001913196043402,
            "count": 2
        },
        "3DBall.Policy.LearningRate.sum": {
            "value": 0.00018263440868279996,
            "min": 0.00018263440868279996,
            "max": 0.0001913196043402,
            "count": 2
        },
        "3DBall.Policy.Epsilon.mean": {
            "value": 0.1456586,
            "min": 0.1456586,
            "max": 0.14782990000000004,
            "count": 2
        },
        "3DBall.Policy.Epsilon.sum": {
            "value": 0.1456586,
            "min": 0.1456586,
            "max": 0.14782990000000004,
            "count": 2
        },
        "3DBall.Policy.Beta.mean": {
            "value": 0.0010966746799999996,
            "min": 0.0010966746799999996,
            "max": 0.0011483516199999996,
            "count": 2
        },
        "3DBall.Policy.Beta.sum": {
            "value": 0.0010966746799999996,
            "min": 0.0010966746799999996,
            "max": 0.0011483516199999996,
            "count": 2
        }
    },
    "metadata": {
        "timer_format_version": "0.1.0",
        "start_time_seconds": "1764880977",
        "python_version": "3.10.11 (tags/v3.10.11:7d4cc5a, Apr  5 2023, 00:38:17) [MSC v.1929 64 bit (AMD64)]",
        "command_line_arguments": "C:\\Users\\moebn\\Documents\\University\\Project 2-1\\project_2_1_group_7\\venv\\Scripts\\mlagents-learn Config/training_config.yaml --run-id=run_batch_size1_buffer_size21700_learning_rate0.0002_beta0.0012_epsilon0.15 --time-scale=20 --env=3DBall_environment/UnityEnvironment.exe --no-graphics",
        "mlagents_version": "1.0.0",
        "mlagents_envs_version": "1.0.0",
        "communication_protocol_version": "1.5.0",
        "pytorch_version": "2.9.1+cpu",
        "numpy_version": "1.23.5",
        "end_time_seconds": "1764881221"
    },
    "total": 244.61905009999464,
    "count": 1,
    "self": 0.199022499997227,
    "children": {
        "run_training.setup": {
            "total": 0.06672640000033425,
            "count": 1,
            "self": 0.06672640000033425
        },
        "TrainerController.start_learning": {
            "total": 244.35330119999708,
            "count": 1,
            "self": 0.05256020004162565,
            "children": {
                "TrainerController._reset_env": {
                    "total": 7.725669999999809,
                    "count": 1,
                    "self": 7.725669999999809
                },
                "TrainerController.advance": {
                    "total": 236.5686957999569,
                    "count": 5870,
                    "self": 0.051738699738052674,
                    "children": {
                        "env_step": {
                            "total": 14.35008789987478,
                            "count": 5870,
                            "self": 12.725456099688017,
                            "children": {
                                "SubprocessEnvManager._take_step": {
                                    "total": 1.5892278997562244,
                                    "count": 5870,
                                    "self": 0.12245200010511326,
                                    "children": {
                                        "TorchPolicy.evaluate": {
                                            "total": 1.466775899651111,
                                            "count": 4178,
                                            "self": 1.466775899651111
                                        }
                                    }
                                },
                                "workers": {
                                    "total": 0.03540390043053776,
                                    "count": 5870,
                                    "self": 0.0,
                                    "children": {
                                        "worker_root": {
                                            "total": 237.16419770035282,
                                            "count": 5870,
                                            "is_parallel": true,
                                            "self": 227.48412460015243,
                                            "children": {
                                                "steps_from_proto": {
                                                    "total": 0.00022110000281827524,
                                                    "count": 1,