{
    "name": "root",
    "gauges": {
        "3DBall.Policy.Entropy.mean": {
            "value": 1.4077370166778564,
            "min": 1.4077370166778564,
            "max": 1.4189382791519165,
            "count": 4
        },
        "3DBall.Policy.Entropy.sum": {
            "value": 17027.986328125,
            "min": 16911.69140625,
            "max": 17265.640625,
            "count": 4
        },
        "3DBall.Environment.EpisodeLength.mean": {
            "value": 26.640552995391705,
            "min": 21.70377358490566,
            "max": 26.640552995391705,
            "count": 4
        },
        "3DBall.Environment.EpisodeLength.sum": {
            "value": 11562.0,
            "min": 11481.0,
            "max": 11562.0,
            "count": 4
        },
        "3DBall.Step.mean": {
            "value": 47996.0,
            "min": 11997.0,
            "max": 47996.0,
            "count": 4
        },
        "3DBall.Step.sum": {
            "value": 47996.0,
            "min": 11997.0,
            "max": 47996.0,
            "count": 4
        },
        "3DBall.Policy.ExtrinsicValueEstimate.mean": {
            "value": 0.32166776061058044,
            "min": 0.28695955872535706,
            "max": 0.4786081612110138,
            "count": 4
        },
        "3DBall.Policy.ExtrinsicValueEstimate.sum": {
            "value": 139.6038055419922,
            "min": 138.888427734375,
            "max": 253.1837158203125,
            "count": 4
        },
        "3DBall.Environment.CumulativeReward.mean": {
            "value": 1.6649768987009603,
            "min": 1.1678638568672657,
            "max": 1.6649768987009603,
            "count": 4
        },
        "3DBall.Environment.CumulativeReward.sum": {
            "value": 722.5999740362167,
            "min": 617.7999802827835,
            "max": 722.5999740362167,
            "count": 4
        },
        "3DBall.Policy.ExtrinsicReward.mean": {
            "value": 1.6649768987009603,
            "min": 1.1678638568672657,
            "max": 1.6649768987009603,
            "count": 4
        },
        "3DBall.Policy.ExtrinsicReward.sum": {
            "value": 722.5999740362167,
            "min": 617.7999802827835,
            "max": 722.5999740362167,
            "count": 4
        },
        "3DBall.IsTraining.mean": {
            "value": 1.0,
            "min": 1.0,
            "max": 1.0,
            "count": 4
        },
        "3DBall.IsTraining.sum": {
            "value": 1.0,
            "min": 1.0,
            "max": 1.0,
            "count": 4
        },
        "3DBall.Losses.PolicyLoss.mean": {
            "value": 0.10929989629721104,
            "min": 0.10929989629721104,
            "max": 0.11332066811352752,
            "count": 2
        },
        "3DBall.Losses.PolicyLoss.sum": {
            "value": 0.10929989629721104,
            "min": 0.10929989629721104,
            "max": 0.11332066811352752,
            "count": 2
        },
        "3DBall.Losses.ValueLoss.mean": {
            "value": 0.2470190610477339,
            "min": 0.2470190610477339,
            "max": 0.29739596789204703,
            "count": 2
        },
        "3DBall.Losses.ValueLoss.sum": {
            "value": 0.2470190610477339,
            "min": 0.2470190610477339,
            "max": 0.29739596789204703,
            "count": 2
        },
        "3DBall.Policy.LearningRate.mean": {
            "value": 0.00036908960772760003,
            "min": 0.00036908960772760003,
            "max": 0.0003845536038616001,
            "count": 2
        },
        "3DBall.Policy.LearningRate.sum": {
            "value": 0.00036908960772760003,
            "min": 0.00036908960772760003,
            "max": 0.0003845536038616001,
            "count": 2
        },
        "3DBall.Policy.Epsilon.mean": {
            "value": 0.1922724,
            "min": 0.1922724,
            "max": 0.1961384,
            "count": 2
        },
        "3DBall.Policy.Epsilon.sum": {
            "value": 0.1922724,
            "min": 0.1922724,
            "max": 0.1961384,
            "count": 2
        },
        "3DBall.Policy.Beta.mean": {
            "value": 0.0009234967600000001,
            "min": 0.0009234967600000001,
            "max": 0.00096177016,
            "count": 2
        },
        "3DBall.Policy.Beta.sum": {
            "value": 0.0009234967600000001,
            "min": 0.0009234967600000001,
            "max": 0.00096177016,
            "count": 2
        }
    },
    "metadata": {
        "timer_format_version": "0.1.0",
        "start_time_seconds": "1765165756",
        "python_version": "3.10.11 (tags/v3.10.11:7d4cc5a, Apr  5 2023, 00:38:17) [MSC v.1929 64 bit (AMD64)]",
        "command_line_arguments": "C:\\Users\\moebn\\Documents\\University\\Project 2-1\\project_2_1_group_7\\venv\\Scripts\\mlagents-learn Config/training_config.yaml --run-id=run_batch_size53_buffer_size19300_learning_rate0.0004_beta0.001_epsilon0.2 --time-scale=20 --env=3DBall_environment/UnityEnvironment.exe --no-graphics",
        "mlagents_version": "1.0.0",
        "mlagents_envs_version": "1.0.0",
        "communication_protocol_version": "1.5.0",
        "pytorch_version": "2.9.1+cpu",
        "numpy_version": "1.23.5",
        "end_time_seconds": "1765165788"
    },
    "total": 31.099654000019655,
    "count": 1,
    "self": 0.1768362000293564,
    "children": {
        "run_training.setup": {
            "total": 0.07203199999639764,
            "count": 1,
            "self": 0.07203199999639764
        },
        "TrainerController.start_learning": {
            "total": 30.8507857999939,
            "count": 1,
            "self": 0.05033450009068474,
            "children": {
                "TrainerController._reset_env": {
                    "total": 7.063326500006951,
                    "count": 1,
                    "self": 7.063326500006951
                },
                "TrainerController.advance": {
                    "total": 23.73040669990587,
                    "count": 5725,
                    "self": 0.05049979835166596,
                    "children": {
                        "env_step": {
                            "total": 14.178274200181477,
                            "count": 5725,
                            "self": 12.700416197621962,
                            "children": {
                                "SubprocessEnvManager._take_step": {
                                    "total": 1.44332750045578,
                                    "count": 5725,
                                    "self": 0.12354780055466108,
                                    "children": {
                                        "TorchPolicy.evaluate": {
                                            "total": 1.3197796999011189,
                                            "count": 4187,
                                            "self": 1.3197796999011189
                                        }
                                    }
                                },
                                "workers": {
                                    "total": 0.03453050210373476,
                                    "count": 5725,
                                    "self": 0.0,
                                    "children": {
                                        "worker_root": {
                                            "total": 24.24702539795544,
                                            "count": 5725,
                                            "is_parallel": true,
                                            "self": 14.57209309679456,
                                            "children": {
                                                "steps_from_proto": {
                                                    "total": 0.0002237000153400004,
                                                    "count": 1,
                                                    "is_parallel": true,