{
    "name": "root",
    "gauges": {
        "3DBall.Policy.Entropy.mean": {
            "value": 1.3835984468460083,
            "min": 1.3835984468460083,
            "max": 1.418138027191162,
            "count": 4
        },
        "3DBall.Policy.Entropy.sum": {
            "value": 17632.578125,
            "min": 17272.921875,
            "max": 21347.34375,
            "count": 4
        },
        "3DBall.Environment.EpisodeLength.mean": {
            "value": 582.8,
            "min": 24.102296450939455,
            "max": 582.8,
            "count": 4
        },
        "3DBall.Environment.EpisodeLength.sum": {
            "value": 11656.0,
            "min": 11545.0,
            "max": 12458.0,
            "count": 4
        },
        "3DBall.Step.mean": {
            "value": 47287.0,
            "min": 11996.0,
            "max": 47287.0,
            "count": 4
        },
        "3DBall.Step.sum": {
            "value": 47287.0,
            "min": 11996.0,
            "max": 47287.0,
            "count": 4
        },
        "3DBall.Policy.ExtrinsicValueEstimate.mean": {
            "value": 7.007587432861328,
            "min": 0.17039699852466583,
            "max": 7.007587432861328,
            "count": 4
        },
        "3DBall.Policy.ExtrinsicValueEstimate.sum": {
            "value": 140.15174865722656,
            "min": 81.44976806640625,
            "max": 263.9539489746094,
            "count": 4
        },
        "3DBall.Environment.CumulativeReward.mean": {
            "value": 56.74000931978226,
            "min": 1.4096233857226672,
            "max": 56.74000931978226,
            "count": 4
        },
        "3DBall.Environment.CumulativeReward.sum": {
            "value": 1134.8001863956451,
            "min": 673.7999783754349,
            "max": 1134.8001863956451,
            "count": 4
        },
        "3DBall.Policy.ExtrinsicReward.mean": {
            "value": 56.74000931978226,
            "min": 1.4096233857226672,
            "max": 56.74000931978226,
            "count": 4
        },
        "3DBall.Policy.ExtrinsicReward.sum": {
            "value": 1134.8001863956451,
            "min": 673.7999783754349,
            "max": 1134.8001863956451,
            "count": 4
        },
        "3DBall.Losses.PolicyLoss.mean": {
            "value": 0.2171162322734464,
            "min": 0.2117143363597076,
            "max": 0.2171162322734464,
            "count": 4
        },
        "3DBall.Losses.PolicyLoss.sum": {
            "value": 0.8684649290937856,
            "min": 0.8517767584845914,
            "max": 1.058571681798538,
            "count": 4
        },
        "3DBall.Losses.ValueLoss.mean": {
            "value": 2.5173209266806733,
            "min": 0.3796087329179363,
            "max": 3.210197352169427,
            "count": 4
        },
        "3DBall.Losses.ValueLoss.sum": {
            "value": 10.069283706722693,
            "min": 1.5184349316717451,
            "max": 12.840789408677708,
            "count": 4
        },
        "3DBall.Policy.LearningRate.mean": {
            "value": 9.180310819690001e-05,
            "min": 9.180310819690001e-05,
            "max": 9.874180125819999e-05,
            "count": 4
        },
        "3DBall.Policy.LearningRate.sum": {
            "value": 0.00036721243278760004,
            "min": 0.00036721243278760004,
            "max": 0.0004823542176458,
            "count": 4
        },
        "3DBall.Policy.Epsilon.mean": {
            "value": 0.14590155,
            "min": 0.14590155,
            "max": 0.14937089999999997,
            "count": 4
        },
        "3DBall.Policy.Epsilon.sum": {
            "value": 0.5836062,
            "min": 0.5836062,
            "max": 0.7411770999999999,
            "count": 4
        },
        "3DBall.Policy.Beta.mean": {
            "value": 0.0010106537900000001,
            "min": 0.0010106537900000001,
            "max": 0.0010862856200000001,
            "count": 4
        },
        "3DBall.Policy.Beta.sum": {
            "value": 0.0040426151600000005,
            "min": 0.0040426151600000005,
            "max": 0.00530766078,
            "count": 4
        },
        "3DBall.IsTraining.mean": {
            "value": 1.0,
            "min": 1.0,
            "max": 1.0,
            "count": 4
        },
        "3DBall.IsTraining.sum": {
            "value": 1.0,
            "min": 1.0,
            "max": 1.0,
            "count": 4
        }
    },
    "metadata": {
        "timer_format_version": "0.1.0",
        "start_time_seconds": "1764910207",
        "python_version": "3.10.11 (tags/v3.10.11:7d4cc5a, Apr  5 2023, 00:38:17) [MSC v.1929 64 bit (AMD64)]",
        "command_line_arguments": "C:\\Users\\moebn\\Documents\\University\\Project 2-1\\project_2_1_group_7\\venv\\Scripts\\mlagents-learn Config/training_config.yaml --run-id=run_batch_size14_buffer_size2500_learning_rate0.0001_beta0.0011_epsilon0.15 --time-scale=20 --env=3DBall_environment/UnityEnvironment.exe --no-graphics",
        "mlagents_version": "1.0.0",
        "mlagents_envs_version": "1.0.0",
        "communication_protocol_version": "1.5.0",
        "pytorch_version": "2.9.1+cpu",
        "numpy_version": "1.23.5",
        "end_time_seconds": "1764910252"
    },
    "total": 45.654644199996255,
    "count": 1,
    "self": 0.2221860999998171,
    "children": {
        "run_training.setup": {
            "total": 0.06703099999867845,
            "count": 1,
            "self": 0.06703099999867845
        },
        "TrainerController.start_learning": {
            "total": 45.36542709999776,
            "count": 1,
            "self": 0.04506400060199667,
            "children": {
                "TrainerController._reset_env": {
                    "total": 6.175670900003752,
                    "count": 1,
                    "self": 6.175670900003752
                },
                "TrainerController.advance": {
                    "total": 39.1382272993942,
                    "count": 5289,
                    "self": 0.04453449971333612,
                    "children": {
                        "env_step": {
                            "total": 14.48801409979933,
                            "count": 5289,
                            "self": 12.759309900648077,
                            "children": {
                                "SubprocessEnvManager._take_step": {
                                    "total": 1.6964621998777147,
                                    "count": 5289,
                                    "self": 0.1289308989798883,
                                    "children": {
                                        "TorchPolicy.evaluate": {
                                            "total": 1.5675313008978264,
                                            "count": 4602,
                                            "self": 1.5675313008978264
                                        }
                                    }
                                },
                                "workers": {
                                    "total": 0.03224199927353766,
                                    "count": 5289,
                                    "self": 0.0,
                                    "children": {
                                        "worker_root": {
                                            "total": 39.798180499026785,
                                            "count": 5289,
                                            "is_parallel": true,
                                            "self": 29.92075589938031,
                                            "children": {
                                                "steps_from_proto": {
                                                    "total": 0.00022669999452773482,
                                                    "count": 1,
                                                    "is_parallel": true,