{
    "name": "root",
    "gauges": {
        "3DBall.Policy.Entropy.mean": {
            "value": 1.411949872970581,
            "min": 1.411949872970581,
            "max": 1.4282405376434326,
            "count": 4
        },
        "3DBall.Policy.Entropy.sum": {
            "value": 17011.171875,
            "min": 17011.171875,
            "max": 17265.640625,
            "count": 4
        },
        "3DBall.Environment.EpisodeLength.mean": {
            "value": 27.60332541567696,
            "min": 20.71609403254973,
            "max": 27.60332541567696,
            "count": 4
        },
        "3DBall.Environment.EpisodeLength.sum": {
            "value": 11621.0,
            "min": 11456.0,
            "max": 11621.0,
            "count": 4
        },
        "3DBall.Step.mean": {
            "value": 47973.0,
            "min": 11988.0,
            "max": 47973.0,
            "count": 4
        },
        "3DBall.Step.sum": {
            "value": 47973.0,
            "min": 11988.0,
            "max": 47973.0,
            "count": 4
        },
        "3DBall.Policy.ExtrinsicValueEstimate.mean": {
            "value": 0.32966116070747375,
            "min": 0.12813274562358856,
            "max": 0.32966116070747375,
            "count": 4
        },
        "3DBall.Policy.ExtrinsicValueEstimate.sum": {
            "value": 138.787353515625,
            "min": 70.72927856445312,
            "max": 138.787353515625,
            "count": 4
        },
        "3DBall.Environment.CumulativeReward.mean": {
            "value": 1.7517813965147295,
            "min": 1.0717391078022942,
            "max": 1.7517813965147295,
            "count": 4
        },
        "3DBall.Environment.CumulativeReward.sum": {
            "value": 737.4999679327011,
            "min": 591.5999875068665,
            "max": 737.4999679327011,
            "count": 4
        },
        "3DBall.Policy.ExtrinsicReward.mean": {
            "value": 1.7517813965147295,
            "min": 1.0717391078022942,
            "max": 1.7517813965147295,
            "count": 4
        },
        "3DBall.Policy.ExtrinsicReward.sum": {
            "value": 737.4999679327011,
            "min": 591.5999875068665,
            "max": 737.4999679327011,
            "count": 4
        },
        "3DBall.IsTraining.mean": {
            "value": 1.0,
            "min": 1.0,
            "max": 1.0,
            "count": 4
        },
        "3DBall.IsTraining.sum": {
            "value": 1.0,
            "min": 1.0,
            "max": 1.0,
            "count": 4
        },
        "3DBall.Losses.PolicyLoss.mean": {
            "value": 0.2146861652881929,
            "min": 0.2114275685095634,
            "max": 0.2146861652881929,
            "count": 3
        },
        "3DBall.Losses.PolicyLoss.sum": {
            "value": 0.2146861652881929,
            "min": 0.2114275685095634,
            "max": 0.2146861652881929,
            "count": 3
        },
        "3DBall.Losses.ValueLoss.mean": {
            "value": 0.2956035748265559,
            "min": 0.17126720396389306,
            "max": 0.2956035748265559,
            "count": 3
        },
        "3DBall.Losses.ValueLoss.sum": {
            "value": 0.2956035748265559,
            "min": 0.17126720396389306,
            "max": 0.2956035748265559,
            "count": 3
        },
        "3DBall.Policy.LearningRate.mean": {
            "value": 9.129100870899998e-05,
            "min": 9.129100870899998e-05,
            "max": 9.709680290320003e-05,
            "count": 3
        },
        "3DBall.Policy.LearningRate.sum": {
            "value": 9.129100870899998e-05,
            "min": 9.129100870899998e-05,
            "max": 9.709680290320003e-05,
            "count": 3
        },
        "3DBall.Policy.Epsilon.mean": {
            "value": 0.28258200000000006,
            "min": 0.28258200000000006,
            "max": 0.29419359999999994,
            "count": 3
        },
        "3DBall.Policy.Epsilon.sum": {
            "value": 0.28258200000000006,
            "min": 0.28258200000000006,
            "max": 0.29419359999999994,
            "count": 3
        },
        "3DBall.Policy.Beta.mean": {
            "value": 0.0011876539,
            "min": 0.0011876539,
            "max": 0.0012625487199999998,
            "count": 3
        },
        "3DBall.Policy.Beta.sum": {
            "value": 0.0011876539,
            "min": 0.0011876539,
            "max": 0.0012625487199999998,
            "count": 3
        }
    },
    "metadata": {
        "timer_format_version": "0.1.0",
        "start_time_seconds": "1764954653",
        "python_version": "3.10.11 (tags/v3.10.11:7d4cc5a, Apr  5 2023, 00:38:17) [MSC v.1929 64 bit (AMD64)]",
        "command_line_arguments": "C:\\Users\\moebn\\Documents\\University\\Project 2-1\\project_2_1_group_7\\venv\\Scripts\\mlagents-learn Config/training_config.yaml --run-id=run_batch_size14_buffer_size14500_learning_rate0.0001_beta0.0013_epsilon0.3 --time-scale=20 --env=3DBall_environment/UnityEnvironment.exe --no-graphics",
        "mlagents_version": "1.0.0",
        "mlagents_envs_version": "1.0.0",
        "communication_protocol_version": "1.5.0",
        "pytorch_version": "2.9.1+cpu",
        "numpy_version": "1.23.5",
        "end_time_seconds": "1764954694"
    },
    "total": 40.22665170000073,
    "count": 1,
    "self": 0.16377749999992375,
    "children": {
        "run_training.setup": {
            "total": 0.0669768000007025,
            "count": 1,
            "self": 0.0669768000007025
        },
        "TrainerController.start_learning": {
            "total": 39.9958974000001,
            "count": 1,
            "self": 0.05195280014049786,
            "children": {
                "TrainerController._reset_env": {
                    "total": 3.338841599999796,
                    "count": 1,
                    "self": 3.338841599999796
                },
                "TrainerController.advance": {
                    "total": 36.59855029986102,
                    "count": 5772,
                    "self": 0.05064159992070927,
                    "children": {
                        "env_step": {
                            "total": 14.35228150002149,
                            "count": 5772,
                            "self": 12.878015900110768,
                            "children": {
                                "SubprocessEnvManager._take_step": {
                                    "total": 1.4393560999706096,
                                    "count": 5772,
                                    "self": 0.12061089995222574,
                                    "children": {
                                        "TorchPolicy.evaluate": {
                                            "total": 1.318745200018384,
                                            "count": 4187,
                                            "self": 1.318745200018384
                                        }
                                    }
                                },
                                "workers": {
                                    "total": 0.034909499940113164,
                                    "count": 5772,
                                    "self": 0.0,
                                    "children": {
                                        "worker_root": {
                                            "total": 37.167984800011254,
                                            "count": 5772,
                                            "is_parallel": true,
                                            "self": 27.505947999950877,
                                            "children": {
                                                "steps_from_proto": {
                                                    "total": 0.0002597999991849065,
                                                    "count": 1,