{
    "name": "root",
    "gauges": {
        "3DBall.Policy.Entropy.mean": {
            "value": 1.4025955200195312,
            "min": 1.4025955200195312,
            "max": 1.4189382791519165,
            "count": 4
        },
        "3DBall.Policy.Entropy.sum": {
            "value": 16999.45703125,
            "min": 16776.94140625,
            "max": 17316.72265625,
            "count": 4
        },
        "3DBall.Environment.EpisodeLength.mean": {
            "value": 26.91142191142191,
            "min": 22.286821705426355,
            "max": 26.91142191142191,
            "count": 4
        },
        "3DBall.Environment.EpisodeLength.sum": {
            "value": 11545.0,
            "min": 11500.0,
            "max": 11545.0,
            "count": 4
        },
        "3DBall.Step.mean": {
            "value": 47984.0,
            "min": 11986.0,
            "max": 47984.0,
            "count": 4
        },
        "3DBall.Step.sum": {
            "value": 47984.0,
            "min": 11986.0,
            "max": 47984.0,
            "count": 4
        },
        "3DBall.Policy.ExtrinsicValueEstimate.mean": {
            "value": 0.33455297350883484,
            "min": 0.12815257906913757,
            "max": 0.33455297350883484,
            "count": 4
        },
        "3DBall.Policy.ExtrinsicValueEstimate.sum": {
            "value": 143.52322387695312,
            "min": 65.99858093261719,
            "max": 143.52322387695312,
            "count": 4
        },
        "3DBall.Environment.CumulativeReward.mean": {
            "value": 1.6976689255876696,
            "min": 1.2273786063333159,
            "max": 1.6976689255876696,
            "count": 4
        },
        "3DBall.Environment.CumulativeReward.sum": {
            "value": 728.2999690771103,
            "min": 632.0999822616577,
            "max": 728.2999690771103,
            "count": 4
        },
        "3DBall.Policy.ExtrinsicReward.mean": {
            "value": 1.6976689255876696,
            "min": 1.2273786063333159,
            "max": 1.6976689255876696,
            "count": 4
        },
        "3DBall.Policy.ExtrinsicReward.sum": {
            "value": 728.2999690771103,
            "min": 632.0999822616577,
            "max": 728.2999690771103,
            "count": 4
        },
        "3DBall.IsTraining.mean": {
            "value": 1.0,
            "min": 1.0,
            "max": 1.0,
            "count": 4
        },
        "3DBall.IsTraining.sum": {
            "value": 1.0,
            "min": 1.0,
            "max": 1.0,
            "count": 4
        },
        "3DBall.Losses.PolicyLoss.mean": {
            "value": 0.11438627074706745,
            "min": 0.11386515130596056,
            "max": 0.11438627074706745,
            "count": 2
        },
        "3DBall.Losses.PolicyLoss.sum": {
            "value": 0.11438627074706745,
            "min": 0.11386515130596056,
            "max": 0.11438627074706745,
            "count": 2
        },
        "3DBall.Losses.ValueLoss.mean": {
            "value": 0.30480035772798203,
            "min": 0.30480035772798203,
            "max": 0.4316038788299202,
            "count": 2
        },
        "3DBall.Losses.ValueLoss.sum": {
            "value": 0.30480035772798203,
            "min": 0.30480035772798203,
            "max": 0.4316038788299202,
            "count": 2
        },
        "3DBall.Policy.LearningRate.mean": {
            "value": 9.323580676420003e-05,
            "min": 9.323580676420003e-05,
            "max": 9.661760338240002e-05,
            "count": 2
        },
        "3DBall.Policy.LearningRate.sum": {
            "value": 9.323580676420003e-05,
            "min": 9.323580676420003e-05,
            "max": 9.661760338240002e-05,
            "count": 2
        },
        "3DBall.Policy.Epsilon.mean": {
            "value": 0.19323580000000004,
            "min": 0.19323580000000004,
            "max": 0.1966176,
            "count": 2
        },
        "3DBall.Policy.Epsilon.sum": {
            "value": 0.19323580000000004,
            "min": 0.19323580000000004,
            "max": 0.1966176,
            "count": 2
        },
        "3DBall.Policy.Beta.mean": {
            "value": 0.0009330344199999999,
            "min": 0.0009330344199999999,
            "max": 0.0009665142400000001,
            "count": 2
        },
        "3DBall.Policy.Beta.sum": {
            "value": 0.0009330344199999999,
            "min": 0.0009330344199999999,
            "max": 0.0009665142400000001,
            "count": 2
        }
    },
    "metadata": {
        "timer_format_version": "0.1.0",
        "start_time_seconds": "1765158516",
        "python_version": "3.10.11 (tags/v3.10.11:7d4cc5a, Apr  5 2023, 00:38:17) [MSC v.1929 64 bit (AMD64)]",
        "command_line_arguments": "C:\\Users\\moebn\\Documents\\University\\Project 2-1\\project_2_1_group_7\\venv\\Scripts\\mlagents-learn Config/training_config.yaml --run-id=run_batch_size53_buffer_size16900_learning_rate0.0001_beta0.001_epsilon0.2 --time-scale=20 --env=3DBall_environment/UnityEnvironment.exe --no-graphics",
        "mlagents_version": "1.0.0",
        "mlagents_envs_version": "1.0.0",
        "communication_protocol_version": "1.5.0",
        "pytorch_version": "2.9.1+cpu",
        "numpy_version": "1.23.5",
        "end_time_seconds": "1765158549"
    },
    "total": 32.942350299999816,
    "count": 1,
    "self": 0.18268389999866486,
    "children": {
        "run_training.setup": {
            "total": 0.07117189999553375,
            "count": 1,
            "self": 0.07117189999553375
        },
        "TrainerController.start_learning": {
            "total": 32.68849450000562,
            "count": 1,
            "self": 0.049505999457323924,
            "children": {
                "TrainerController._reset_env": {
                    "total": 9.847999199992046,
                    "count": 1,
                    "self": 9.847999199992046
                },
                "TrainerController.advance": {
                    "total": 22.78452450054465,
                    "count": 5690,
                    "self": 0.048246903490507975,
                    "children": {
                        "env_step": {
                            "total": 14.37494179874193,
                            "count": 5690,
                            "self": 12.722894499194808,
                            "children": {
                                "SubprocessEnvManager._take_step": {
                                    "total": 1.617647800128907,
                                    "count": 5690,
                                    "self": 0.12191920209443197,
                                    "children": {
                                        "TorchPolicy.evaluate": {
                                            "total": 1.495728598034475,
                                            "count": 4182,
                                            "self": 1.495728598034475
                                        }
                                    }
                                },
                                "workers": {
                                    "total": 0.034399499418213964,
                                    "count": 5690,
                                    "self": 0.0,
                                    "children": {
                                        "worker_root": {
                                            "total": 23.38124760086066,
                                            "count": 5690,
                                            "is_parallel": true,
                                            "self": 13.667832400213229,
                                            "children": {
                                                "steps_from_proto": {
                                                    "total": 0.00029299999005161226,
                                                    "count": 1,