{
    "name": "root",
    "gauges": {
        "3DBall.Policy.Entropy.mean": {
            "value": 1.359007477760315,
            "min": 1.359007477760315,
            "max": 1.4122146368026733,
            "count": 4
        },
        "3DBall.Policy.Entropy.sum": {
            "value": 19912.177734375,
            "min": 16864.052734375,
            "max": 19912.177734375,
            "count": 4
        },
        "3DBall.Environment.EpisodeLength.mean": {
            "value": 221.40740740740742,
            "min": 22.817460317460316,
            "max": 221.40740740740742,
            "count": 4
        },
        "3DBall.Environment.EpisodeLength.sum": {
            "value": 11956.0,
            "min": 11500.0,
            "max": 11956.0,
            "count": 4
        },
        "3DBall.Step.mean": {
            "value": 47607.0,
            "min": 11965.0,
            "max": 47607.0,
            "count": 4
        },
        "3DBall.Step.sum": {
            "value": 47607.0,
            "min": 11965.0,
            "max": 47607.0,
            "count": 4
        },
        "3DBall.Policy.ExtrinsicValueEstimate.mean": {
            "value": 4.670470237731934,
            "min": 0.22441096603870392,
            "max": 4.670470237731934,
            "count": 4
        },
        "3DBall.Policy.ExtrinsicValueEstimate.sum": {
            "value": 252.2053985595703,
            "min": 112.87871551513672,
            "max": 315.8517761230469,
            "count": 4
        },
        "3DBall.Environment.CumulativeReward.mean": {
            "value": 20.640744041513514,
            "min": 1.2787275947111976,
            "max": 20.640744041513514,
            "count": 4
        },
        "3DBall.Environment.CumulativeReward.sum": {
            "value": 1114.6001782417297,
            "min": 643.1999801397324,
            "max": 1114.6001782417297,
            "count": 4
        },
        "3DBall.Policy.ExtrinsicReward.mean": {
            "value": 20.640744041513514,
            "min": 1.2787275947111976,
            "max": 20.640744041513514,
            "count": 4
        },
        "3DBall.Policy.ExtrinsicReward.sum": {
            "value": 1114.6001782417297,
            "min": 643.1999801397324,
            "max": 1114.6001782417297,
            "count": 4
        },
        "3DBall.Losses.PolicyLoss.mean": {
            "value": 0.09832650929024574,
            "min": 0.0934353092578607,
            "max": 0.09845845679726713,
            "count": 4
        },
        "3DBall.Losses.PolicyLoss.sum": {
            "value": 0.39330603716098295,
            "min": 0.3737412370314428,
            "max": 0.4922922839863356,
            "count": 4
        },
        "3DBall.Losses.ValueLoss.mean": {
            "value": 3.3648652917799553,
            "min": 0.3668697732158497,
            "max": 3.3648652917799553,
            "count": 4
        },
        "3DBall.Losses.ValueLoss.sum": {
            "value": 13.459461167119821,
            "min": 1.4674790928633987,
            "max": 13.459461167119821,
            "count": 4
        },
        "3DBall.Policy.LearningRate.mean": {
            "value": 0.00045776525844695,
            "min": 0.00045776525844695,
            "max": 0.0004937145012570999,
            "count": 4
        },
        "3DBall.Policy.LearningRate.sum": {
            "value": 0.0018310610337878,
            "min": 0.0018310610337878,
            "max": 0.0024118690176262,
            "count": 4
        },
        "3DBall.Policy.Epsilon.mean": {
            "value": 0.09999999999999999,
            "min": 0.09999999999999998,
            "max": 0.1,
            "count": 4
        },
        "3DBall.Policy.Epsilon.sum": {
            "value": 0.39999999999999997,
            "min": 0.3999999999999999,
            "max": 0.5,
            "count": 4
        },
        "3DBall.Policy.Beta.mean": {
            "value": 0.0011910343449999998,
            "min": 0.0011910343449999998,
            "max": 0.00128378341,
            "count": 4
        },
        "3DBall.Policy.Beta.sum": {
            "value": 0.004764137379999999,
            "min": 0.004764137379999999,
            "max": 0.006272622020000001,
            "count": 4
        },
        "3DBall.IsTraining.mean": {
            "value": 1.0,
            "min": 1.0,
            "max": 1.0,
            "count": 4
        },
        "3DBall.IsTraining.sum": {
            "value": 1.0,
            "min": 1.0,
            "max": 1.0,
            "count": 4
        }
    },
    "metadata": {
        "timer_format_version": "0.1.0",
        "start_time_seconds": "1765197773",
        "python_version": "3.10.11 (tags/v3.10.11:7d4cc5a, Apr  5 2023, 00:38:17) [MSC v.1929 64 bit (AMD64)]",
        "command_line_arguments": "C:\\Users\\moebn\\Documents\\University\\Project 2-1\\project_2_1_group_7\\venv\\Scripts\\mlagents-learn Config/training_config.yaml --run-id=run_batch_size66_buffer_size2500_learning_rate0.0005_beta0.0013_epsilon0.1 --time-scale=20 --env=3DBall_environment/UnityEnvironment.exe --no-graphics",
        "mlagents_version": "1.0.0",
        "mlagents_envs_version": "1.0.0",
        "communication_protocol_version": "1.5.0",
        "pytorch_version": "2.9.1+cpu",
        "numpy_version": "1.23.5",
        "end_time_seconds": "1765197802"
    },
    "total": 28.362834999978077,
    "count": 1,
    "self": 0.1863014999544248,
    "children": {
        "run_training.setup": {
            "total": 0.08166570001048967,
            "count": 1,
            "self": 0.08166570001048967
        },
        "TrainerController.start_learning": {
            "total": 28.094867800013162,
            "count": 1,
            "self": 0.04513930046232417,
            "children": {
                "TrainerController._reset_env": {
                    "total": 3.543077100010123,
                    "count": 1,
                    "self": 3.543077100010123
                },
                "TrainerController.advance": {
                    "total": 24.499994499550667,
                    "count": 5381,
                    "self": 0.04410179969272576,
                    "children": {
                        "env_step": {
                            "total": 14.854122400167398,
                            "count": 5381,
                            "self": 13.109021800657501,
                            "children": {
                                "SubprocessEnvManager._take_step": {
                                    "total": 1.7137229994987138,
                                    "count": 5381,
                                    "self": 0.1273354998556897,
                                    "children": {
                                        "TorchPolicy.evaluate": {
                                            "total": 1.586387499643024,
                                            "count": 4565,
                                            "self": 1.586387499643024
                                        }
                                    }
                                },
                                "workers": {
                                    "total": 0.03137760001118295,
                                    "count": 5381,
                                    "self": 0.0,
                                    "children": {
                                        "worker_root": {
                                            "total": 25.102937199000735,
                                            "count": 5381,
                                            "is_parallel": true,
                                            "self": 14.900151098292554,
                                            "children": {
                                                "steps_from_proto": {
                                                    "total": 0.0002928999892901629,
                                                    "count": 1,