{
    "name": "root",
    "gauges": {
        "3DBall.Policy.Entropy.mean": {
            "value": 1.3354599475860596,
            "min": 1.3354599475860596,
            "max": 1.4056847095489502,
            "count": 4
        },
        "3DBall.Policy.Entropy.sum": {
            "value": 16025.51953125,
            "min": 16025.51953125,
            "max": 24472.537109375,
            "count": 4
        },
        "3DBall.Environment.EpisodeLength.mean": {
            "value": 983.1666666666666,
            "min": 23.272727272727273,
            "max": 983.1666666666666,
            "count": 4
        },
        "3DBall.Environment.EpisodeLength.sum": {
            "value": 11798.0,
            "min": 11520.0,
            "max": 12393.0,
            "count": 4
        },
        "3DBall.Step.mean": {
            "value": 47440.0,
            "min": 11987.0,
            "max": 47440.0,
            "count": 4
        },
        "3DBall.Step.sum": {
            "value": 47440.0,
            "min": 11987.0,
            "max": 47440.0,
            "count": 4
        },
        "3DBall.Policy.ExtrinsicValueEstimate.mean": {
            "value": 9.482561111450195,
            "min": 0.24401964247226715,
            "max": 9.482561111450195,
            "count": 4
        },
        "3DBall.Policy.ExtrinsicValueEstimate.sum": {
            "value": 113.79073333740234,
            "min": 113.79073333740234,
            "max": 214.31663513183594,
            "count": 4
        },
        "3DBall.Environment.CumulativeReward.mean": {
            "value": 98.32501538594563,
            "min": 1.3265181823298033,
            "max": 98.32501538594563,
            "count": 4
        },
        "3DBall.Environment.CumulativeReward.sum": {
            "value": 1179.9001846313477,
            "min": 655.2999820709229,
            "max": 1204.3001828193665,
            "count": 4
        },
        "3DBall.Policy.ExtrinsicReward.mean": {
            "value": 98.32501538594563,
            "min": 1.3265181823298033,
            "max": 98.32501538594563,
            "count": 4
        },
        "3DBall.Policy.ExtrinsicReward.sum": {
            "value": 1179.9001846313477,
            "min": 655.2999820709229,
            "max": 1204.3001828193665,
            "count": 4
        },
        "3DBall.Losses.PolicyLoss.mean": {
            "value": 0.10370953608321644,
            "min": 0.10370953608321644,
            "max": 0.1137679382964674,
            "count": 4
        },
        "3DBall.Losses.PolicyLoss.sum": {
            "value": 0.41483814433286575,
            "min": 0.41483814433286575,
            "max": 0.568839691482337,
            "count": 4
        },
        "3DBall.Losses.ValueLoss.mean": {
            "value": 0.3265908900216374,
            "min": 0.3265908900216374,
            "max": 1.887450544694216,
            "count": 4
        },
        "3DBall.Losses.ValueLoss.sum": {
            "value": 1.3063635600865495,
            "min": 1.3063635600865495,
            "max": 9.187036206840725,
            "count": 4
        },
        "3DBall.Policy.LearningRate.mean": {
            "value": 0.00036637200840699993,
            "min": 0.00036637200840699993,
            "max": 0.0003949502012624501,
            "count": 4
        },
        "3DBall.Policy.LearningRate.sum": {
            "value": 0.0014654880336279997,
            "min": 0.0014654880336279997,
            "max": 0.0019293136176716,
            "count": 4
        },
        "3DBall.Policy.Epsilon.mean": {
            "value": 0.283186,
            "min": 0.283186,
            "max": 0.29747509999999994,
            "count": 4
        },
        "3DBall.Policy.Epsilon.sum": {
            "value": 1.132744,
            "min": 1.132744,
            "max": 1.4646568,
            "count": 4
        },
        "3DBall.Policy.Beta.mean": {
            "value": 0.0010999566999999998,
            "min": 0.0010999566999999998,
            "max": 0.0011849768449999998,
            "count": 4
        },
        "3DBall.Policy.Beta.sum": {
            "value": 0.004399826799999999,
            "min": 0.004399826799999999,
            "max": 0.0057897079599999995,
            "count": 4
        },
        "3DBall.IsTraining.mean": {
            "value": 1.0,
            "min": 1.0,
            "max": 1.0,
            "count": 4
        },
        "3DBall.IsTraining.sum": {
            "value": 1.0,
            "min": 1.0,
            "max": 1.0,
            "count": 4
        }
    },
    "metadata": {
        "timer_format_version": "0.1.0",
        "start_time_seconds": "1765133714",
        "python_version": "3.10.11 (tags/v3.10.11:7d4cc5a, Apr  5 2023, 00:38:17) [MSC v.1929 64 bit (AMD64)]",
        "command_line_arguments": "C:\\Users\\moebn\\Documents\\University\\Project 2-1\\project_2_1_group_7\\venv\\Scripts\\mlagents-learn Config/training_config.yaml --run-id=run_batch_size53_buffer_size2500_learning_rate0.0004_beta0.0012_epsilon0.3 --time-scale=20 --env=3DBall_environment/UnityEnvironment.exe --no-graphics",
        "mlagents_version": "1.0.0",
        "mlagents_envs_version": "1.0.0",
        "communication_protocol_version": "1.5.0",
        "pytorch_version": "2.9.1+cpu",
        "numpy_version": "1.23.5",
        "end_time_seconds": "1765133743"
    },
    "total": 29.4757324999955,
    "count": 1,
    "self": 0.14633439999306574,
    "children": {
        "run_training.setup": {
            "total": 0.07315399998333305,
            "count": 1,
            "self": 0.07315399998333305
        },
        "TrainerController.start_learning": {
            "total": 29.256244100019103,
            "count": 1,
            "self": 0.04410009988350794,
            "children": {
                "TrainerController._reset_env": {
                    "total": 3.367272100003902,
                    "count": 1,
                    "self": 3.367272100003902
                },
                "TrainerController.advance": {
                    "total": 25.83817550013191,
                    "count": 5264,
                    "self": 0.043829500558786094,
                    "children": {
                        "env_step": {
                            "total": 14.994197400461417,
                            "count": 5264,
                            "self": 13.165945199667476,
                            "children": {
                                "SubprocessEnvManager._take_step": {
                                    "total": 1.797687800048152,
                                    "count": 5264,
                                    "self": 0.13114870034041815,
                                    "children": {
                                        "TorchPolicy.evaluate": {
                                            "total": 1.6665390997077338,
                                            "count": 4726,
                                            "self": 1.6665390997077338
                                        }
                                    }
                                },
                                "workers": {
                                    "total": 0.03056440074578859,
                                    "count": 5264,
                                    "self": 0.0,
                                    "children": {
                                        "worker_root": {
                                            "total": 26.362673700787127,
                                            "count": 5264,
                                            "is_parallel": true,
                                            "self": 16.171151901129633,
                                            "children": {
                                                "steps_from_proto": {
                                                    "total": 0.00024819999816827476,
                                                    "count": 1,