{
    "name": "root",
    "gauges": {
        "3DBall.Policy.Entropy.mean": {
            "value": 1.3579931259155273,
            "min": 1.3579931259155273,
            "max": 1.4178613424301147,
            "count": 4
        },
        "3DBall.Policy.Entropy.sum": {
            "value": 17452.927734375,
            "min": 16614.4609375,
            "max": 17452.927734375,
            "count": 4
        },
        "3DBall.Environment.EpisodeLength.mean": {
            "value": 59.27363184079602,
            "min": 21.91030534351145,
            "max": 59.27363184079602,
            "count": 4
        },
        "3DBall.Environment.EpisodeLength.sum": {
            "value": 11914.0,
            "min": 11481.0,
            "max": 11914.0,
            "count": 4
        },
        "3DBall.Step.mean": {
            "value": 47989.0,
            "min": 11974.0,
            "max": 47989.0,
            "count": 4
        },
        "3DBall.Step.sum": {
            "value": 47989.0,
            "min": 11974.0,
            "max": 47989.0,
            "count": 4
        },
        "3DBall.Policy.ExtrinsicValueEstimate.mean": {
            "value": 1.4301255941390991,
            "min": 0.0938994511961937,
            "max": 1.4301255941390991,
            "count": 4
        },
        "3DBall.Policy.ExtrinsicValueEstimate.sum": {
            "value": 288.8853759765625,
            "min": 49.109413146972656,
            "max": 288.8853759765625,
            "count": 4
        },
        "3DBall.Environment.CumulativeReward.mean": {
            "value": 4.845544900044357,
            "min": 1.1894837144911858,
            "max": 4.845544900044357,
            "count": 4
        },
        "3DBall.Environment.CumulativeReward.sum": {
            "value": 978.80006980896,
            "min": 622.0999826788902,
            "max": 978.80006980896,
            "count": 4
        },
        "3DBall.Policy.ExtrinsicReward.mean": {
            "value": 4.845544900044357,
            "min": 1.1894837144911858,
            "max": 4.845544900044357,
            "count": 4
        },
        "3DBall.Policy.ExtrinsicReward.sum": {
            "value": 978.80006980896,
            "min": 622.0999826788902,
            "max": 978.80006980896,
            "count": 4
        },
        "3DBall.Losses.PolicyLoss.mean": {
            "value": 0.1219302711221311,
            "min": 0.11953109795488627,
            "max": 0.12813709858062997,
            "count": 4
        },
        "3DBall.Losses.PolicyLoss.sum": {
            "value": 0.2438605422442622,
            "min": 0.23906219590977254,
            "max": 0.38441129574188987,
            "count": 4
        },
        "3DBall.Losses.ValueLoss.mean": {
            "value": 1.2662871194410643,
            "min": 0.26432043105323133,
            "max": 1.2662871194410643,
            "count": 4
        },
        "3DBall.Losses.ValueLoss.sum": {
            "value": 2.5325742388821286,
            "min": 0.5286408621064627,
            "max": 2.5325742388821286,
            "count": 4
        },
        "3DBall.Policy.LearningRate.mean": {
            "value": 0.00027490470836509994,
            "min": 0.00027490470836509994,
            "max": 0.0002955756014748,
            "count": 4
        },
        "3DBall.Policy.LearningRate.sum": {
            "value": 0.0005498094167301999,
            "min": 0.0005498094167301999,
            "max": 0.0008468556177148,
            "count": 4
        },
        "3DBall.Policy.Epsilon.mean": {
            "value": 0.14581745000000002,
            "min": 0.14581745000000002,
            "max": 0.14926259999999997,
            "count": 4
        },
        "3DBall.Policy.Epsilon.sum": {
            "value": 0.29163490000000003,
            "min": 0.29163490000000003,
            "max": 0.44114259999999994,
            "count": 4
        },
        "3DBall.Policy.Beta.mean": {
            "value": 0.00091718551,
            "min": 0.00091718551,
            "max": 0.0009853994799999997,
            "count": 4
        },
        "3DBall.Policy.Beta.sum": {
            "value": 0.00183437102,
            "min": 0.00183437102,
            "max": 0.0028246234800000003,
            "count": 4
        },
        "3DBall.IsTraining.mean": {
            "value": 1.0,
            "min": 1.0,
            "max": 1.0,
            "count": 4
        },
        "3DBall.IsTraining.sum": {
            "value": 1.0,
            "min": 1.0,
            "max": 1.0,
            "count": 4
        }
    },
    "metadata": {
        "timer_format_version": "0.1.0",
        "start_time_seconds": "1765094920",
        "python_version": "3.10.11 (tags/v3.10.11:7d4cc5a, Apr  5 2023, 00:38:17) [MSC v.1929 64 bit (AMD64)]",
        "command_line_arguments": "C:\\Users\\moebn\\Documents\\University\\Project 2-1\\project_2_1_group_7\\venv\\Scripts\\mlagents-learn Config/training_config.yaml --run-id=run_batch_size40_buffer_size4900_learning_rate0.0003_beta0.001_epsilon0.15 --time-scale=20 --env=3DBall_environment/UnityEnvironment.exe --no-graphics",
        "mlagents_version": "1.0.0",
        "mlagents_envs_version": "1.0.0",
        "communication_protocol_version": "1.5.0",
        "pytorch_version": "2.9.1+cpu",
        "numpy_version": "1.23.5",
        "end_time_seconds": "1765094951"
    },
    "total": 30.545164500013925,
    "count": 1,
    "self": 0.15086380002321675,
    "children": {
        "run_training.setup": {
            "total": 0.06722389999777079,
            "count": 1,
            "self": 0.06722389999777079
        },
        "TrainerController.start_learning": {
            "total": 30.327076799992938,
            "count": 1,
            "self": 0.04593600094085559,
            "children": {
                "TrainerController._reset_env": {
                    "total": 3.398876500024926,
                    "count": 1,
                    "self": 3.398876500024926
                },
                "TrainerController.advance": {
                    "total": 26.875566499016713,
                    "count": 5485,
                    "self": 0.044248799327760935,
                    "children": {
                        "env_step": {
                            "total": 14.343348899303237,
                            "count": 5485,
                            "self": 12.708378797367914,
                            "children": {
                                "SubprocessEnvManager._take_step": {
                                    "total": 1.6026531007082667,
                                    "count": 5485,
                                    "self": 0.12211700167972594,
                                    "children": {
                                        "TorchPolicy.evaluate": {
                                            "total": 1.4805360990285408,
                                            "count": 4302,
                                            "self": 1.4805360990285408
                                        }
                                    }
                                },
                                "workers": {
                                    "total": 0.03231700122705661,
                                    "count": 5485,
                                    "self": 0.0,
                                    "children": {
                                        "worker_root": {
                                            "total": 27.458622999227373,
                                            "count": 5485,
                                            "is_parallel": true,
                                            "self": 17.69030629802728,
                                            "children": {
                                                "steps_from_proto": {
                                                    "total": 0.00024119997397065163,
                                                    "count": 1,