{
    "name": "root",
    "gauges": {
        "3DBall.Policy.Entropy.mean": {
            "value": 1.2079163789749146,
            "min": 1.2079163789749146,
            "max": 1.4189382791519165,
            "count": 41
        },
        "3DBall.Policy.Entropy.sum": {
            "value": 14494.99609375,
            "min": 14494.99609375,
            "max": 18002.6484375,
            "count": 41
        },
        "3DBall.Environment.EpisodeLength.mean": {
            "value": 999.0,
            "min": 21.79847908745247,
            "max": 999.0,
            "count": 41
        },
        "3DBall.Environment.EpisodeLength.sum": {
            "value": 11988.0,
            "min": 11466.0,
            "max": 12931.0,
            "count": 41
        },
        "3DBall.Step.mean": {
            "value": 491670.0,
            "min": 11983.0,
            "max": 491670.0,
            "count": 41
        },
        "3DBall.Step.sum": {
            "value": 491670.0,
            "min": 11983.0,
            "max": 491670.0,
            "count": 41
        },
        "3DBall.Policy.ExtrinsicValueEstimate.mean": {
            "value": 9.991399765014648,
            "min": 0.14259853959083557,
            "max": 9.991535186767578,
            "count": 41
        },
        "3DBall.Policy.ExtrinsicValueEstimate.sum": {
            "value": 119.89679718017578,
            "min": 68.04143524169922,
            "max": 190.64495849609375,
            "count": 41
        },
        "3DBall.Environment.CumulativeReward.mean": {
            "value": 100.00001525878906,
            "min": 1.1769961687548531,
            "max": 100.00001525878906,
            "count": 41
        },
        "3DBall.Environment.CumulativeReward.sum": {
            "value": 1200.0001831054688,
            "min": 619.0999847650528,
            "max": 1293.3002014160156,
            "count": 41
        },
        "3DBall.Policy.ExtrinsicReward.mean": {
            "value": 100.00001525878906,
            "min": 1.1769961687548531,
            "max": 100.00001525878906,
            "count": 41
        },
        "3DBall.Policy.ExtrinsicReward.sum": {
            "value": 1200.0001831054688,
            "min": 619.0999847650528,
            "max": 1293.3002014160156,
            "count": 41
        },
        "3DBall.IsTraining.mean": {
            "value": 1.0,
            "min": 1.0,
            "max": 1.0,
            "count": 41
        },
        "3DBall.IsTraining.sum": {
            "value": 1.0,
            "min": 1.0,
            "max": 1.0,
            "count": 41
        },
        "3DBall.Losses.PolicyLoss.mean": {
            "value": 0.18116995947640402,
            "min": 0.09764229673663409,
            "max": 0.20276586867759663,
            "count": 14
        },
        "3DBall.Losses.PolicyLoss.sum": {
            "value": 0.18116995947640402,
            "min": 0.09764229673663409,
            "max": 0.20276586867759663,
            "count": 14
        },
        "3DBall.Losses.ValueLoss.mean": {
            "value": 0.0004976323821332856,
            "min": 0.0004897527827470073,
            "max": 2.547832019403951,
            "count": 14
        },
        "3DBall.Losses.ValueLoss.sum": {
            "value": 0.0004976323821332856,
            "min": 0.0004897527827470073,
            "max": 2.547832019403951,
            "count": 14
        },
        "3DBall.Policy.LearningRate.mean": {
            "value": 2.2398092533999985e-05,
            "min": 2.2398092533999985e-05,
            "max": 0.0002803284065572,
            "count": 14
        },
        "3DBall.Policy.LearningRate.sum": {
            "value": 2.2398092533999985e-05,
            "min": 2.2398092533999985e-05,
            "max": 0.0002803284065572,
            "count": 14
        },
        "3DBall.Policy.Epsilon.mean": {
            "value": 0.12239799999999999,
            "min": 0.12239799999999999,
            "max": 0.38032839999999996,
            "count": 14
        },
        "3DBall.Policy.Epsilon.sum": {
            "value": 0.12239799999999999,
            "min": 0.12239799999999999,
            "max": 0.38032839999999996,
            "count": 14
        },
        "3DBall.Policy.Beta.mean": {
            "value": 8.391339999999997e-05,
            "min": 8.391339999999997e-05,
            "max": 0.0009350837200000003,
            "count": 14
        },
        "3DBall.Policy.Beta.sum": {
            "value": 8.391339999999997e-05,
            "min": 8.391339999999997e-05,
            "max": 0.0009350837200000003,
            "count": 14
        }
    },
    "metadata": {
        "timer_format_version": "0.1.0",
        "start_time_seconds": "1767689773",
        "python_version": "3.10.11 (tags/v3.10.11:7d4cc5a, Apr  5 2023, 00:38:17) [MSC v.1929 64 bit (AMD64)]",
        "command_line_arguments": "C:\\Users\\atoz\\Documents\\01_2025_2026_year_2\\semester_1\\project_2_1\\code\\project_2_1_group_7\\venv\\Scripts\\mlagents-learn Config/training_config.yaml --run-id=omar-run229 --time-scale=20 --env=3DBall_environment/UnityEnvironment.exe --no-graphics",
        "mlagents_version": "1.0.0",
        "mlagents_envs_version": "1.0.0",
        "communication_protocol_version": "1.5.0",
        "pytorch_version": "1.13.1+cpu",
        "numpy_version": "1.23.5",
        "end_time_seconds": "1767690165"
    },
    "total": 392.4743157000048,
    "count": 1,
    "self": 0.23061329999472946,
    "children": {
        "run_training.setup": {
            "total": 0.0701161999895703,
            "count": 1,
            "self": 0.0701161999895703
        },
        "TrainerController.start_learning": {
            "total": 392.1735862000205,
            "count": 1,
            "self": 0.7113808029389475,
            "children": {
                "TrainerController._reset_env": {
                    "total": 2.9618555000051856,
                    "count": 1,
                    "self": 2.9618555000051856
                },
                "TrainerController.advance": {
                    "total": 388.4640194970707,
                    "count": 45466,
                    "self": 0.6977771004021633,
                    "children": {
                        "env_step": {
                            "total": 186.71082750009373,
                            "count": 45466,
                            "self": 157.40559310396202,
                            "children": {
                                "SubprocessEnvManager._take_step": {
                                    "total": 28.79442389801261,
                                    "count": 45466,
                                    "self": 2.122443394677248,
                                    "children": {
                                        "TorchPolicy.evaluate": {
                                            "total": 26.671980503335362,
                                            "count": 42235,
                                            "self": 26.671980503335362
                                        }
                                    }
                                },
                                "workers": {
                                    "total": 0.5108104981190991,
                                    "count": 45466,
                                    "self": 0.0,
                                    "children": {
                                        "worker_root": {
                                            "total": 388.11834110162454,
                                            "count": 45466,
                                            "is_parallel": true,
                                            "self": 277.1485540010035,
                                            "children": {
                                                "steps_from_proto": {
                                                    "total": 0.00039499998092651367,
                                                    "count": 1,