{
    "name": "root",
    "gauges": {
        "3DBall.Policy.Entropy.mean": {
            "value": 1.3757832050323486,
            "min": 1.3757832050323486,
            "max": 1.4234983921051025,
            "count": 4
        },
        "3DBall.Policy.Entropy.sum": {
            "value": 16591.9453125,
            "min": 16591.9453125,
            "max": 17282.66796875,
            "count": 4
        },
        "3DBall.Environment.EpisodeLength.mean": {
            "value": 50.44444444444444,
            "min": 21.714555765595463,
            "max": 50.44444444444444,
            "count": 4
        },
        "3DBall.Environment.EpisodeLength.sum": {
            "value": 11804.0,
            "min": 11487.0,
            "max": 11804.0,
            "count": 4
        },
        "3DBall.Step.mean": {
            "value": 47982.0,
            "min": 11994.0,
            "max": 47982.0,
            "count": 4
        },
        "3DBall.Step.sum": {
            "value": 47982.0,
            "min": 11994.0,
            "max": 47982.0,
            "count": 4
        },
        "3DBall.Policy.ExtrinsicValueEstimate.mean": {
            "value": 0.8533332347869873,
            "min": 0.13828450441360474,
            "max": 0.8533332347869873,
            "count": 4
        },
        "3DBall.Policy.ExtrinsicValueEstimate.sum": {
            "value": 199.6799774169922,
            "min": 73.01422119140625,
            "max": 199.6799774169922,
            "count": 4
        },
        "3DBall.Environment.CumulativeReward.mean": {
            "value": 4.022649889827793,
            "min": 1.1715908709800604,
            "max": 4.022649889827793,
            "count": 4
        },
        "3DBall.Environment.CumulativeReward.sum": {
            "value": 941.3000742197037,
            "min": 618.5999798774719,
            "max": 941.3000742197037,
            "count": 4
        },
        "3DBall.Policy.ExtrinsicReward.mean": {
            "value": 4.022649889827793,
            "min": 1.1715908709800604,
            "max": 4.022649889827793,
            "count": 4
        },
        "3DBall.Policy.ExtrinsicReward.sum": {
            "value": 941.3000742197037,
            "min": 618.5999798774719,
            "max": 941.3000742197037,
            "count": 4
        },
        "3DBall.IsTraining.mean": {
            "value": 1.0,
            "min": 1.0,
            "max": 1.0,
            "count": 4
        },
        "3DBall.IsTraining.sum": {
            "value": 1.0,
            "min": 1.0,
            "max": 1.0,
            "count": 4
        },
        "3DBall.Losses.PolicyLoss.mean": {
            "value": 0.7624012558942762,
            "min": 0.7392323827742069,
            "max": 0.7742061389240303,
            "count": 3
        },
        "3DBall.Losses.PolicyLoss.sum": {
            "value": 0.7624012558942762,
            "min": 0.7392323827742069,
            "max": 0.7742061389240303,
            "count": 3
        },
        "3DBall.Losses.ValueLoss.mean": {
            "value": 0.38405450654025314,
            "min": 0.16293571308739294,
            "max": 0.38405450654025314,
            "count": 3
        },
        "3DBall.Losses.ValueLoss.sum": {
            "value": 0.38405450654025314,
            "min": 0.16293571308739294,
            "max": 0.38405450654025314,
            "count": 3
        },
        "3DBall.Policy.LearningRate.mean": {
            "value": 0.00018545520727239996,
            "min": 0.00018545520727239996,
            "max": 0.00019515360242319997,
            "count": 3
        },
        "3DBall.Policy.LearningRate.sum": {
            "value": 0.00018545520727239996,
            "min": 0.00018545520727239996,
            "max": 0.00019515360242319997,
            "count": 3
        },
        "3DBall.Policy.Epsilon.mean": {
            "value": 0.28545519999999996,
            "min": 0.28545519999999996,
            "max": 0.29515359999999996,
            "count": 3
        },
        "3DBall.Policy.Epsilon.sum": {
            "value": 0.28545519999999996,
            "min": 0.28545519999999996,
            "max": 0.29515359999999996,
            "count": 3
        },
        "3DBall.Policy.Beta.mean": {
            "value": 0.00120618604,
            "min": 0.00120618604,
            "max": 0.0012687407200000001,
            "count": 3
        },
        "3DBall.Policy.Beta.sum": {
            "value": 0.00120618604,
            "min": 0.00120618604,
            "max": 0.0012687407200000001,
            "count": 3
        }
    },
    "metadata": {
        "timer_format_version": "0.1.0",
        "start_time_seconds": "1764754931",
        "python_version": "3.10.11 (tags/v3.10.11:7d4cc5a, Apr  5 2023, 00:38:17) [MSC v.1929 64 bit (AMD64)]",
        "command_line_arguments": "C:\\Users\\moebn\\Documents\\University\\Project 2-1\\project_2_1_group_7\\venv\\Scripts\\mlagents-learn Config/training_config.yaml --run-id=run_batch_size1_buffer_size12100_learning_rate0.0002_beta0.0013_epsilon0.3 --time-scale=20 --env=3DBall_environment/UnityEnvironment.exe --no-graphics",
        "mlagents_version": "1.0.0",
        "mlagents_envs_version": "1.0.0",
        "communication_protocol_version": "1.5.0",
        "pytorch_version": "2.9.1+cpu",
        "numpy_version": "1.23.5",
        "end_time_seconds": "1764755202"
    },
    "total": 271.2815625000221,
    "count": 1,
    "self": 0.16271649999544024,
    "children": {
        "run_training.setup": {
            "total": 0.06603650000761263,
            "count": 1,
            "self": 0.06603650000761263
        },
        "TrainerController.start_learning": {
            "total": 271.05280950001907,
            "count": 1,
            "self": 0.047655600908910856,
            "children": {
                "TrainerController._reset_env": {
                    "total": 3.3979200999892782,
                    "count": 1,
                    "self": 3.3979200999892782
                },
                "TrainerController.advance": {
                    "total": 267.6008154991432,
                    "count": 5549,
                    "self": 0.04564519945415668,
                    "children": {
                        "env_step": {
                            "total": 14.22370190001675,
                            "count": 5549,
                            "self": 12.572447002050467,
                            "children": {
                                "SubprocessEnvManager._take_step": {
                                    "total": 1.618177397933323,
                                    "count": 5549,
                                    "self": 0.12134319767937995,
                                    "children": {
                                        "TorchPolicy.evaluate": {
                                            "total": 1.496834200253943,
                                            "count": 4267,
                                            "self": 1.496834200253943
                                        }
                                    }
                                },
                                "workers": {
                                    "total": 0.033077500032959506,
                                    "count": 5549,
                                    "self": 0.0,
                                    "children": {
                                        "worker_root": {
                                            "total": 268.17482859871234,
                                            "count": 5549,
                                            "is_parallel": true,
                                            "self": 258.5282169986749,
                                            "children": {
                                                "steps_from_proto": {
                                                    "total": 0.00034050000249408185,
                                                    "count": 1,