{
    "name": "root",
    "gauges": {
        "3DBall.Policy.Entropy.mean": {
            "value": 1.2616593837738037,
            "min": 1.2616593837738037,
            "max": 1.372585654258728,
            "count": 4
        },
        "3DBall.Policy.Entropy.sum": {
            "value": 15139.912109375,
            "min": 15139.912109375,
            "max": 26798.36328125,
            "count": 4
        },
        "3DBall.Environment.EpisodeLength.mean": {
            "value": 911.1428571428571,
            "min": 51.30212765957447,
            "max": 911.1428571428571,
            "count": 4
        },
        "3DBall.Environment.EpisodeLength.sum": {
            "value": 12756.0,
            "min": 11812.0,
            "max": 12756.0,
            "count": 4
        },
        "3DBall.Step.mean": {
            "value": 47996.0,
            "min": 11291.0,
            "max": 47996.0,
            "count": 4
        },
        "3DBall.Step.sum": {
            "value": 47996.0,
            "min": 11291.0,
            "max": 47996.0,
            "count": 4
        },
        "3DBall.Policy.ExtrinsicValueEstimate.mean": {
            "value": 9.88900089263916,
            "min": 0.9186661839485168,
            "max": 9.88900089263916,
            "count": 4
        },
        "3DBall.Policy.ExtrinsicValueEstimate.sum": {
            "value": 138.44601440429688,
            "min": 120.67428588867188,
            "max": 214.96788024902344,
            "count": 4
        },
        "3DBall.Environment.CumulativeReward.mean": {
            "value": 91.05715659686497,
            "min": 3.7299148776592355,
            "max": 91.05715659686497,
            "count": 4
        },
        "3DBall.Environment.CumulativeReward.sum": {
            "value": 1274.8001923561096,
            "min": 872.800081372261,
            "max": 1274.8001923561096,
            "count": 4
        },
        "3DBall.Policy.ExtrinsicReward.mean": {
            "value": 91.05715659686497,
            "min": 3.7299148776592355,
            "max": 91.05715659686497,
            "count": 4
        },
        "3DBall.Policy.ExtrinsicReward.sum": {
            "value": 1274.8001923561096,
            "min": 872.800081372261,
            "max": 1274.8001923561096,
            "count": 4
        },
        "3DBall.Losses.PolicyLoss.mean": {
            "value": 0.207430471520026,
            "min": 0.19945493620057922,
            "max": 0.2113744560962699,
            "count": 4
        },
        "3DBall.Losses.PolicyLoss.sum": {
            "value": 2.696596129760338,
            "min": 2.5364934731552387,
            "max": 14.560210342642282,
            "count": 4
        },
        "3DBall.Losses.ValueLoss.mean": {
            "value": 0.186090610305229,
            "min": 0.186090610305229,
            "max": 1.4647683115476768,
            "count": 4
        },
        "3DBall.Losses.ValueLoss.sum": {
            "value": 2.419177933967977,
            "min": 2.419177933967977,
            "max": 106.92808674298041,
            "count": 4
        },
        "3DBall.Policy.LearningRate.mean": {
            "value": 0.0003662475161304308,
            "min": 0.0003662475161304308,
            "max": 0.00039634419817422467,
            "count": 4
        },
        "3DBall.Policy.LearningRate.sum": {
            "value": 0.004761217709695601,
            "min": 0.0045151776712056,
            "max": 0.0289331264667184,
            "count": 4
        },
        "3DBall.Policy.Epsilon.mean": {
            "value": 0.28312375384615385,
            "min": 0.28312375384615385,
            "max": 0.298172098630137,
            "count": 4
        },
        "3DBall.Policy.Epsilon.sum": {
            "value": 3.6806088000000003,
            "min": 3.457588800000001,
            "max": 21.7665632,
            "count": 4
        },
        "3DBall.Policy.Beta.mean": {
            "value": 0.0009164625815384614,
            "min": 0.0009164625815384614,
            "max": 0.0009909518882191782,
            "count": 4
        },
        "3DBall.Policy.Beta.sum": {
            "value": 0.011914013559999999,
            "min": 0.011295064560000002,
            "max": 0.07233948784000001,
            "count": 4
        },
        "3DBall.IsTraining.mean": {
            "value": 1.0,
            "min": 1.0,
            "max": 1.0,
            "count": 4
        },
        "3DBall.IsTraining.sum": {
            "value": 1.0,
            "min": 1.0,
            "max": 1.0,
            "count": 4
        }
    },
    "metadata": {
        "timer_format_version": "0.1.0",
        "start_time_seconds": "1764907558",
        "python_version": "3.10.11 (tags/v3.10.11:7d4cc5a, Apr  5 2023, 00:38:17) [MSC v.1929 64 bit (AMD64)]",
        "command_line_arguments": "C:\\Users\\moebn\\Documents\\University\\Project 2-1\\project_2_1_group_7\\venv\\Scripts\\mlagents-learn Config/training_config.yaml --run-id=run_batch_size14_buffer_size100_learning_rate0.0004_beta0.001_epsilon0.3 --time-scale=20 --env=3DBall_environment/UnityEnvironment.exe --no-graphics",
        "mlagents_version": "1.0.0",
        "mlagents_envs_version": "1.0.0",
        "communication_protocol_version": "1.5.0",
        "pytorch_version": "2.9.1+cpu",
        "numpy_version": "1.23.5",
        "end_time_seconds": "1764907603"
    },
    "total": 44.68088080000598,
    "count": 1,
    "self": 0.22041740000713617,
    "children": {
        "run_training.setup": {
            "total": 0.06564990000333637,
            "count": 1,
            "self": 0.06564990000333637
        },
        "TrainerController.start_learning": {
            "total": 44.39481349999551,
            "count": 1,
            "self": 0.041263600753154606,
            "children": {
                "TrainerController._reset_env": {
                    "total": 4.960892599992803,
                    "count": 1,
                    "self": 4.960892599992803
                },
                "TrainerController.advance": {
                    "total": 39.3870550992433,
                    "count": 4986,
                    "self": 0.04184979907586239,
                    "children": {
                        "env_step": {
                            "total": 14.566015199627145,
                            "count": 4986,
                            "self": 12.721682899602456,
                            "children": {
                                "SubprocessEnvManager._take_step": {
                                    "total": 1.814750199948321,
                                    "count": 4986,
                                    "self": 0.13083839920000173,
                                    "children": {
                                        "TorchPolicy.evaluate": {
                                            "total": 1.6839118007483194,
                                            "count": 4767,
                                            "self": 1.6839118007483194
                                        }
                                    }
                                },
                                "workers": {
                                    "total": 0.02958210007636808,
                                    "count": 4986,
                                    "self": 0.0,
                                    "children": {
                                        "worker_root": {
                                            "total": 40.17346110021754,
                                            "count": 4986,
                                            "is_parallel": true,
                                            "self": 30.23909190086124,
                                            "children": {
                                                "steps_from_proto": {
                                                    "total": 0.00022739999985788018,
                                                    "count": 1,