{
    "name": "root",
    "gauges": {
        "3DBall.Policy.Entropy.mean": {
            "value": 1.3934240341186523,
            "min": 1.3934240341186523,
            "max": 1.4209147691726685,
            "count": 4
        },
        "3DBall.Policy.Entropy.sum": {
            "value": 19580.39453125,
            "min": 17162.03125,
            "max": 19580.39453125,
            "count": 4
        },
        "3DBall.Environment.EpisodeLength.mean": {
            "value": 149.1875,
            "min": 23.293522267206477,
            "max": 149.1875,
            "count": 4
        },
        "3DBall.Environment.EpisodeLength.sum": {
            "value": 11935.0,
            "min": 11507.0,
            "max": 11935.0,
            "count": 4
        },
        "3DBall.Step.mean": {
            "value": 47708.0,
            "min": 11947.0,
            "max": 47708.0,
            "count": 4
        },
        "3DBall.Step.sum": {
            "value": 47708.0,
            "min": 11947.0,
            "max": 47708.0,
            "count": 4
        },
        "3DBall.Policy.ExtrinsicValueEstimate.mean": {
            "value": 3.795149326324463,
            "min": 0.20106241106987,
            "max": 3.795149326324463,
            "count": 4
        },
        "3DBall.Policy.ExtrinsicValueEstimate.sum": {
            "value": 303.6119384765625,
            "min": 99.12377166748047,
            "max": 314.38140869140625,
            "count": 4
        },
        "3DBall.Environment.CumulativeReward.mean": {
            "value": 13.65500212162733,
            "min": 1.3233265388326276,
            "max": 13.65500212162733,
            "count": 4
        },
        "3DBall.Environment.CumulativeReward.sum": {
            "value": 1092.4001697301865,
            "min": 652.3999836444855,
            "max": 1092.4001697301865,
            "count": 4
        },
        "3DBall.Policy.ExtrinsicReward.mean": {
            "value": 13.65500212162733,
            "min": 1.3233265388326276,
            "max": 13.65500212162733,
            "count": 4
        },
        "3DBall.Policy.ExtrinsicReward.sum": {
            "value": 1092.4001697301865,
            "min": 652.3999836444855,
            "max": 1092.4001697301865,
            "count": 4
        },
        "3DBall.Losses.PolicyLoss.mean": {
            "value": 0.21886089088153504,
            "min": 0.20733068303296123,
            "max": 0.21886089088153504,
            "count": 4
        },
        "3DBall.Losses.PolicyLoss.sum": {
            "value": 0.8754435635261402,
            "min": 0.8475880586544887,
            "max": 1.0433927414651794,
            "count": 4
        },
        "3DBall.Losses.ValueLoss.mean": {
            "value": 3.5704747565641313,
            "min": 0.43331714468874927,
            "max": 3.5704747565641313,
            "count": 4
        },
        "3DBall.Losses.ValueLoss.sum": {
            "value": 14.281899026256525,
            "min": 1.733268578754997,
            "max": 14.281899026256525,
            "count": 4
        },
        "3DBall.Policy.LearningRate.mean": {
            "value": 9.1634008366e-05,
            "min": 9.1634008366e-05,
            "max": 9.874435125565e-05,
            "count": 4
        },
        "3DBall.Policy.LearningRate.sum": {
            "value": 0.000366536033464,
            "min": 0.000366536033464,
            "max": 0.0004824228175772001,
            "count": 4
        },
        "3DBall.Policy.Epsilon.mean": {
            "value": 0.09999999999999998,
            "min": 0.09999999999999998,
            "max": 0.09999999999999999,
            "count": 4
        },
        "3DBall.Policy.Epsilon.sum": {
            "value": 0.3999999999999999,
            "min": 0.3999999999999999,
            "max": 0.49999999999999994,
            "count": 4
        },
        "3DBall.Policy.Beta.mean": {
            "value": 0.0011920785999999998,
            "min": 0.0011920785999999998,
            "max": 0.001283802115,
            "count": 4
        },
        "3DBall.Policy.Beta.sum": {
            "value": 0.004768314399999999,
            "min": 0.004768314399999999,
            "max": 0.006273254119999999,
            "count": 4
        },
        "3DBall.IsTraining.mean": {
            "value": 1.0,
            "min": 1.0,
            "max": 1.0,
            "count": 4
        },
        "3DBall.IsTraining.sum": {
            "value": 1.0,
            "min": 1.0,
            "max": 1.0,
            "count": 4
        }
    },
    "metadata": {
        "timer_format_version": "0.1.0",
        "start_time_seconds": "1764910679",
        "python_version": "3.10.11 (tags/v3.10.11:7d4cc5a, Apr  5 2023, 00:38:17) [MSC v.1929 64 bit (AMD64)]",
        "command_line_arguments": "C:\\Users\\moebn\\Documents\\University\\Project 2-1\\project_2_1_group_7\\venv\\Scripts\\mlagents-learn Config/training_config.yaml --run-id=run_batch_size14_buffer_size2500_learning_rate0.0001_beta0.0013_epsilon0.1 --time-scale=20 --env=3DBall_environment/UnityEnvironment.exe --no-graphics",
        "mlagents_version": "1.0.0",
        "mlagents_envs_version": "1.0.0",
        "communication_protocol_version": "1.5.0",
        "pytorch_version": "2.9.1+cpu",
        "numpy_version": "1.23.5",
        "end_time_seconds": "1764910726"
    },
    "total": 46.752212899998995,
    "count": 1,
    "self": 0.20593740000913385,
    "children": {
        "run_training.setup": {
            "total": 0.0678765999909956,
            "count": 1,
            "self": 0.0678765999909956
        },
        "TrainerController.start_learning": {
            "total": 46.478398899998865,
            "count": 1,
            "self": 0.045881999627454206,
            "children": {
                "TrainerController._reset_env": {
                    "total": 6.409914200005005,
                    "count": 1,
                    "self": 6.409914200005005
                },
                "TrainerController.advance": {
                    "total": 40.016191000366234,
                    "count": 5439,
                    "self": 0.04535340041911695,
                    "children": {
                        "env_step": {
                            "total": 14.257817900215741,
                            "count": 5439,
                            "self": 12.625863399982336,
                            "children": {
                                "SubprocessEnvManager._take_step": {
                                    "total": 1.5991441004152875,
                                    "count": 5439,
                                    "self": 0.1279010010039201,
                                    "children": {
                                        "TorchPolicy.evaluate": {
                                            "total": 1.4712430994113674,
                                            "count": 4495,
                                            "self": 1.4712430994113674
                                        }
                                    }
                                },
                                "workers": {
                                    "total": 0.03281039981811773,
                                    "count": 5439,
                                    "self": 0.0,
                                    "children": {
                                        "worker_root": {
                                            "total": 40.62296770015382,
                                            "count": 5439,
                                            "is_parallel": true,
                                            "self": 30.908798099611886,
                                            "children": {
                                                "steps_from_proto": {
                                                    "total": 0.0002243999915663153,
                                                    "count": 1,