{
    "name": "root",
    "gauges": {
        "3DBall.Policy.Entropy.mean": {
            "value": 1.4152525663375854,
            "min": 1.4152525663375854,
            "max": 1.4189382791519165,
            "count": 4
        },
        "3DBall.Policy.Entropy.sum": {
            "value": 17050.962890625,
            "min": 16986.216796875,
            "max": 17231.5859375,
            "count": 4
        },
        "3DBall.Environment.EpisodeLength.mean": {
            "value": 24.29535864978903,
            "min": 21.457943925233646,
            "max": 24.29535864978903,
            "count": 4
        },
        "3DBall.Environment.EpisodeLength.sum": {
            "value": 11516.0,
            "min": 11467.0,
            "max": 11516.0,
            "count": 4
        },
        "3DBall.Step.mean": {
            "value": 47978.0,
            "min": 11984.0,
            "max": 47978.0,
            "count": 4
        },
        "3DBall.Step.sum": {
            "value": 47978.0,
            "min": 11984.0,
            "max": 47978.0,
            "count": 4
        },
        "3DBall.Policy.ExtrinsicValueEstimate.mean": {
            "value": 0.24603821337223053,
            "min": 0.21150504052639008,
            "max": 0.5249804258346558,
            "count": 4
        },
        "3DBall.Policy.ExtrinsicValueEstimate.sum": {
            "value": 116.62211608886719,
            "min": 108.71359252929688,
            "max": 280.33953857421875,
            "count": 4
        },
        "3DBall.Environment.CumulativeReward.mean": {
            "value": 1.4293248316406701,
            "min": 1.1441947248544586,
            "max": 1.4293248316406701,
            "count": 4
        },
        "3DBall.Environment.CumulativeReward.sum": {
            "value": 677.4999701976776,
            "min": 610.9999830722809,
            "max": 677.4999701976776,
            "count": 4
        },
        "3DBall.Policy.ExtrinsicReward.mean": {
            "value": 1.4293248316406701,
            "min": 1.1441947248544586,
            "max": 1.4293248316406701,
            "count": 4
        },
        "3DBall.Policy.ExtrinsicReward.sum": {
            "value": 677.4999701976776,
            "min": 610.9999830722809,
            "max": 677.4999701976776,
            "count": 4
        },
        "3DBall.IsTraining.mean": {
            "value": 1.0,
            "min": 1.0,
            "max": 1.0,
            "count": 4
        },
        "3DBall.IsTraining.sum": {
            "value": 1.0,
            "min": 1.0,
            "max": 1.0,
            "count": 4
        },
        "3DBall.Losses.PolicyLoss.mean": {
            "value": 0.11096179802833529,
            "min": 0.11096179802833529,
            "max": 0.11490629448440723,
            "count": 3
        },
        "3DBall.Losses.PolicyLoss.sum": {
            "value": 0.11096179802833529,
            "min": 0.11096179802833529,
            "max": 0.11490629448440723,
            "count": 3
        },
        "3DBall.Losses.ValueLoss.mean": {
            "value": 0.22383557078093108,
            "min": 0.22383557078093108,
            "max": 0.40350170123307844,
            "count": 3
        },
        "3DBall.Losses.ValueLoss.sum": {
            "value": 0.22383557078093108,
            "min": 0.22383557078093108,
            "max": 0.40350170123307844,
            "count": 3
        },
        "3DBall.Policy.LearningRate.mean": {
            "value": 0.0001825824087088,
            "min": 0.0001825824087088,
            "max": 0.00019419360290320005,
            "count": 3
        },
        "3DBall.Policy.LearningRate.sum": {
            "value": 0.0001825824087088,
            "min": 0.0001825824087088,
            "max": 0.00019419360290320005,
            "count": 3
        },
        "3DBall.Policy.Epsilon.mean": {
            "value": 0.1,
            "min": 0.1,
            "max": 0.1,
            "count": 3
        },
        "3DBall.Policy.Epsilon.sum": {
            "value": 0.1,
            "min": 0.1,
            "max": 0.1,
            "count": 3
        },
        "3DBall.Policy.Beta.mean": {
            "value": 0.00091378288,
            "min": 0.00091378288,
            "max": 0.0009712583199999997,
            "count": 3
        },
        "3DBall.Policy.Beta.sum": {
            "value": 0.00091378288,
            "min": 0.00091378288,
            "max": 0.0009712583199999997,
            "count": 3
        }
    },
    "metadata": {
        "timer_format_version": "0.1.0",
        "start_time_seconds": "1765154687",
        "python_version": "3.10.11 (tags/v3.10.11:7d4cc5a, Apr  5 2023, 00:38:17) [MSC v.1929 64 bit (AMD64)]",
        "command_line_arguments": "C:\\Users\\moebn\\Documents\\University\\Project 2-1\\project_2_1_group_7\\venv\\Scripts\\mlagents-learn Config/training_config.yaml --run-id=run_batch_size53_buffer_size14500_learning_rate0.0002_beta0.001_epsilon0.1 --time-scale=20 --env=3DBall_environment/UnityEnvironment.exe --no-graphics",
        "mlagents_version": "1.0.0",
        "mlagents_envs_version": "1.0.0",
        "communication_protocol_version": "1.5.0",
        "pytorch_version": "2.9.1+cpu",
        "numpy_version": "1.23.5",
        "end_time_seconds": "1765154716"
    },
    "total": 29.048310900019715,
    "count": 1,
    "self": 0.19377100002020597,
    "children": {
        "run_training.setup": {
            "total": 0.0751577999908477,
            "count": 1,
            "self": 0.0751577999908477
        },
        "TrainerController.start_learning": {
            "total": 28.77938210000866,
            "count": 1,
            "self": 0.05172390188090503,
            "children": {
                "TrainerController._reset_env": {
                    "total": 4.331640199990943,
                    "count": 1,
                    "self": 4.331640199990943
                },
                "TrainerController.advance": {
                    "total": 24.389398798142793,
                    "count": 5761,
                    "self": 0.048166697670239955,
                    "children": {
                        "env_step": {
                            "total": 14.023695299052633,
                            "count": 5761,
                            "self": 12.493374998768559,
                            "children": {
                                "SubprocessEnvManager._take_step": {
                                    "total": 1.4960517991858069,
                                    "count": 5761,
                                    "self": 0.12087179938680492,
                                    "children": {
                                        "TorchPolicy.evaluate": {
                                            "total": 1.375179999799002,
                                            "count": 4181,
                                            "self": 1.375179999799002
                                        }
                                    }
                                },
                                "workers": {
                                    "total": 0.034268501098267734,
                                    "count": 5761,
                                    "self": 0.0,
                                    "children": {
                                        "worker_root": {
                                            "total": 24.88938839864568,
                                            "count": 5761,
                                            "is_parallel": true,
                                            "self": 15.374020498682512,
                                            "children": {
                                                "steps_from_proto": {
                                                    "total": 0.00030519999563694,
                                                    "count": 1,
                                                    "is_parallel": true,