{
    "name": "root",
    "gauges": {
        "3DBall.Policy.Entropy.mean": {
            "value": 0.7225375175476074,
            "min": 0.7225375175476074,
            "max": 1.3736193180084229,
            "count": 41
        },
        "3DBall.Policy.Entropy.sum": {
            "value": 8670.4501953125,
            "min": 6959.66015625,
            "max": 19812.763671875,
            "count": 41
        },
        "3DBall.Environment.EpisodeLength.mean": {
            "value": 999.0,
            "min": 32.65826330532213,
            "max": 999.0,
            "count": 41
        },
        "3DBall.Environment.EpisodeLength.sum": {
            "value": 11988.0,
            "min": 11044.0,
            "max": 12744.0,
            "count": 41
        },
        "3DBall.Step.mean": {
            "value": 491691.0,
            "min": 11789.0,
            "max": 491691.0,
            "count": 41
        },
        "3DBall.Step.sum": {
            "value": 491691.0,
            "min": 11789.0,
            "max": 491691.0,
            "count": 41
        },
        "3DBall.Policy.ExtrinsicValueEstimate.mean": {
            "value": 10.002693176269531,
            "min": 0.16421015560626984,
            "max": 10.007397651672363,
            "count": 41
        },
        "3DBall.Policy.ExtrinsicValueEstimate.sum": {
            "value": 120.03231811523438,
            "min": 58.45881652832031,
            "max": 170.77442932128906,
            "count": 41
        },
        "3DBall.Environment.CumulativeReward.mean": {
            "value": 100.00001525878906,
            "min": 2.2115169776959367,
            "max": 100.00001525878906,
            "count": 41
        },
        "3DBall.Environment.CumulativeReward.sum": {
            "value": 1200.0001831054688,
            "min": 787.3000440597534,
            "max": 1274.600196838379,
            "count": 41
        },
        "3DBall.Policy.ExtrinsicReward.mean": {
            "value": 100.00001525878906,
            "min": 2.2115169776959367,
            "max": 100.00001525878906,
            "count": 41
        },
        "3DBall.Policy.ExtrinsicReward.sum": {
            "value": 1200.0001831054688,
            "min": 787.3000440597534,
            "max": 1274.600196838379,
            "count": 41
        },
        "3DBall.Losses.PolicyLoss.mean": {
            "value": 0.13371293806415852,
            "min": 0.12596596786481434,
            "max": 0.14528468139091222,
            "count": 41
        },
        "3DBall.Losses.PolicyLoss.sum": {
            "value": 0.5348517522566341,
            "min": 0.5038638714592574,
            "max": 0.7234625721903285,
            "count": 41
        },
        "3DBall.Losses.ValueLoss.mean": {
            "value": 0.0018280873088140873,
            "min": 0.0016185854554377033,
            "max": 1.5153019805671235,
            "count": 41
        },
        "3DBall.Losses.ValueLoss.sum": {
            "value": 0.007312349235256349,
            "min": 0.006474341821750813,
            "max": 7.5765099028356175,
            "count": 41
        },
        "3DBall.Policy.LearningRate.mean": {
            "value": 2.7618097238200028e-05,
            "min": 2.7618097238200028e-05,
            "max": 0.00098764520123548,
            "count": 41
        },
        "3DBall.Policy.LearningRate.sum": {
            "value": 0.00011047238895280011,
            "min": 0.00011047238895280011,
            "max": 0.0049382260061774,
            "count": 41
        },
        "3DBall.Policy.Epsilon.mean": {
            "value": 0.10828540000000003,
            "min": 0.10828540000000003,
            "max": 0.39629356000000004,
            "count": 41
        },
        "3DBall.Policy.Epsilon.sum": {
            "value": 0.4331416000000001,
            "min": 0.4331416000000001,
            "max": 1.9814678000000003,
            "count": 41
        },
        "3DBall.Policy.Beta.mean": {
            "value": 1.2485620000000004e-05,
            "min": 1.2485620000000004e-05,
            "max": 9.8888068e-05,
            "count": 41
        },
        "3DBall.Policy.Beta.sum": {
            "value": 4.994248000000002e-05,
            "min": 4.994248000000002e-05,
            "max": 0.00049444034,
            "count": 41
        },
        "3DBall.IsTraining.mean": {
            "value": 1.0,
            "min": 1.0,
            "max": 1.0,
            "count": 41
        },
        "3DBall.IsTraining.sum": {
            "value": 1.0,
            "min": 1.0,
            "max": 1.0,
            "count": 41
        }
    },
    "metadata": {
        "timer_format_version": "0.1.0",
        "start_time_seconds": "1767732956",
        "python_version": "3.10.11 (tags/v3.10.11:7d4cc5a, Apr  5 2023, 00:38:17) [MSC v.1929 64 bit (AMD64)]",
        "command_line_arguments": "C:\\Users\\atoz\\Documents\\01_2025_2026_year_2\\semester_1\\project_2_1\\code\\project_2_1_group_7\\venv\\Scripts\\mlagents-learn Config/training_config.yaml --run-id=omar-run274 --time-scale=20 --env=3DBall_environment/UnityEnvironment.exe --no-graphics",
        "mlagents_version": "1.0.0",
        "mlagents_envs_version": "1.0.0",
        "communication_protocol_version": "1.5.0",
        "pytorch_version": "1.13.1+cpu",
        "numpy_version": "1.23.5",
        "end_time_seconds": "1767733850"
    },
    "total": 894.0403717000154,
    "count": 1,
    "self": 0.31782850000308827,
    "children": {
        "run_training.setup": {
            "total": 0.30032899999059737,
            "count": 1,
            "self": 0.30032899999059737
        },
        "TrainerController.start_learning": {
            "total": 893.4222142000217,
            "count": 1,
            "self": 0.987083496816922,
            "children": {
                "TrainerController._reset_env": {
                    "total": 5.854764699994121,
                    "count": 1,
                    "self": 5.854764699994121
                },
                "TrainerController.advance": {
                    "total": 886.4673408031813,
                    "count": 43004,
                    "self": 0.921179109311197,
                    "children": {
                        "env_step": {
                            "total": 289.1741914906306,
                            "count": 43004,
                            "self": 240.03337029751856,
                            "children": {
                                "SubprocessEnvManager._take_step": {
                                    "total": 48.451040497398935,
                                    "count": 43004,
                                    "self": 3.592361894552596,
                                    "children": {
                                        "TorchPolicy.evaluate": {
                                            "total": 44.85867860284634,
                                            "count": 42229,
                                            "self": 44.85867860284634
                                        }
                                    }
                                },
                                "workers": {
                                    "total": 0.6897806957131252,
                                    "count": 43004,
                                    "self": 0.0,
                                    "children": {
                                        "worker_root": {
                                            "total": 885.8200344096404,
                                            "count": 43004,
                                            "is_parallel": true,
                                            "self": 716.0347773134126,
                                            "children": {
                                                "steps_from_proto": {
                                                    "total": 0.0004050999996252358,
                                                    "count": 1,