{
    "name": "root",
    "gauges": {
        "3DBall.Policy.Entropy.mean": {
            "value": 1.424943447113037,
            "min": 1.4189382791519165,
            "max": 1.424943447113037,
            "count": 4
        },
        "3DBall.Policy.Entropy.sum": {
            "value": 17133.51953125,
            "min": 17016.08984375,
            "max": 17231.5859375,
            "count": 4
        },
        "3DBall.Environment.EpisodeLength.mean": {
            "value": 25.078260869565216,
            "min": 23.635245901639344,
            "max": 25.078260869565216,
            "count": 4
        },
        "3DBall.Environment.EpisodeLength.sum": {
            "value": 11536.0,
            "min": 11497.0,
            "max": 11536.0,
            "count": 4
        },
        "3DBall.Step.mean": {
            "value": 47994.0,
            "min": 11996.0,
            "max": 47994.0,
            "count": 4
        },
        "3DBall.Step.sum": {
            "value": 47994.0,
            "min": 11996.0,
            "max": 47994.0,
            "count": 4
        },
        "3DBall.Policy.ExtrinsicValueEstimate.mean": {
            "value": 0.33352357149124146,
            "min": 0.11524833738803864,
            "max": 0.33352357149124146,
            "count": 4
        },
        "3DBall.Policy.ExtrinsicValueEstimate.sum": {
            "value": 153.42083740234375,
            "min": 56.01069259643555,
            "max": 155.5473175048828,
            "count": 4
        },
        "3DBall.Environment.CumulativeReward.mean": {
            "value": 1.5078260331050208,
            "min": 1.362295023974825,
            "max": 1.5078260331050208,
            "count": 4
        },
        "3DBall.Environment.CumulativeReward.sum": {
            "value": 693.5999752283096,
            "min": 664.7999716997147,
            "max": 693.5999752283096,
            "count": 4
        },
        "3DBall.Policy.ExtrinsicReward.mean": {
            "value": 1.5078260331050208,
            "min": 1.362295023974825,
            "max": 1.5078260331050208,
            "count": 4
        },
        "3DBall.Policy.ExtrinsicReward.sum": {
            "value": 693.5999752283096,
            "min": 664.7999716997147,
            "max": 693.5999752283096,
            "count": 4
        },
        "3DBall.IsTraining.mean": {
            "value": 1.0,
            "min": 1.0,
            "max": 1.0,
            "count": 4
        },
        "3DBall.IsTraining.sum": {
            "value": 1.0,
            "min": 1.0,
            "max": 1.0,
            "count": 4
        },
        "3DBall.Losses.PolicyLoss.mean": {
            "value": 0.20955104999408328,
            "min": 0.20955104999408328,
            "max": 0.21513613119688568,
            "count": 2
        },
        "3DBall.Losses.PolicyLoss.sum": {
            "value": 0.20955104999408328,
            "min": 0.20955104999408328,
            "max": 0.21513613119688568,
            "count": 2
        },
        "3DBall.Losses.ValueLoss.mean": {
            "value": 0.18577225497311134,
            "min": 0.18577225497311134,
            "max": 0.24129303947998507,
            "count": 2
        },
        "3DBall.Losses.ValueLoss.sum": {
            "value": 0.18577225497311134,
            "min": 0.18577225497311134,
            "max": 0.24129303947998507,
            "count": 2
        },
        "3DBall.Policy.LearningRate.mean": {
            "value": 0.0003729432067642,
            "min": 0.0003729432067642,
            "max": 0.00038647920338020017,
            "count": 2
        },
        "3DBall.Policy.LearningRate.sum": {
            "value": 0.0003729432067642,
            "min": 0.0003729432067642,
            "max": 0.00038647920338020017,
            "count": 2
        },
        "3DBall.Policy.Epsilon.mean": {
            "value": 0.1,
            "min": 0.1,
            "max": 0.1,
            "count": 2
        },
        "3DBall.Policy.Epsilon.sum": {
            "value": 0.1,
            "min": 0.1,
            "max": 0.1,
            "count": 2
        },
        "3DBall.Policy.Beta.mean": {
            "value": 0.0010262702200000001,
            "min": 0.0010262702200000001,
            "max": 0.00106315582,
            "count": 2
        },
        "3DBall.Policy.Beta.sum": {
            "value": 0.0010262702200000001,
            "min": 0.0010262702200000001,
            "max": 0.00106315582,
            "count": 2
        }
    },
    "metadata": {
        "timer_format_version": "0.1.0",
        "start_time_seconds": "1765020326",
        "python_version": "3.10.11 (tags/v3.10.11:7d4cc5a, Apr  5 2023, 00:38:17) [MSC v.1929 64 bit (AMD64)]",
        "command_line_arguments": "C:\\Users\\moebn\\Documents\\University\\Project 2-1\\project_2_1_group_7\\venv\\Scripts\\mlagents-learn Config/training_config.yaml --run-id=run_batch_size14_buffer_size16900_learning_rate0.0004_beta0.0011_epsilon0.1 --time-scale=20 --env=3DBall_environment/UnityEnvironment.exe --no-graphics",
        "mlagents_version": "1.0.0",
        "mlagents_envs_version": "1.0.0",
        "communication_protocol_version": "1.5.0",
        "pytorch_version": "2.9.1+cpu",
        "numpy_version": "1.23.5",
        "end_time_seconds": "1765020363"
    },
    "total": 36.93093290000252,
    "count": 1,
    "self": 0.1762994000018807,
    "children": {
        "run_training.setup": {
            "total": 0.06814979999762727,
            "count": 1,
            "self": 0.06814979999762727
        },
        "TrainerController.start_learning": {
            "total": 36.68648370000301,
            "count": 1,
            "self": 0.05102479980996577,
            "children": {
                "TrainerController._reset_env": {
                    "total": 3.449787199999264,
                    "count": 1,
                    "self": 3.449787199999264
                },
                "TrainerController.advance": {
                    "total": 33.17973610019544,
                    "count": 5706,
                    "self": 0.04817870011902414,
                    "children": {
                        "env_step": {
                            "total": 14.218750200030627,
                            "count": 5706,
                            "self": 12.65392239963694,
                            "children": {
                                "SubprocessEnvManager._take_step": {
                                    "total": 1.5305519001558423,
                                    "count": 5706,
                                    "self": 0.12386890020570718,
                                    "children": {
                                        "TorchPolicy.evaluate": {
                                            "total": 1.4066829999501351,
                                            "count": 4186,
                                            "self": 1.4066829999501351
                                        }
                                    }
                                },
                                "workers": {
                                    "total": 0.034275900237844326,
                                    "count": 5706,
                                    "self": 0.0,
                                    "children": {
                                        "worker_root": {
                                            "total": 33.693462800307316,
                                            "count": 5706,
                                            "is_parallel": true,
                                            "self": 24.0544939001702,
                                            "children": {
                                                "steps_from_proto": {
                                                    "total": 0.00032020000071497634,
                                                    "count": 1,
                                                    "is_parallel": true,