{
    "name": "root",
    "gauges": {
        "3DBall.Policy.Entropy.mean": {
            "value": 1.3926023244857788,
            "min": 1.3926023244857788,
            "max": 1.4215158224105835,
            "count": 4
        },
        "3DBall.Policy.Entropy.sum": {
            "value": 16778.072265625,
            "min": 16778.072265625,
            "max": 17231.5859375,
            "count": 4
        },
        "3DBall.Environment.EpisodeLength.mean": {
            "value": 33.85755813953488,
            "min": 21.51498127340824,
            "max": 33.85755813953488,
            "count": 4
        },
        "3DBall.Environment.EpisodeLength.sum": {
            "value": 11647.0,
            "min": 11477.0,
            "max": 11647.0,
            "count": 4
        },
        "3DBall.Step.mean": {
            "value": 47972.0,
            "min": 11997.0,
            "max": 47972.0,
            "count": 4
        },
        "3DBall.Step.sum": {
            "value": 47972.0,
            "min": 11997.0,
            "max": 47972.0,
            "count": 4
        },
        "3DBall.Policy.ExtrinsicValueEstimate.mean": {
            "value": 0.48214682936668396,
            "min": -0.5215768814086914,
            "max": 0.48214682936668396,
            "count": 4
        },
        "3DBall.Policy.ExtrinsicValueEstimate.sum": {
            "value": 165.85850524902344,
            "min": -278.00048828125,
            "max": 165.85850524902344,
            "count": 4
        },
        "3DBall.Environment.CumulativeReward.mean": {
            "value": 2.380523223863092,
            "min": 1.1508442472114349,
            "max": 2.380523223863092,
            "count": 4
        },
        "3DBall.Environment.CumulativeReward.sum": {
            "value": 818.8999890089035,
            "min": 613.3999837636948,
            "max": 818.8999890089035,
            "count": 4
        },
        "3DBall.Policy.ExtrinsicReward.mean": {
            "value": 2.380523223863092,
            "min": 1.1508442472114349,
            "max": 2.380523223863092,
            "count": 4
        },
        "3DBall.Policy.ExtrinsicReward.sum": {
            "value": 818.8999890089035,
            "min": 613.3999837636948,
            "max": 818.8999890089035,
            "count": 4
        },
        "3DBall.IsTraining.mean": {
            "value": 1.0,
            "min": 1.0,
            "max": 1.0,
            "count": 4
        },
        "3DBall.IsTraining.sum": {
            "value": 1.0,
            "min": 1.0,
            "max": 1.0,
            "count": 4
        },
        "3DBall.Losses.PolicyLoss.mean": {
            "value": 0.21718881486298264,
            "min": 0.20896669470957213,
            "max": 0.21718881486298264,
            "count": 3
        },
        "3DBall.Losses.PolicyLoss.sum": {
            "value": 0.21718881486298264,
            "min": 0.20896669470957213,
            "max": 0.21718881486298264,
            "count": 3
        },
        "3DBall.Losses.ValueLoss.mean": {
            "value": 0.24369734728310494,
            "min": 0.17256539807383955,
            "max": 0.24369734728310494,
            "count": 3
        },
        "3DBall.Losses.ValueLoss.sum": {
            "value": 0.24369734728310494,
            "min": 0.17256539807383955,
            "max": 0.24369734728310494,
            "count": 3
        },
        "3DBall.Policy.LearningRate.mean": {
            "value": 0.0004636690072661999,
            "min": 0.0004636690072661999,
            "max": 0.0004878810024237999,
            "count": 3
        },
        "3DBall.Policy.LearningRate.sum": {
            "value": 0.0004636690072661999,
            "min": 0.0004636690072661999,
            "max": 0.0004878810024237999,
            "count": 3
        },
        "3DBall.Policy.Epsilon.mean": {
            "value": 0.19273380000000007,
            "min": 0.19273380000000007,
            "max": 0.19757620000000004,
            "count": 3
        },
        "3DBall.Policy.Epsilon.sum": {
            "value": 0.19273380000000007,
            "min": 0.19273380000000007,
            "max": 0.19757620000000004,
            "count": 3
        },
        "3DBall.Policy.Beta.mean": {
            "value": 0.00092806462,
            "min": 0.00092806462,
            "max": 0.00097600438,
            "count": 3
        },
        "3DBall.Policy.Beta.sum": {
            "value": 0.00092806462,
            "min": 0.00092806462,
            "max": 0.00097600438,
            "count": 3
        }
    },
    "metadata": {
        "timer_format_version": "0.1.0",
        "start_time_seconds": "1764938754",
        "python_version": "3.10.11 (tags/v3.10.11:7d4cc5a, Apr  5 2023, 00:38:17) [MSC v.1929 64 bit (AMD64)]",
        "command_line_arguments": "C:\\Users\\moebn\\Documents\\University\\Project 2-1\\project_2_1_group_7\\venv\\Scripts\\mlagents-learn Config/training_config.yaml --run-id=run_batch_size14_buffer_size12100_learning_rate0.0005_beta0.001_epsilon0.2 --time-scale=20 --env=3DBall_environment/UnityEnvironment.exe --no-graphics",
        "mlagents_version": "1.0.0",
        "mlagents_envs_version": "1.0.0",
        "communication_protocol_version": "1.5.0",
        "pytorch_version": "2.9.1+cpu",
        "numpy_version": "1.23.5",
        "end_time_seconds": "1764938797"
    },
    "total": 43.200019700001576,
    "count": 1,
    "self": 0.15636110000195913,
    "children": {
        "run_training.setup": {
            "total": 0.06831390000297688,
            "count": 1,
            "self": 0.06831390000297688
        },
        "TrainerController.start_learning": {
            "total": 42.97534469999664,
            "count": 1,
            "self": 0.04914479985018261,
            "children": {
                "TrainerController._reset_env": {
                    "total": 3.401892499998212,
                    "count": 1,
                    "self": 3.401892499998212
                },
                "TrainerController.advance": {
                    "total": 39.51798970015079,
                    "count": 5653,
                    "self": 0.04694709878822323,
                    "children": {
                        "env_step": {
                            "total": 13.908162100502523,
                            "count": 5653,
                            "self": 12.421873301020241,
                            "children": {
                                "SubprocessEnvManager._take_step": {
                                    "total": 1.4526180992252193,
                                    "count": 5653,
                                    "self": 0.12295659925439395,
                                    "children": {
                                        "TorchPolicy.evaluate": {
                                            "total": 1.3296614999708254,
                                            "count": 4218,
                                            "self": 1.3296614999708254
                                        }
                                    }
                                },
                                "workers": {
                                    "total": 0.03367070025706198,
                                    "count": 5653,
                                    "self": 0.0,
                                    "children": {
                                        "worker_root": {
                                            "total": 40.09125680035504,
                                            "count": 5653,
                                            "is_parallel": true,
                                            "self": 30.6477120002819,
                                            "children": {
                                                "steps_from_proto": {
                                                    "total": 0.00022810000518802553,
                                                    "count": 1,