{
    "name": "root",
    "gauges": {
        "3DBall.Policy.Entropy.mean": {
            "value": 1.4112226963043213,
            "min": 1.4112226963043213,
            "max": 1.418434977531433,
            "count": 4
        },
        "3DBall.Policy.Entropy.sum": {
            "value": 17120.953125,
            "min": 16926.16796875,
            "max": 17242.49609375,
            "count": 4
        },
        "3DBall.Environment.EpisodeLength.mean": {
            "value": 25.49448123620309,
            "min": 21.545966228893057,
            "max": 25.49448123620309,
            "count": 4
        },
        "3DBall.Environment.EpisodeLength.sum": {
            "value": 11549.0,
            "min": 11460.0,
            "max": 11549.0,
            "count": 4
        },
        "3DBall.Step.mean": {
            "value": 47989.0,
            "min": 11986.0,
            "max": 47989.0,
            "count": 4
        },
        "3DBall.Step.sum": {
            "value": 47989.0,
            "min": 11986.0,
            "max": 47989.0,
            "count": 4
        },
        "3DBall.Policy.ExtrinsicValueEstimate.mean": {
            "value": 0.2917531728744507,
            "min": 0.1301816999912262,
            "max": 0.2917531728744507,
            "count": 4
        },
        "3DBall.Policy.ExtrinsicValueEstimate.sum": {
            "value": 132.1641845703125,
            "min": 69.25666809082031,
            "max": 132.1641845703125,
            "count": 4
        },
        "3DBall.Environment.CumulativeReward.mean": {
            "value": 1.549448069094559,
            "min": 1.1530074999296576,
            "max": 1.549448069094559,
            "count": 4
        },
        "3DBall.Environment.CumulativeReward.sum": {
            "value": 701.8999752998352,
            "min": 613.3999899625778,
            "max": 701.8999752998352,
            "count": 4
        },
        "3DBall.Policy.ExtrinsicReward.mean": {
            "value": 1.549448069094559,
            "min": 1.1530074999296576,
            "max": 1.549448069094559,
            "count": 4
        },
        "3DBall.Policy.ExtrinsicReward.sum": {
            "value": 701.8999752998352,
            "min": 613.3999899625778,
            "max": 701.8999752998352,
            "count": 4
        },
        "3DBall.Losses.PolicyLoss.mean": {
            "value": 0.09504467572926073,
            "min": 0.09504467572926073,
            "max": 0.10091902907038121,
            "count": 4
        },
        "3DBall.Losses.PolicyLoss.sum": {
            "value": 0.09504467572926073,
            "min": 0.09504467572926073,
            "max": 0.10091902907038121,
            "count": 4
        },
        "3DBall.Losses.ValueLoss.mean": {
            "value": 0.24888188527081828,
            "min": 0.19905155988372103,
            "max": 0.4065149333539193,
            "count": 4
        },
        "3DBall.Losses.ValueLoss.sum": {
            "value": 0.24888188527081828,
            "min": 0.19905155988372103,
            "max": 0.4065149333539193,
            "count": 4
        },
        "3DBall.Policy.LearningRate.mean": {
            "value": 0.0001844568077716,
            "min": 0.0001844568077716,
            "max": 0.000196116001942,
            "count": 4
        },
        "3DBall.Policy.LearningRate.sum": {
            "value": 0.0001844568077716,
            "min": 0.0001844568077716,
            "max": 0.000196116001942,
            "count": 4
        },
        "3DBall.Policy.Epsilon.mean": {
            "value": 0.1,
            "min": 0.1,
            "max": 0.1,
            "count": 4
        },
        "3DBall.Policy.Epsilon.sum": {
            "value": 0.1,
            "min": 0.1,
            "max": 0.1,
            "count": 4
        },
        "3DBall.Policy.Beta.mean": {
            "value": 0.00110751796,
            "min": 0.00110751796,
            "max": 0.0011768901999999995,
            "count": 4
        },
        "3DBall.Policy.Beta.sum": {
            "value": 0.00110751796,
            "min": 0.00110751796,
            "max": 0.0011768901999999995,
            "count": 4
        },
        "3DBall.IsTraining.mean": {
            "value": 1.0,
            "min": 1.0,
            "max": 1.0,
            "count": 4
        },
        "3DBall.IsTraining.sum": {
            "value": 1.0,
            "min": 1.0,
            "max": 1.0,
            "count": 4
        }
    },
    "metadata": {
        "timer_format_version": "0.1.0",
        "start_time_seconds": "1765208263",
        "python_version": "3.10.11 (tags/v3.10.11:7d4cc5a, Apr  5 2023, 00:38:17) [MSC v.1929 64 bit (AMD64)]",
        "command_line_arguments": "C:\\Users\\moebn\\Documents\\University\\Project 2-1\\project_2_1_group_7\\venv\\Scripts\\mlagents-learn Config/training_config.yaml --run-id=run_batch_size66_buffer_size9700_learning_rate0.0002_beta0.0012_epsilon0.1 --time-scale=20 --env=3DBall_environment/UnityEnvironment.exe --no-graphics",
        "mlagents_version": "1.0.0",
        "mlagents_envs_version": "1.0.0",
        "communication_protocol_version": "1.5.0",
        "pytorch_version": "2.9.1+cpu",
        "numpy_version": "1.23.5",
        "end_time_seconds": "1765208295"
    },
    "total": 32.23163539997768,
    "count": 1,
    "self": 0.22123159997863695,
    "children": {
        "run_training.setup": {
            "total": 0.0881525999866426,
            "count": 1,
            "self": 0.0881525999866426
        },
        "TrainerController.start_learning": {
            "total": 31.922251200012397,
            "count": 1,
            "self": 0.05174959960277192,
            "children": {
                "TrainerController._reset_env": {
                    "total": 6.7012678000028245,
                    "count": 1,
                    "self": 6.7012678000028245
                },
                "TrainerController.advance": {
                    "total": 25.162403700407594,
                    "count": 5772,
                    "self": 0.04943070057197474,
                    "children": {
                        "env_step": {
                            "total": 14.029552398598753,
                            "count": 5772,
                            "self": 12.412369299825514,
                            "children": {
                                "SubprocessEnvManager._take_step": {
                                    "total": 1.5815240995725617,
                                    "count": 5772,
                                    "self": 0.1230874995526392,
                                    "children": {
                                        "TorchPolicy.evaluate": {
                                            "total": 1.4584366000199225,
                                            "count": 4181,
                                            "self": 1.4584366000199225
                                        }
                                    }
                                },
                                "workers": {
                                    "total": 0.0356589992006775,
                                    "count": 5772,
                                    "self": 0.0,
                                    "children": {
                                        "worker_root": {
                                            "total": 25.729431400890462,
                                            "count": 5772,
                                            "is_parallel": true,
                                            "self": 16.37782980094198,
                                            "children": {
                                                "steps_from_proto": {
                                                    "total": 0.0002798000059556216,
                                                    "count": 1,
                                                    "is_parallel": true,
                                                    "self": 9.600000339560211e-05,