{
    "name": "root",
    "gauges": {
        "3DBall.Policy.Entropy.mean": {
            "value": 1.401772379875183,
            "min": 1.401772379875183,
            "max": 1.4197700023651123,
            "count": 4
        },
        "3DBall.Policy.Entropy.sum": {
            "value": 16905.375,
            "min": 16905.375,
            "max": 17180.50390625,
            "count": 4
        },
        "3DBall.Environment.EpisodeLength.mean": {
            "value": 32.05785123966942,
            "min": 21.515947467166978,
            "max": 32.05785123966942,
            "count": 4
        },
        "3DBall.Environment.EpisodeLength.sum": {
            "value": 11637.0,
            "min": 11468.0,
            "max": 11637.0,
            "count": 4
        },
        "3DBall.Step.mean": {
            "value": 47979.0,
            "min": 11983.0,
            "max": 47979.0,
            "count": 4
        },
        "3DBall.Step.sum": {
            "value": 47979.0,
            "min": 11983.0,
            "max": 47979.0,
            "count": 4
        },
        "3DBall.Policy.ExtrinsicValueEstimate.mean": {
            "value": 0.5057180523872375,
            "min": 0.2012152373790741,
            "max": 0.5057180523872375,
            "count": 4
        },
        "3DBall.Policy.ExtrinsicValueEstimate.sum": {
            "value": 183.57565307617188,
            "min": 102.01612854003906,
            "max": 183.57565307617188,
            "count": 4
        },
        "3DBall.Environment.CumulativeReward.mean": {
            "value": 2.2016528381789024,
            "min": 1.152443576127963,
            "max": 2.2016528381789024,
            "count": 4
        },
        "3DBall.Environment.CumulativeReward.sum": {
            "value": 799.1999802589417,
            "min": 613.0999825000763,
            "max": 799.1999802589417,
            "count": 4
        },
        "3DBall.Policy.ExtrinsicReward.mean": {
            "value": 2.2016528381789024,
            "min": 1.152443576127963,
            "max": 2.2016528381789024,
            "count": 4
        },
        "3DBall.Policy.ExtrinsicReward.sum": {
            "value": 799.1999802589417,
            "min": 613.0999825000763,
            "max": 799.1999802589417,
            "count": 4
        },
        "3DBall.IsTraining.mean": {
            "value": 1.0,
            "min": 1.0,
            "max": 1.0,
            "count": 4
        },
        "3DBall.IsTraining.sum": {
            "value": 1.0,
            "min": 1.0,
            "max": 1.0,
            "count": 4
        },
        "3DBall.Losses.PolicyLoss.mean": {
            "value": 0.12786506808492684,
            "min": 0.12507709307726123,
            "max": 0.12786506808492684,
            "count": 3
        },
        "3DBall.Losses.PolicyLoss.sum": {
            "value": 0.12786506808492684,
            "min": 0.12507709307726123,
            "max": 0.12786506808492684,
            "count": 3
        },
        "3DBall.Losses.ValueLoss.mean": {
            "value": 0.32260270324116624,
            "min": 0.22828450398499076,
            "max": 0.36920405757381164,
            "count": 3
        },
        "3DBall.Losses.ValueLoss.sum": {
            "value": 0.32260270324116624,
            "min": 0.22828450398499076,
            "max": 0.36920405757381164,
            "count": 3
        },
        "3DBall.Policy.LearningRate.mean": {
            "value": 0.00018546400726800004,
            "min": 0.00018546400726800004,
            "max": 0.00019515600242199998,
            "count": 3
        },
        "3DBall.Policy.LearningRate.sum": {
            "value": 0.00018546400726800004,
            "min": 0.00018546400726800004,
            "max": 0.00019515600242199998,
            "count": 3
        },
        "3DBall.Policy.Epsilon.mean": {
            "value": 0.23909799999999992,
            "min": 0.23909799999999992,
            "max": 0.2463670000000001,
            "count": 3
        },
        "3DBall.Policy.Epsilon.sum": {
            "value": 0.23909799999999992,
            "min": 0.23909799999999992,
            "max": 0.2463670000000001,
            "count": 3
        },
        "3DBall.Policy.Beta.mean": {
            "value": 0.0012062427999999998,
            "min": 0.0012062427999999998,
            "max": 0.0012687562,
            "count": 3
        },
        "3DBall.Policy.Beta.sum": {
            "value": 0.0012062427999999998,
            "min": 0.0012062427999999998,
            "max": 0.0012687562,
            "count": 3
        }
    },
    "metadata": {
        "timer_format_version": "0.1.0",
        "start_time_seconds": "1765107453",
        "python_version": "3.10.11 (tags/v3.10.11:7d4cc5a, Apr  5 2023, 00:38:17) [MSC v.1929 64 bit (AMD64)]",
        "command_line_arguments": "C:\\Users\\moebn\\Documents\\University\\Project 2-1\\project_2_1_group_7\\venv\\Scripts\\mlagents-learn Config/training_config.yaml --run-id=run_batch_size40_buffer_size12100_learning_rate0.0002_beta0.0013_epsilon0.25 --time-scale=20 --env=3DBall_environment/UnityEnvironment.exe --no-graphics",
        "mlagents_version": "1.0.0",
        "mlagents_envs_version": "1.0.0",
        "communication_protocol_version": "1.5.0",
        "pytorch_version": "2.9.1+cpu",
        "numpy_version": "1.23.5",
        "end_time_seconds": "1765107483"
    },
    "total": 30.55775489998632,
    "count": 1,
    "self": 0.15144359998521395,
    "children": {
        "run_training.setup": {
            "total": 0.06898630000068806,
            "count": 1,
            "self": 0.06898630000068806
        },
        "TrainerController.start_learning": {
            "total": 30.33732500000042,
            "count": 1,
            "self": 0.047322300932137296,
            "children": {
                "TrainerController._reset_env": {
                    "total": 3.4278480999928433,
                    "count": 1,
                    "self": 3.4278480999928433
                },
                "TrainerController.advance": {
                    "total": 26.855729499075096,
                    "count": 5656,
                    "self": 0.046246999118011445,
                    "children": {
                        "env_step": {
                            "total": 14.117510398791637,
                            "count": 5656,
                            "self": 12.616447798674926,
                            "children": {
                                "SubprocessEnvManager._take_step": {
                                    "total": 1.4680025004490744,
                                    "count": 5656,
                                    "self": 0.12073299888288602,
                                    "children": {
                                        "TorchPolicy.evaluate": {
                                            "total": 1.3472695015661884,
                                            "count": 4194,
                                            "self": 1.3472695015661884
                                        }
                                    }
                                },
                                "workers": {
                                    "total": 0.03306009966763668,
                                    "count": 5656,
                                    "self": 0.0,
                                    "children": {
                                        "worker_root": {
                                            "total": 27.455614999256795,
                                            "count": 5656,
                                            "is_parallel": true,
                                            "self": 17.789521698636236,
                                            "children": {
                                                "steps_from_proto": {
                                                    "total": 0.00024190000840462744,
                                                    "count": 1,