{
    "name": "root",
    "gauges": {
        "3DBall.Policy.Entropy.mean": {
            "value": 1.4094222784042358,
            "min": 1.4094222784042358,
            "max": 1.4193377494812012,
            "count": 4
        },
        "3DBall.Policy.Entropy.sum": {
            "value": 17335.89453125,
            "min": 17002.068359375,
            "max": 17379.9296875,
            "count": 4
        },
        "3DBall.Environment.EpisodeLength.mean": {
            "value": 49.2625,
            "min": 22.53529411764706,
            "max": 49.2625,
            "count": 4
        },
        "3DBall.Environment.EpisodeLength.sum": {
            "value": 11823.0,
            "min": 11493.0,
            "max": 11823.0,
            "count": 4
        },
        "3DBall.Step.mean": {
            "value": 47996.0,
            "min": 11966.0,
            "max": 47996.0,
            "count": 4
        },
        "3DBall.Step.sum": {
            "value": 47996.0,
            "min": 11966.0,
            "max": 47996.0,
            "count": 4
        },
        "3DBall.Policy.ExtrinsicValueEstimate.mean": {
            "value": 1.0598300695419312,
            "min": -0.15879032015800476,
            "max": 1.0598300695419312,
            "count": 4
        },
        "3DBall.Policy.ExtrinsicValueEstimate.sum": {
            "value": 254.35922241210938,
            "min": -80.82427215576172,
            "max": 254.35922241210938,
            "count": 4
        },
        "3DBall.Environment.CumulativeReward.mean": {
            "value": 3.915416861573855,
            "min": 1.2508840368866687,
            "max": 3.915416861573855,
            "count": 4
        },
        "3DBall.Environment.CumulativeReward.sum": {
            "value": 939.7000467777252,
            "min": 636.6999747753143,
            "max": 939.7000467777252,
            "count": 4
        },
        "3DBall.Policy.ExtrinsicReward.mean": {
            "value": 3.915416861573855,
            "min": 1.2508840368866687,
            "max": 3.915416861573855,
            "count": 4
        },
        "3DBall.Policy.ExtrinsicReward.sum": {
            "value": 939.7000467777252,
            "min": 636.6999747753143,
            "max": 939.7000467777252,
            "count": 4
        },
        "3DBall.Losses.PolicyLoss.mean": {
            "value": 0.15409942369245394,
            "min": 0.15235147837104662,
            "max": 0.1576605090195192,
            "count": 4
        },
        "3DBall.Losses.PolicyLoss.sum": {
            "value": 0.3081988473849079,
            "min": 0.15568030835102373,
            "max": 0.3081988473849079,
            "count": 4
        },
        "3DBall.Losses.ValueLoss.mean": {
            "value": 0.94916394506079,
            "min": 0.35350176018191515,
            "max": 0.94916394506079,
            "count": 4
        },
        "3DBall.Losses.ValueLoss.sum": {
            "value": 1.89832789012158,
            "min": 0.4309370579956349,
            "max": 1.89832789012158,
            "count": 4
        },
        "3DBall.Policy.LearningRate.mean": {
            "value": 9.19483080517e-05,
            "min": 9.19483080517e-05,
            "max": 9.853820146179996e-05,
            "count": 4
        },
        "3DBall.Policy.LearningRate.sum": {
            "value": 0.0001838966161034,
            "min": 9.414740585260001e-05,
            "max": 0.000192687007313,
            "count": 4
        },
        "3DBall.Policy.Epsilon.mean": {
            "value": 0.1919483,
            "min": 0.1919483,
            "max": 0.1985382,
            "count": 4
        },
        "3DBall.Policy.Epsilon.sum": {
            "value": 0.3838966,
            "min": 0.19414740000000003,
            "max": 0.392687,
            "count": 4
        },
        "3DBall.Policy.Beta.mean": {
            "value": 0.0010122364699999998,
            "min": 0.0010122364699999998,
            "max": 0.00108406638,
            "count": 4
        },
        "3DBall.Policy.Beta.sum": {
            "value": 0.0020244729399999995,
            "min": 0.0010362066600000004,
            "max": 0.0021202883000000002,
            "count": 4
        },
        "3DBall.IsTraining.mean": {
            "value": 1.0,
            "min": 1.0,
            "max": 1.0,
            "count": 4
        },
        "3DBall.IsTraining.sum": {
            "value": 1.0,
            "min": 1.0,
            "max": 1.0,
            "count": 4
        }
    },
    "metadata": {
        "timer_format_version": "0.1.0",
        "start_time_seconds": "1765047504",
        "python_version": "3.10.11 (tags/v3.10.11:7d4cc5a, Apr  5 2023, 00:38:17) [MSC v.1929 64 bit (AMD64)]",
        "command_line_arguments": "C:\\Users\\moebn\\Documents\\University\\Project 2-1\\project_2_1_group_7\\venv\\Scripts\\mlagents-learn Config/training_config.yaml --run-id=run_batch_size27_buffer_size7300_learning_rate0.0001_beta0.0011_epsilon0.2 --time-scale=20 --env=3DBall_environment/UnityEnvironment.exe --no-graphics",
        "mlagents_version": "1.0.0",
        "mlagents_envs_version": "1.0.0",
        "communication_protocol_version": "1.5.0",
        "pytorch_version": "2.9.1+cpu",
        "numpy_version": "1.23.5",
        "end_time_seconds": "1765047538"
    },
    "total": 33.30631249998987,
    "count": 1,
    "self": 0.15307989998837002,
    "children": {
        "run_training.setup": {
            "total": 0.06609779999416787,
            "count": 1,
            "self": 0.06609779999416787
        },
        "TrainerController.start_learning": {
            "total": 33.087134800007334,
            "count": 1,
            "self": 0.04761609935667366,
            "children": {
                "TrainerController._reset_env": {
                    "total": 3.4065198000025703,
                    "count": 1,
                    "self": 3.4065198000025703
                },
                "TrainerController.advance": {
                    "total": 29.62660650064936,
                    "count": 5496,
                    "self": 0.04742110091319773,
                    "children": {
                        "env_step": {
                            "total": 13.951944799817284,
                            "count": 5496,
                            "self": 12.471433199345483,
                            "children": {
                                "SubprocessEnvManager._take_step": {
                                    "total": 1.4478793003945611,
                                    "count": 5496,
                                    "self": 0.12224670025170781,
                                    "children": {
                                        "TorchPolicy.evaluate": {
                                            "total": 1.3256326001428533,
                                            "count": 4244,
                                            "self": 1.3256326001428533
                                        }
                                    }
                                },
                                "workers": {
                                    "total": 0.03263230007723905,
                                    "count": 5496,
                                    "self": 0.0,
                                    "children": {
                                        "worker_root": {
                                            "total": 30.202810000191675,
                                            "count": 5496,
                                            "is_parallel": true,
                                            "self": 20.706870900976355,
                                            "children": {
                                                "steps_from_proto": {
                                                    "total": 0.00024480000138282776,
                                                    "count": 1,
                                                    "is_parallel": true,