{
    "name": "root",
    "gauges": {
        "3DBall.Policy.Entropy.mean": {
            "value": 1.3126896619796753,
            "min": 1.3126896619796753,
            "max": 1.39817476272583,
            "count": 4
        },
        "3DBall.Policy.Entropy.sum": {
            "value": 17941.841796875,
            "min": 16951.90625,
            "max": 19092.646484375,
            "count": 4
        },
        "3DBall.Environment.EpisodeLength.mean": {
            "value": 306.05128205128204,
            "min": 26.41002277904328,
            "max": 306.05128205128204,
            "count": 4
        },
        "3DBall.Environment.EpisodeLength.sum": {
            "value": 11936.0,
            "min": 11594.0,
            "max": 12235.0,
            "count": 4
        },
        "3DBall.Step.mean": {
            "value": 47744.0,
            "min": 11995.0,
            "max": 47744.0,
            "count": 4
        },
        "3DBall.Step.sum": {
            "value": 47744.0,
            "min": 11995.0,
            "max": 47744.0,
            "count": 4
        },
        "3DBall.Policy.ExtrinsicValueEstimate.mean": {
            "value": 6.601449966430664,
            "min": 0.1758182793855667,
            "max": 6.601449966430664,
            "count": 4
        },
        "3DBall.Policy.ExtrinsicValueEstimate.sum": {
            "value": 257.45654296875,
            "min": 77.00840759277344,
            "max": 300.8316345214844,
            "count": 4
        },
        "3DBall.Environment.CumulativeReward.mean": {
            "value": 29.75385039891952,
            "min": 1.638584425460258,
            "max": 29.75385039891952,
            "count": 4
        },
        "3DBall.Environment.CumulativeReward.sum": {
            "value": 1160.4001655578613,
            "min": 717.699978351593,
            "max": 1160.4001655578613,
            "count": 4
        },
        "3DBall.Policy.ExtrinsicReward.mean": {
            "value": 29.75385039891952,
            "min": 1.638584425460258,
            "max": 29.75385039891952,
            "count": 4
        },
        "3DBall.Policy.ExtrinsicReward.sum": {
            "value": 1160.4001655578613,
            "min": 717.699978351593,
            "max": 1160.4001655578613,
            "count": 4
        },
        "3DBall.Losses.PolicyLoss.mean": {
            "value": 0.7428146594885852,
            "min": 0.7428146594885852,
            "max": 0.8416313295811729,
            "count": 4
        },
        "3DBall.Losses.PolicyLoss.sum": {
            "value": 2.9712586379543406,
            "min": 2.9712586379543406,
            "max": 4.208156647905865,
            "count": 4
        },
        "3DBall.Losses.ValueLoss.mean": {
            "value": 3.482876375543454,
            "min": 0.2718427220906135,
            "max": 3.482876375543454,
            "count": 4
        },
        "3DBall.Losses.ValueLoss.sum": {
            "value": 13.931505502173817,
            "min": 1.087370888362454,
            "max": 13.931505502173817,
            "count": 4
        },
        "3DBall.Policy.LearningRate.mean": {
            "value": 0.00036548820862795006,
            "min": 0.00036548820862795006,
            "max": 0.0003949598012600501,
            "count": 4
        },
        "3DBall.Policy.LearningRate.sum": {
            "value": 0.0014619528345118002,
            "min": 0.0014619528345118002,
            "max": 0.0019295088176228001,
            "count": 4
        },
        "3DBall.Policy.Epsilon.mean": {
            "value": 0.10000000000000002,
            "min": 0.1,
            "max": 0.10000000000000002,
            "count": 4
        },
        "3DBall.Policy.Epsilon.sum": {
            "value": 0.4000000000000001,
            "min": 0.4,
            "max": 0.5000000000000001,
            "count": 4
        },
        "3DBall.Policy.Beta.mean": {
            "value": 0.0009145832950000001,
            "min": 0.0009145832950000001,
            "max": 0.0009875255049999997,
            "count": 4
        },
        "3DBall.Policy.Beta.sum": {
            "value": 0.0036583331800000003,
            "min": 0.0036583331800000003,
            "max": 0.00482553428,
            "count": 4
        },
        "3DBall.IsTraining.mean": {
            "value": 1.0,
            "min": 1.0,
            "max": 1.0,
            "count": 4
        },
        "3DBall.IsTraining.sum": {
            "value": 1.0,
            "min": 1.0,
            "max": 1.0,
            "count": 4
        }
    },
    "metadata": {
        "timer_format_version": "0.1.0",
        "start_time_seconds": "1764623168",
        "python_version": "3.10.11 (tags/v3.10.11:7d4cc5a, Apr  5 2023, 00:38:17) [MSC v.1929 64 bit (AMD64)]",
        "command_line_arguments": "C:\\Users\\moebn\\Documents\\University\\Project 2-1\\project_2_1_group_7\\venv\\Scripts\\mlagents-learn Config/training_config.yaml --run-id=run_batch_size1_buffer_size2500_learning_rate0.0004_beta0.001_epsilon0.1 --time-scale=20 --env=3DBall_environment/UnityEnvironment.exe --no-graphics",
        "mlagents_version": "1.0.0",
        "mlagents_envs_version": "1.0.0",
        "communication_protocol_version": "1.5.0",
        "pytorch_version": "2.9.1+cpu",
        "numpy_version": "1.23.5",
        "end_time_seconds": "1764623440"
    },
    "total": 271.548483999999,
    "count": 1,
    "self": 0.18985980000070413,
    "children": {
        "run_training.setup": {
            "total": 0.06205469999986235,
            "count": 1,
            "self": 0.06205469999986235
        },
        "TrainerController.start_learning": {
            "total": 271.29656949999844,
            "count": 1,
            "self": 0.043186800055991625,
            "children": {
                "TrainerController._reset_env": {
                    "total": 7.464245900000606,
                    "count": 1,
                    "self": 7.464245900000606
                },
                "TrainerController.advance": {
                    "total": 263.7824572999416,
                    "count": 5160,
                    "self": 0.04206360005628085,
                    "children": {
                        "env_step": {
                            "total": 14.399145099963789,
                            "count": 5160,
                            "self": 12.572006799999144,
                            "children": {
                                "SubprocessEnvManager._take_step": {
                                    "total": 1.7963983999925404,
                                    "count": 5160,
                                    "self": 0.12675000002855086,
                                    "children": {
                                        "TorchPolicy.evaluate": {
                                            "total": 1.6696483999639895,
                                            "count": 4519,
                                            "self": 1.6696483999639895
                                        }
                                    }
                                },
                                "workers": {
                                    "total": 0.030739899972104467,
                                    "count": 5160,
                                    "self": 0.0,
                                    "children": {
                                        "worker_root": {
                                            "total": 264.3708551999407,
                                            "count": 5160,
                                            "is_parallel": true,
                                            "self": 254.629335399919,
                                            "children": {
                                                "steps_from_proto": {
                                                    "total": 0.0003632000007200986,
                                                    "count": 1,