{
    "name": "root",
    "gauges": {
        "3DBall.Policy.Entropy.mean": {
            "value": 1.4049742221832275,
            "min": 1.4049742221832275,
            "max": 1.4189382791519165,
            "count": 4
        },
        "3DBall.Policy.Entropy.sum": {
            "value": 17011.427734375,
            "min": 16805.57421875,
            "max": 17282.66796875,
            "count": 4
        },
        "3DBall.Environment.EpisodeLength.mean": {
            "value": 25.991011235955057,
            "min": 22.300387596899224,
            "max": 25.991011235955057,
            "count": 4
        },
        "3DBall.Environment.EpisodeLength.sum": {
            "value": 11566.0,
            "min": 11481.0,
            "max": 11566.0,
            "count": 4
        },
        "3DBall.Step.mean": {
            "value": 47997.0,
            "min": 11995.0,
            "max": 47997.0,
            "count": 4
        },
        "3DBall.Step.sum": {
            "value": 47997.0,
            "min": 11995.0,
            "max": 47997.0,
            "count": 4
        },
        "3DBall.Policy.ExtrinsicValueEstimate.mean": {
            "value": 0.26218181848526,
            "min": -0.36869016289711,
            "max": 0.26218181848526,
            "count": 4
        },
        "3DBall.Policy.ExtrinsicValueEstimate.sum": {
            "value": 116.67091369628906,
            "min": -189.87542724609375,
            "max": 116.67091369628906,
            "count": 4
        },
        "3DBall.Environment.CumulativeReward.mean": {
            "value": 1.5964044447695271,
            "min": 1.229126173084222,
            "max": 1.5964044447695271,
            "count": 4
        },
        "3DBall.Environment.CumulativeReward.sum": {
            "value": 710.3999779224396,
            "min": 632.9999791383743,
            "max": 710.3999779224396,
            "count": 4
        },
        "3DBall.Policy.ExtrinsicReward.mean": {
            "value": 1.5964044447695271,
            "min": 1.229126173084222,
            "max": 1.5964044447695271,
            "count": 4
        },
        "3DBall.Policy.ExtrinsicReward.sum": {
            "value": 710.3999779224396,
            "min": 632.9999791383743,
            "max": 710.3999779224396,
            "count": 4
        },
        "3DBall.IsTraining.mean": {
            "value": 1.0,
            "min": 1.0,
            "max": 1.0,
            "count": 4
        },
        "3DBall.IsTraining.sum": {
            "value": 1.0,
            "min": 1.0,
            "max": 1.0,
            "count": 4
        },
        "3DBall.Losses.PolicyLoss.mean": {
            "value": 0.11123545286476982,
            "min": 0.11123545286476982,
            "max": 0.11443459353337454,
            "count": 2
        },
        "3DBall.Losses.PolicyLoss.sum": {
            "value": 0.11123545286476982,
            "min": 0.11123545286476982,
            "max": 0.11443459353337454,
            "count": 2
        },
        "3DBall.Losses.ValueLoss.mean": {
            "value": 0.2724774002946995,
            "min": 0.2724774002946995,
            "max": 0.335024314362815,
            "count": 2
        },
        "3DBall.Losses.ValueLoss.sum": {
            "value": 0.2724774002946995,
            "min": 0.2724774002946995,
            "max": 0.335024314362815,
            "count": 2
        },
        "3DBall.Policy.LearningRate.mean": {
            "value": 9.227280772720003e-05,
            "min": 9.227280772720003e-05,
            "max": 9.61336038664e-05,
            "count": 2
        },
        "3DBall.Policy.LearningRate.sum": {
            "value": 9.227280772720003e-05,
            "min": 9.227280772720003e-05,
            "max": 9.61336038664e-05,
            "count": 2
        },
        "3DBall.Policy.Epsilon.mean": {
            "value": 0.2384092,
            "min": 0.2384092,
            "max": 0.2442004,
            "count": 2
        },
        "3DBall.Policy.Epsilon.sum": {
            "value": 0.2384092,
            "min": 0.2384092,
            "max": 0.2442004,
            "count": 2
        },
        "3DBall.Policy.Beta.mean": {
            "value": 0.00110804632,
            "min": 0.00110804632,
            "max": 0.0011539898399999995,
            "count": 2
        },
        "3DBall.Policy.Beta.sum": {
            "value": 0.00110804632,
            "min": 0.00110804632,
            "max": 0.0011539898399999995,
            "count": 2
        }
    },
    "metadata": {
        "timer_format_version": "0.1.0",
        "start_time_seconds": "1765163459",
        "python_version": "3.10.11 (tags/v3.10.11:7d4cc5a, Apr  5 2023, 00:38:17) [MSC v.1929 64 bit (AMD64)]",
        "command_line_arguments": "C:\\Users\\moebn\\Documents\\University\\Project 2-1\\project_2_1_group_7\\venv\\Scripts\\mlagents-learn Config/training_config.yaml --run-id=run_batch_size53_buffer_size19300_learning_rate0.0001_beta0.0012_epsilon0.25 --time-scale=20 --env=3DBall_environment/UnityEnvironment.exe --no-graphics",
        "mlagents_version": "1.0.0",
        "mlagents_envs_version": "1.0.0",
        "communication_protocol_version": "1.5.0",
        "pytorch_version": "2.9.1+cpu",
        "numpy_version": "1.23.5",
        "end_time_seconds": "1765163487"
    },
    "total": 27.488135699997656,
    "count": 1,
    "self": 0.18609799997648224,
    "children": {
        "run_training.setup": {
            "total": 0.07127879999461584,
            "count": 1,
            "self": 0.07127879999461584
        },
        "TrainerController.start_learning": {
            "total": 27.230758900026558,
            "count": 1,
            "self": 0.04993679927429184,
            "children": {
                "TrainerController._reset_env": {
                    "total": 3.498663399979705,
                    "count": 1,
                    "self": 3.498663399979705
                },
                "TrainerController.advance": {
                    "total": 23.675602100789547,
                    "count": 5712,
                    "self": 0.04840330104343593,
                    "children": {
                        "env_step": {
                            "total": 14.1075532999821,
                            "count": 5712,
                            "self": 12.6419034008577,
                            "children": {
                                "SubprocessEnvManager._take_step": {
                                    "total": 1.431358898698818,
                                    "count": 5712,
                                    "self": 0.12105179869104177,
                                    "children": {
                                        "TorchPolicy.evaluate": {
                                            "total": 1.3103071000077762,
                                            "count": 4186,
                                            "self": 1.3103071000077762
                                        }
                                    }
                                },
                                "workers": {
                                    "total": 0.03429100042558275,
                                    "count": 5712,
                                    "self": 0.0,
                                    "children": {
                                        "worker_root": {
                                            "total": 24.19705229855026,
                                            "count": 5712,
                                            "is_parallel": true,
                                            "self": 14.616776398877846,
                                            "children": {
                                                "steps_from_proto": {
                                                    "total": 0.000305800000205636,
                                                    "count": 1,
                                                    "is_parallel": true,