{
    "name": "root",
    "gauges": {
        "3DBall.Policy.Entropy.mean": {
            "value": 1.4097295999526978,
            "min": 1.4097295999526978,
            "max": 1.4189778566360474,
            "count": 4
        },
        "3DBall.Policy.Entropy.sum": {
            "value": 16967.505859375,
            "min": 16967.505859375,
            "max": 17195.87890625,
            "count": 4
        },
        "3DBall.Environment.EpisodeLength.mean": {
            "value": 27.910843373493975,
            "min": 21.38992537313433,
            "max": 27.910843373493975,
            "count": 4
        },
        "3DBall.Environment.EpisodeLength.sum": {
            "value": 11583.0,
            "min": 11465.0,
            "max": 11583.0,
            "count": 4
        },
        "3DBall.Step.mean": {
            "value": 47970.0,
            "min": 11978.0,
            "max": 47970.0,
            "count": 4
        },
        "3DBall.Step.sum": {
            "value": 47970.0,
            "min": 11978.0,
            "max": 47970.0,
            "count": 4
        },
        "3DBall.Policy.ExtrinsicValueEstimate.mean": {
            "value": 0.4426548182964325,
            "min": -0.10523466765880585,
            "max": 0.4426548182964325,
            "count": 4
        },
        "3DBall.Policy.ExtrinsicValueEstimate.sum": {
            "value": 183.70175170898438,
            "min": -56.3005485534668,
            "max": 183.70175170898438,
            "count": 4
        },
        "3DBall.Environment.CumulativeReward.mean": {
            "value": 1.7874698208039066,
            "min": 1.138878476731131,
            "max": 1.7874698208039066,
            "count": 4
        },
        "3DBall.Environment.CumulativeReward.sum": {
            "value": 741.7999756336212,
            "min": 609.2999850511551,
            "max": 741.7999756336212,
            "count": 4
        },
        "3DBall.Policy.ExtrinsicReward.mean": {
            "value": 1.7874698208039066,
            "min": 1.138878476731131,
            "max": 1.7874698208039066,
            "count": 4
        },
        "3DBall.Policy.ExtrinsicReward.sum": {
            "value": 741.7999756336212,
            "min": 609.2999850511551,
            "max": 741.7999756336212,
            "count": 4
        },
        "3DBall.Losses.PolicyLoss.mean": {
            "value": 0.10709976105856835,
            "min": 0.10709976105856835,
            "max": 0.11257630026855171,
            "count": 4
        },
        "3DBall.Losses.PolicyLoss.sum": {
            "value": 0.10709976105856835,
            "min": 0.10709976105856835,
            "max": 0.11257630026855171,
            "count": 4
        },
        "3DBall.Losses.ValueLoss.mean": {
            "value": 0.3820440034723021,
            "min": 0.15145517459549757,
            "max": 0.3820440034723021,
            "count": 4
        },
        "3DBall.Losses.ValueLoss.sum": {
            "value": 0.3820440034723021,
            "min": 0.15145517459549757,
            "max": 0.3820440034723021,
            "count": 4
        },
        "3DBall.Policy.LearningRate.mean": {
            "value": 0.00036893280776680005,
            "min": 0.00036893280776680005,
            "max": 0.0003922392019402001,
            "count": 4
        },
        "3DBall.Policy.LearningRate.sum": {
            "value": 0.00036893280776680005,
            "min": 0.00036893280776680005,
            "max": 0.0003922392019402001,
            "count": 4
        },
        "3DBall.Policy.Epsilon.mean": {
            "value": 0.09999999999999998,
            "min": 0.09999999999999998,
            "max": 0.09999999999999998,
            "count": 4
        },
        "3DBall.Policy.Epsilon.sum": {
            "value": 0.09999999999999998,
            "min": 0.09999999999999998,
            "max": 0.09999999999999998,
            "count": 4
        },
        "3DBall.Policy.Beta.mean": {
            "value": 0.00101534188,
            "min": 0.00101534188,
            "max": 0.00107885182,
            "count": 4
        },
        "3DBall.Policy.Beta.sum": {
            "value": 0.00101534188,
            "min": 0.00101534188,
            "max": 0.00107885182,
            "count": 4
        },
        "3DBall.IsTraining.mean": {
            "value": 1.0,
            "min": 1.0,
            "max": 1.0,
            "count": 4
        },
        "3DBall.IsTraining.sum": {
            "value": 1.0,
            "min": 1.0,
            "max": 1.0,
            "count": 4
        }
    },
    "metadata": {
        "timer_format_version": "0.1.0",
        "start_time_seconds": "1765147295",
        "python_version": "3.10.11 (tags/v3.10.11:7d4cc5a, Apr  5 2023, 00:38:17) [MSC v.1929 64 bit (AMD64)]",
        "command_line_arguments": "C:\\Users\\moebn\\Documents\\University\\Project 2-1\\project_2_1_group_7\\venv\\Scripts\\mlagents-learn Config/training_config.yaml --run-id=run_batch_size53_buffer_size9700_learning_rate0.0004_beta0.0011_epsilon0.1 --time-scale=20 --env=3DBall_environment/UnityEnvironment.exe --no-graphics",
        "mlagents_version": "1.0.0",
        "mlagents_envs_version": "1.0.0",
        "communication_protocol_version": "1.5.0",
        "pytorch_version": "2.9.1+cpu",
        "numpy_version": "1.23.5",
        "end_time_seconds": "1765147326"
    },
    "total": 30.880551400012337,
    "count": 1,
    "self": 0.20571390000986867,
    "children": {
        "run_training.setup": {
            "total": 0.07508849998703226,
            "count": 1,
            "self": 0.07508849998703226
        },
        "TrainerController.start_learning": {
            "total": 30.599749000015436,
            "count": 1,
            "self": 0.04949499911163002,
            "children": {
                "TrainerController._reset_env": {
                    "total": 4.877442199998768,
                    "count": 1,
                    "self": 4.877442199998768
                },
                "TrainerController.advance": {
                    "total": 25.666228700894862,
                    "count": 5677,
                    "self": 0.048494498478248715,
                    "children": {
                        "env_step": {
                            "total": 14.124964500544593,
                            "count": 5677,
                            "self": 12.594432299607433,
                            "children": {
                                "SubprocessEnvManager._take_step": {
                                    "total": 1.4959538016410079,
                                    "count": 5677,
                                    "self": 0.12050820182776079,
                                    "children": {
                                        "TorchPolicy.evaluate": {
                                            "total": 1.375445599813247,
                                            "count": 4187,
                                            "self": 1.375445599813247
                                        }
                                    }
                                },
                                "workers": {
                                    "total": 0.034578399296151474,
                                    "count": 5677,
                                    "self": 0.0,
                                    "children": {
                                        "worker_root": {
                                            "total": 26.242107599275187,
                                            "count": 5677,
                                            "is_parallel": true,
                                            "self": 16.674924100749195,
                                            "children": {
                                                "steps_from_proto": {
                                                    "total": 0.00025409998488612473,
                                                    "count": 1,