{
    "name": "root",
    "gauges": {
        "3DBall.Policy.Entropy.mean": {
            "value": 1.3892635107040405,
            "min": 1.3892635107040405,
            "max": 1.4189382791519165,
            "count": 4
        },
        "3DBall.Policy.Entropy.sum": {
            "value": 16804.53125,
            "min": 16804.53125,
            "max": 17333.75,
            "count": 4
        },
        "3DBall.Environment.EpisodeLength.mean": {
            "value": 31.355795148247978,
            "min": 22.74703557312253,
            "max": 31.355795148247978,
            "count": 4
        },
        "3DBall.Environment.EpisodeLength.sum": {
            "value": 11633.0,
            "min": 11493.0,
            "max": 11633.0,
            "count": 4
        },
        "3DBall.Step.mean": {
            "value": 47952.0,
            "min": 11994.0,
            "max": 47952.0,
            "count": 4
        },
        "3DBall.Step.sum": {
            "value": 47952.0,
            "min": 11994.0,
            "max": 47952.0,
            "count": 4
        },
        "3DBall.Policy.ExtrinsicValueEstimate.mean": {
            "value": 0.39572134613990784,
            "min": -0.4421524405479431,
            "max": 0.39572134613990784,
            "count": 4
        },
        "3DBall.Policy.ExtrinsicValueEstimate.sum": {
            "value": 146.8126220703125,
            "min": -223.2869873046875,
            "max": 146.8126220703125,
            "count": 4
        },
        "3DBall.Environment.CumulativeReward.mean": {
            "value": 2.1293799963922835,
            "min": 1.2750494699666997,
            "max": 2.1293799963922835,
            "count": 4
        },
        "3DBall.Environment.CumulativeReward.sum": {
            "value": 789.9999786615372,
            "min": 643.8999823331833,
            "max": 789.9999786615372,
            "count": 4
        },
        "3DBall.Policy.ExtrinsicReward.mean": {
            "value": 2.1293799963922835,
            "min": 1.2750494699666997,
            "max": 2.1293799963922835,
            "count": 4
        },
        "3DBall.Policy.ExtrinsicReward.sum": {
            "value": 789.9999786615372,
            "min": 643.8999823331833,
            "max": 789.9999786615372,
            "count": 4
        },
        "3DBall.IsTraining.mean": {
            "value": 1.0,
            "min": 1.0,
            "max": 1.0,
            "count": 4
        },
        "3DBall.IsTraining.sum": {
            "value": 1.0,
            "min": 1.0,
            "max": 1.0,
            "count": 4
        },
        "3DBall.Losses.PolicyLoss.mean": {
            "value": 0.1569871761065646,
            "min": 0.156382107906386,
            "max": 0.1569871761065646,
            "count": 2
        },
        "3DBall.Losses.PolicyLoss.sum": {
            "value": 0.1569871761065646,
            "min": 0.156382107906386,
            "max": 0.1569871761065646,
            "count": 2
        },
        "3DBall.Losses.ValueLoss.mean": {
            "value": 0.24062560171277386,
            "min": 0.23269062058387938,
            "max": 0.24062560171277386,
            "count": 2
        },
        "3DBall.Losses.ValueLoss.sum": {
            "value": 0.24062560171277386,
            "min": 0.23269062058387938,
            "max": 0.24062560171277386,
            "count": 2
        },
        "3DBall.Policy.LearningRate.mean": {
            "value": 0.0002768166077278,
            "min": 0.0002768166077278,
            "max": 0.0002884158038613999,
            "count": 2
        },
        "3DBall.Policy.LearningRate.sum": {
            "value": 0.0002768166077278,
            "min": 0.0002768166077278,
            "max": 0.0002884158038613999,
            "count": 2
        },
        "3DBall.Policy.Epsilon.mean": {
            "value": 0.28454440000000014,
            "min": 0.28454440000000014,
            "max": 0.2922772,
            "count": 2
        },
        "3DBall.Policy.Epsilon.sum": {
            "value": 0.28454440000000014,
            "min": 0.28454440000000014,
            "max": 0.2922772,
            "count": 2
        },
        "3DBall.Policy.Beta.mean": {
            "value": 0.0011080391799999998,
            "min": 0.0011080391799999998,
            "max": 0.0011540493399999998,
            "count": 2
        },
        "3DBall.Policy.Beta.sum": {
            "value": 0.0011080391799999998,
            "min": 0.0011080391799999998,
            "max": 0.0011540493399999998,
            "count": 2
        }
    },
    "metadata": {
        "timer_format_version": "0.1.0",
        "start_time_seconds": "1765075368",
        "python_version": "3.10.11 (tags/v3.10.11:7d4cc5a, Apr  5 2023, 00:38:17) [MSC v.1929 64 bit (AMD64)]",
        "command_line_arguments": "C:\\Users\\moebn\\Documents\\University\\Project 2-1\\project_2_1_group_7\\venv\\Scripts\\mlagents-learn Config/training_config.yaml --run-id=run_batch_size27_buffer_size19300_learning_rate0.0003_beta0.0012_epsilon0.3 --time-scale=20 --env=3DBall_environment/UnityEnvironment.exe --no-graphics",
        "mlagents_version": "1.0.0",
        "mlagents_envs_version": "1.0.0",
        "communication_protocol_version": "1.5.0",
        "pytorch_version": "2.9.1+cpu",
        "numpy_version": "1.23.5",
        "end_time_seconds": "1765075405"
    },
    "total": 37.34303419999196,
    "count": 1,
    "self": 0.21803939997334965,
    "children": {
        "run_training.setup": {
            "total": 0.06726410001283512,
            "count": 1,
            "self": 0.06726410001283512
        },
        "TrainerController.start_learning": {
            "total": 37.05773070000578,
            "count": 1,
            "self": 0.04934949979360681,
            "children": {
                "TrainerController._reset_env": {
                    "total": 9.357835699993302,
                    "count": 1,
                    "self": 9.357835699993302
                },
                "TrainerController.advance": {
                    "total": 27.64399020021665,
                    "count": 5625,
                    "self": 0.04707920002692845,
                    "children": {
                        "env_step": {
                            "total": 14.017438699956983,
                            "count": 5625,
                            "self": 12.559050399024272,
                            "children": {
                                "SubprocessEnvManager._take_step": {
                                    "total": 1.4247458007157547,
                                    "count": 5625,
                                    "self": 0.12042620097054169,
                                    "children": {
                                        "TorchPolicy.evaluate": {
                                            "total": 1.304319599745213,
                                            "count": 4184,
                                            "self": 1.304319599745213
                                        }
                                    }
                                },
                                "workers": {
                                    "total": 0.03364250021695625,
                                    "count": 5625,
                                    "self": 0.0,
                                    "children": {
                                        "worker_root": {
                                            "total": 28.183231099843397,
                                            "count": 5625,
                                            "is_parallel": true,
                                            "self": 18.57305360022292,
                                            "children": {
                                                "steps_from_proto": {
                                                    "total": 0.00030500000866595656,
                                                    "count": 1,