{
    "name": "root",
    "gauges": {
        "3DBall.Policy.Entropy.mean": {
            "value": 1.3632081747055054,
            "min": 1.3632081747055054,
            "max": 1.4144182205200195,
            "count": 4
        },
        "3DBall.Policy.Entropy.sum": {
            "value": 16358.498046875,
            "min": 16358.498046875,
            "max": 22129.419921875,
            "count": 4
        },
        "3DBall.Environment.EpisodeLength.mean": {
            "value": 960.1538461538462,
            "min": 29.793893129770993,
            "max": 973.25,
            "count": 4
        },
        "3DBall.Environment.EpisodeLength.sum": {
            "value": 12482.0,
            "min": 11679.0,
            "max": 12482.0,
            "count": 4
        },
        "3DBall.Step.mean": {
            "value": 47664.0,
            "min": 11963.0,
            "max": 47664.0,
            "count": 4
        },
        "3DBall.Step.sum": {
            "value": 47664.0,
            "min": 11963.0,
            "max": 47664.0,
            "count": 4
        },
        "3DBall.Policy.ExtrinsicValueEstimate.mean": {
            "value": 9.76032829284668,
            "min": 0.48367002606391907,
            "max": 9.76032829284668,
            "count": 4
        },
        "3DBall.Policy.ExtrinsicValueEstimate.sum": {
            "value": 126.88426971435547,
            "min": 114.47021484375,
            "max": 218.1679229736328,
            "count": 4
        },
        "3DBall.Environment.CumulativeReward.mean": {
            "value": 96.03078372661884,
            "min": 1.951785720428642,
            "max": 97.33334859212239,
            "count": 4
        },
        "3DBall.Environment.CumulativeReward.sum": {
            "value": 1248.400188446045,
            "min": 765.1000024080276,
            "max": 1248.400188446045,
            "count": 4
        },
        "3DBall.Policy.ExtrinsicReward.mean": {
            "value": 96.03078372661884,
            "min": 1.951785720428642,
            "max": 97.33334859212239,
            "count": 4
        },
        "3DBall.Policy.ExtrinsicReward.sum": {
            "value": 1248.400188446045,
            "min": 765.1000024080276,
            "max": 1248.400188446045,
            "count": 4
        },
        "3DBall.Losses.PolicyLoss.mean": {
            "value": 0.20436095325065992,
            "min": 0.20027448963734795,
            "max": 0.20559661272659624,
            "count": 4
        },
        "3DBall.Losses.PolicyLoss.sum": {
            "value": 2.656692392258579,
            "min": 2.467159352719155,
            "max": 20.027448963734795,
            "count": 4
        },
        "3DBall.Losses.ValueLoss.mean": {
            "value": 0.35844105383741515,
            "min": 0.35844105383741515,
            "max": 4.397890018019778,
            "count": 4
        },
        "3DBall.Losses.ValueLoss.sum": {
            "value": 4.659733699886397,
            "min": 4.659733699886397,
            "max": 145.13037059465267,
            "count": 4
        },
        "3DBall.Policy.LearningRate.mean": {
            "value": 0.00018325671606395381,
            "min": 0.00018325671606395381,
            "max": 0.000197645217177392,
            "count": 4
        },
        "3DBall.Policy.LearningRate.sum": {
            "value": 0.0023823373088313997,
            "min": 0.0022573416713292005,
            "max": 0.019764521717739198,
            "count": 4
        },
        "3DBall.Policy.Epsilon.mean": {
            "value": 0.2832567076923077,
            "min": 0.2832567076923077,
            "max": 0.297645216,
            "count": 4
        },
        "3DBall.Policy.Epsilon.sum": {
            "value": 3.6823372,
            "min": 3.4573415999999995,
            "max": 29.7645216,
            "count": 4
        },
        "3DBall.Policy.Beta.mean": {
            "value": 0.0011920057646153846,
            "min": 0.0011920057646153846,
            "max": 0.0012848116431999998,
            "count": 4
        },
        "3DBall.Policy.Beta.sum": {
            "value": 0.01549607494,
            "min": 0.014679853319999997,
            "max": 0.12848116431999998,
            "count": 4
        },
        "3DBall.IsTraining.mean": {
            "value": 1.0,
            "min": 1.0,
            "max": 1.0,
            "count": 4
        },
        "3DBall.IsTraining.sum": {
            "value": 1.0,
            "min": 1.0,
            "max": 1.0,
            "count": 4
        }
    },
    "metadata": {
        "timer_format_version": "0.1.0",
        "start_time_seconds": "1764905768",
        "python_version": "3.10.11 (tags/v3.10.11:7d4cc5a, Apr  5 2023, 00:38:17) [MSC v.1929 64 bit (AMD64)]",
        "command_line_arguments": "C:\\Users\\moebn\\Documents\\University\\Project 2-1\\project_2_1_group_7\\venv\\Scripts\\mlagents-learn Config/training_config.yaml --run-id=run_batch_size14_buffer_size100_learning_rate0.0002_beta0.0013_epsilon0.3 --time-scale=20 --env=3DBall_environment/UnityEnvironment.exe --no-graphics",
        "mlagents_version": "1.0.0",
        "mlagents_envs_version": "1.0.0",
        "communication_protocol_version": "1.5.0",
        "pytorch_version": "2.9.1+cpu",
        "numpy_version": "1.23.5",
        "end_time_seconds": "1764905810"
    },
    "total": 41.83696999998938,
    "count": 1,
    "self": 0.18900259998918045,
    "children": {
        "run_training.setup": {
            "total": 0.06557859999884386,
            "count": 1,
            "self": 0.06557859999884386
        },
        "TrainerController.start_learning": {
            "total": 41.582388800001354,
            "count": 1,
            "self": 0.04189400069299154,
            "children": {
                "TrainerController._reset_env": {
                    "total": 3.459819300012896,
                    "count": 1,
                    "self": 3.459819300012896
                },
                "TrainerController.advance": {
                    "total": 38.07445519929752,
                    "count": 5040,
                    "self": 0.04145109916862566,
                    "children": {
                        "env_step": {
                            "total": 14.542330199386925,
                            "count": 5040,
                            "self": 12.759282598446589,
                            "children": {
                                "SubprocessEnvManager._take_step": {
                                    "total": 1.7526253001269652,
                                    "count": 5040,
                                    "self": 0.13185580025310628,
                                    "children": {
                                        "TorchPolicy.evaluate": {
                                            "total": 1.6207694998738589,
                                            "count": 4683,
                                            "self": 1.6207694998738589
                                        }
                                    }
                                },
                                "workers": {
                                    "total": 0.030422300813370384,
                                    "count": 5040,
                                    "self": 0.0,
                                    "children": {
                                        "worker_root": {
                                            "total": 38.64392759972543,
                                            "count": 5040,
                                            "is_parallel": true,
                                            "self": 28.724528099555755,
                                            "children": {
                                                "steps_from_proto": {
                                                    "total": 0.00027689999842550606,
                                                    "count": 1,