{
    "name": "root",
    "gauges": {
        "3DBall.Policy.Entropy.mean": {
            "value": 1.417860507965088,
            "min": 1.417860507965088,
            "max": 1.4210401773452759,
            "count": 4
        },
        "3DBall.Policy.Entropy.sum": {
            "value": 17252.52734375,
            "min": 17069.53515625,
            "max": 17252.52734375,
            "count": 4
        },
        "3DBall.Environment.EpisodeLength.mean": {
            "value": 27.039719626168225,
            "min": 21.51782363977486,
            "max": 27.039719626168225,
            "count": 4
        },
        "3DBall.Environment.EpisodeLength.sum": {
            "value": 11573.0,
            "min": 11469.0,
            "max": 11573.0,
            "count": 4
        },
        "3DBall.Step.mean": {
            "value": 47978.0,
            "min": 11982.0,
            "max": 47978.0,
            "count": 4
        },
        "3DBall.Step.sum": {
            "value": 47978.0,
            "min": 11982.0,
            "max": 47978.0,
            "count": 4
        },
        "3DBall.Policy.ExtrinsicValueEstimate.mean": {
            "value": 0.34574127197265625,
            "min": 0.25229883193969727,
            "max": 0.34574127197265625,
            "count": 4
        },
        "3DBall.Policy.ExtrinsicValueEstimate.sum": {
            "value": 147.97726440429688,
            "min": 122.5745849609375,
            "max": 175.29864501953125,
            "count": 4
        },
        "3DBall.Environment.CumulativeReward.mean": {
            "value": 1.7018691006107864,
            "min": 1.1522555978674638,
            "max": 1.7018691006107864,
            "count": 4
        },
        "3DBall.Environment.CumulativeReward.sum": {
            "value": 728.3999750614166,
            "min": 612.9999780654907,
            "max": 728.3999750614166,
            "count": 4
        },
        "3DBall.Policy.ExtrinsicReward.mean": {
            "value": 1.7018691006107864,
            "min": 1.1522555978674638,
            "max": 1.7018691006107864,
            "count": 4
        },
        "3DBall.Policy.ExtrinsicReward.sum": {
            "value": 728.3999750614166,
            "min": 612.9999780654907,
            "max": 728.3999750614166,
            "count": 4
        },
        "3DBall.IsTraining.mean": {
            "value": 1.0,
            "min": 1.0,
            "max": 1.0,
            "count": 4
        },
        "3DBall.IsTraining.sum": {
            "value": 1.0,
            "min": 1.0,
            "max": 1.0,
            "count": 4
        },
        "3DBall.Losses.PolicyLoss.mean": {
            "value": 0.1149072195515882,
            "min": 0.11225140121035813,
            "max": 0.1149072195515882,
            "count": 3
        },
        "3DBall.Losses.PolicyLoss.sum": {
            "value": 0.1149072195515882,
            "min": 0.11225140121035813,
            "max": 0.1149072195515882,
            "count": 3
        },
        "3DBall.Losses.ValueLoss.mean": {
            "value": 0.2994964146606797,
            "min": 0.21967272488661885,
            "max": 0.2994964146606797,
            "count": 3
        },
        "3DBall.Losses.ValueLoss.sum": {
            "value": 0.2994964146606797,
            "min": 0.21967272488661885,
            "max": 0.2994964146606797,
            "count": 3
        },
        "3DBall.Policy.LearningRate.mean": {
            "value": 0.0003651648087087999,
            "min": 0.0003651648087087999,
            "max": 0.0003883960029009999,
            "count": 3
        },
        "3DBall.Policy.LearningRate.sum": {
            "value": 0.0003651648087087999,
            "min": 0.0003651648087087999,
            "max": 0.0003883960029009999,
            "count": 3
        },
        "3DBall.Policy.Epsilon.mean": {
            "value": 0.1912912,
            "min": 0.1912912,
            "max": 0.19709900000000008,
            "count": 3
        },
        "3DBall.Policy.Epsilon.sum": {
            "value": 0.1912912,
            "min": 0.1912912,
            "max": 0.19709900000000008,
            "count": 3
        },
        "3DBall.Policy.Beta.mean": {
            "value": 0.00127894768,
            "min": 0.00127894768,
            "max": 0.0013596761,
            "count": 3
        },
        "3DBall.Policy.Beta.sum": {
            "value": 0.00127894768,
            "min": 0.00127894768,
            "max": 0.0013596761,
            "count": 3
        }
    },
    "metadata": {
        "timer_format_version": "0.1.0",
        "start_time_seconds": "1765157412",
        "python_version": "3.10.11 (tags/v3.10.11:7d4cc5a, Apr  5 2023, 00:38:17) [MSC v.1929 64 bit (AMD64)]",
        "command_line_arguments": "C:\\Users\\moebn\\Documents\\University\\Project 2-1\\project_2_1_group_7\\venv\\Scripts\\mlagents-learn Config/training_config.yaml --run-id=run_batch_size53_buffer_size14500_learning_rate0.0004_beta0.0014_epsilon0.2 --time-scale=20 --env=3DBall_environment/UnityEnvironment.exe --no-graphics",
        "mlagents_version": "1.0.0",
        "mlagents_envs_version": "1.0.0",
        "communication_protocol_version": "1.5.0",
        "pytorch_version": "2.9.1+cpu",
        "numpy_version": "1.23.5",
        "end_time_seconds": "1765157441"
    },
    "total": 28.485181600000942,
    "count": 1,
    "self": 0.22103319998132065,
    "children": {
        "run_training.setup": {
            "total": 0.07526509999297559,
            "count": 1,
            "self": 0.07526509999297559
        },
        "TrainerController.start_learning": {
            "total": 28.188883300026646,
            "count": 1,
            "self": 0.050589500286150724,
            "children": {
                "TrainerController._reset_env": {
                    "total": 3.4500718000053894,
                    "count": 1,
                    "self": 3.4500718000053894
                },
                "TrainerController.advance": {
                    "total": 24.681727899733232,
                    "count": 5686,
                    "self": 0.04937069944571704,
                    "children": {
                        "env_step": {
                            "total": 13.756737499934388,
                            "count": 5686,
                            "self": 12.27177649922669,
                            "children": {
                                "SubprocessEnvManager._take_step": {
                                    "total": 1.4504018001025543,
                                    "count": 5686,
                                    "self": 0.1230076011561323,
                                    "children": {
                                        "TorchPolicy.evaluate": {
                                            "total": 1.327394198946422,
                                            "count": 4192,
                                            "self": 1.327394198946422
                                        }
                                    }
                                },
                                "workers": {
                                    "total": 0.034559200605144724,
                                    "count": 5686,
                                    "self": 0.0,
                                    "children": {
                                        "worker_root": {
                                            "total": 25.253097500826698,
                                            "count": 5686,
                                            "is_parallel": true,
                                            "self": 15.944476899749134,
                                            "children": {
                                                "steps_from_proto": {
                                                    "total": 0.0002859999949578196,
                                                    "count": 1,
                                                    "is_parallel": true,