{
    "name": "root",
    "gauges": {
        "3DBall.Policy.Entropy.mean": {
            "value": 1.2785155773162842,
            "min": 1.2738842964172363,
            "max": 1.4189382791519165,
            "count": 41
        },
        "3DBall.Policy.Entropy.sum": {
            "value": 15342.1875,
            "min": 11541.58203125,
            "max": 21523.814453125,
            "count": 41
        },
        "3DBall.Environment.EpisodeLength.mean": {
            "value": 804.3333333333334,
            "min": 21.52059925093633,
            "max": 999.0,
            "count": 41
        },
        "3DBall.Environment.EpisodeLength.sum": {
            "value": 12065.0,
            "min": 11086.0,
            "max": 12830.0,
            "count": 41
        },
        "3DBall.Step.mean": {
            "value": 491824.0,
            "min": 11986.0,
            "max": 491824.0,
            "count": 41
        },
        "3DBall.Step.sum": {
            "value": 491824.0,
            "min": 11986.0,
            "max": 491824.0,
            "count": 41
        },
        "3DBall.Policy.ExtrinsicValueEstimate.mean": {
            "value": 8.914755821228027,
            "min": 0.05833987519145012,
            "max": 9.994975090026855,
            "count": 41
        },
        "3DBall.Policy.ExtrinsicValueEstimate.sum": {
            "value": 133.72134399414062,
            "min": 31.09515380859375,
            "max": 224.10061645507812,
            "count": 41
        },
        "3DBall.Environment.CumulativeReward.mean": {
            "value": 80.31334551175435,
            "min": 1.1487804593109503,
            "max": 100.00001525878906,
            "count": 41
        },
        "3DBall.Environment.CumulativeReward.sum": {
            "value": 1204.7001826763153,
            "min": 612.2999848127365,
            "max": 1259.6001892089844,
            "count": 41
        },
        "3DBall.Policy.ExtrinsicReward.mean": {
            "value": 80.31334551175435,
            "min": 1.1487804593109503,
            "max": 100.00001525878906,
            "count": 41
        },
        "3DBall.Policy.ExtrinsicReward.sum": {
            "value": 1204.7001826763153,
            "min": 612.2999848127365,
            "max": 1259.6001892089844,
            "count": 41
        },
        "3DBall.IsTraining.mean": {
            "value": 1.0,
            "min": 1.0,
            "max": 1.0,
            "count": 41
        },
        "3DBall.IsTraining.sum": {
            "value": 1.0,
            "min": 1.0,
            "max": 1.0,
            "count": 41
        },
        "3DBall.Losses.PolicyLoss.mean": {
            "value": 0.08045667543733188,
            "min": 0.08045667543733188,
            "max": 0.10239621143125714,
            "count": 39
        },
        "3DBall.Losses.PolicyLoss.sum": {
            "value": 0.08045667543733188,
            "min": 0.08045667543733188,
            "max": 0.10239621143125714,
            "count": 39
        },
        "3DBall.Losses.ValueLoss.mean": {
            "value": 0.055135069524783455,
            "min": 0.0016213463339686993,
            "max": 2.6462425525403686,
            "count": 39
        },
        "3DBall.Losses.ValueLoss.sum": {
            "value": 0.055135069524783455,
            "min": 0.0016213463339686993,
            "max": 2.6462425525403686,
            "count": 39
        },
        "3DBall.Policy.LearningRate.mean": {
            "value": 6.733297755600006e-06,
            "min": 6.733297755600006e-06,
            "max": 0.00029278440240519996,
            "count": 39
        },
        "3DBall.Policy.LearningRate.sum": {
            "value": 6.733297755600006e-06,
            "min": 6.733297755600006e-06,
            "max": 0.00029278440240519996,
            "count": 39
        },
        "3DBall.Policy.Epsilon.mean": {
            "value": 0.10224440000000001,
            "min": 0.10224440000000001,
            "max": 0.19759480000000001,
            "count": 39
        },
        "3DBall.Policy.Epsilon.sum": {
            "value": 0.10224440000000001,
            "min": 0.10224440000000001,
            "max": 0.19759480000000001,
            "count": 39
        },
        "3DBall.Policy.Beta.mean": {
            "value": 3.221956000000003e-05,
            "min": 3.221956000000003e-05,
            "max": 0.0009761885199999999,
            "count": 39
        },
        "3DBall.Policy.Beta.sum": {
            "value": 3.221956000000003e-05,
            "min": 3.221956000000003e-05,
            "max": 0.0009761885199999999,
            "count": 39
        }
    },
    "metadata": {
        "timer_format_version": "0.1.0",
        "start_time_seconds": "1763473540",
        "python_version": "3.10.11 (tags/v3.10.11:7d4cc5a, Apr  5 2023, 00:38:17) [MSC v.1929 64 bit (AMD64)]",
        "command_line_arguments": "C:\\Users\\rober\\OneDrive\\Desktop\\project_2_1_group_7\\venv\\Scripts\\mlagents-learn Config/training_config.yaml --run-id=robert-run75 --time-scale=20 --no-graphics",
        "mlagents_version": "1.0.0",
        "mlagents_envs_version": "1.0.0",
        "communication_protocol_version": "1.5.0",
        "pytorch_version": "1.13.1+cpu",
        "numpy_version": "1.23.5",
        "end_time_seconds": "1763474574"
    },
    "total": 1034.121854600031,
    "count": 1,
    "self": 0.019853000179864466,
    "children": {
        "run_training.setup": {
            "total": 0.06247649993747473,
            "count": 1,
            "self": 0.06247649993747473
        },
        "TrainerController.start_learning": {
            "total": 1034.0395250999136,
            "count": 1,
            "self": 1.3224887101678178,
            "children": {
                "TrainerController._reset_env": {
                    "total": 6.813402500003576,
                    "count": 1,
                    "self": 6.813402500003576
                },
                "TrainerController.advance": {
                    "total": 1025.8080479897326,
                    "count": 44033,
                    "self": 1.2821497624972835,
                    "children": {
                        "env_step": {
                            "total": 405.3811554122949,
                            "count": 44033,
                            "self": 336.53445362031925,
                            "children": {
                                "SubprocessEnvManager._take_step": {
                                    "total": 68.06112669489812,
                                    "count": 44033,
                                    "self": 4.732013775035739,
                                    "children": {
                                        "TorchPolicy.evaluate": {
                                            "total": 63.32911291986238,
                                            "count": 42203,
                                            "self": 63.32911291986238
                                        }
                                    }
                                },
                                "workers": {
                                    "total": 0.7855750970775262,
                                    "count": 44033,
                                    "self": 0.0,
                                    "children": {
                                        "worker_root": {
                                            "total": 1025.3535213010618,
                                            "count": 44033,
                                            "is_parallel": true,
                                            "self": 762.8364962131018,
                                            "children": {
                                                "steps_from_proto": {
                                                    "total": 0.0002313000150024891,
                                                    "count": 1,
                                                    "is_parallel": true,