{
    "name": "root",
    "gauges": {
        "3DBall.Policy.Entropy.mean": {
            "value": 1.3728097677230835,
            "min": 1.3728097677230835,
            "max": 1.4169062376022339,
            "count": 4
        },
        "3DBall.Policy.Entropy.sum": {
            "value": 16704.349609375,
            "min": 16704.349609375,
            "max": 17342.931640625,
            "count": 4
        },
        "3DBall.Environment.EpisodeLength.mean": {
            "value": 51.44978165938865,
            "min": 22.206563706563706,
            "max": 51.44978165938865,
            "count": 4
        },
        "3DBall.Environment.EpisodeLength.sum": {
            "value": 11782.0,
            "min": 11503.0,
            "max": 11782.0,
            "count": 4
        },
        "3DBall.Step.mean": {
            "value": 47973.0,
            "min": 11994.0,
            "max": 47973.0,
            "count": 4
        },
        "3DBall.Step.sum": {
            "value": 47973.0,
            "min": 11994.0,
            "max": 47973.0,
            "count": 4
        },
        "3DBall.Policy.ExtrinsicValueEstimate.mean": {
            "value": 1.0683507919311523,
            "min": 0.10664024949073792,
            "max": 1.0683507919311523,
            "count": 4
        },
        "3DBall.Policy.ExtrinsicValueEstimate.sum": {
            "value": 244.65232849121094,
            "min": 55.13301086425781,
            "max": 244.65232849121094,
            "count": 4
        },
        "3DBall.Environment.CumulativeReward.mean": {
            "value": 4.148035199881641,
            "min": 1.2199226002167456,
            "max": 4.148035199881641,
            "count": 4
        },
        "3DBall.Environment.CumulativeReward.sum": {
            "value": 949.9000607728958,
            "min": 630.6999843120575,
            "max": 949.9000607728958,
            "count": 4
        },
        "3DBall.Policy.ExtrinsicReward.mean": {
            "value": 4.148035199881641,
            "min": 1.2199226002167456,
            "max": 4.148035199881641,
            "count": 4
        },
        "3DBall.Policy.ExtrinsicReward.sum": {
            "value": 949.9000607728958,
            "min": 630.6999843120575,
            "max": 949.9000607728958,
            "count": 4
        },
        "3DBall.Losses.PolicyLoss.mean": {
            "value": 0.15305214593589442,
            "min": 0.14723765411824086,
            "max": 0.1576138837990989,
            "count": 4
        },
        "3DBall.Losses.PolicyLoss.sum": {
            "value": 0.15305214593589442,
            "min": 0.14723765411824086,
            "max": 0.1576138837990989,
            "count": 4
        },
        "3DBall.Losses.ValueLoss.mean": {
            "value": 0.7042596199998149,
            "min": 0.20239867395206856,
            "max": 0.7042596199998149,
            "count": 4
        },
        "3DBall.Losses.ValueLoss.sum": {
            "value": 0.7042596199998149,
            "min": 0.20239867395206856,
            "max": 0.7042596199998149,
            "count": 4
        },
        "3DBall.Policy.LearningRate.mean": {
            "value": 0.00046113000777399995,
            "min": 0.00046113000777399995,
            "max": 0.0004902770019445999,
            "count": 4
        },
        "3DBall.Policy.LearningRate.sum": {
            "value": 0.00046113000777399995,
            "min": 0.00046113000777399995,
            "max": 0.0004902770019445999,
            "count": 4
        },
        "3DBall.Policy.Epsilon.mean": {
            "value": 0.238339,
            "min": 0.238339,
            "max": 0.24708309999999997,
            "count": 4
        },
        "3DBall.Policy.Epsilon.sum": {
            "value": 0.238339,
            "min": 0.238339,
            "max": 0.24708309999999997,
            "count": 4
        },
        "3DBall.Policy.Beta.mean": {
            "value": 0.0009230374,
            "min": 0.0009230374,
            "max": 0.00098074846,
            "count": 4
        },
        "3DBall.Policy.Beta.sum": {
            "value": 0.0009230374,
            "min": 0.0009230374,
            "max": 0.00098074846,
            "count": 4
        },
        "3DBall.IsTraining.mean": {
            "value": 1.0,
            "min": 1.0,
            "max": 1.0,
            "count": 4
        },
        "3DBall.IsTraining.sum": {
            "value": 1.0,
            "min": 1.0,
            "max": 1.0,
            "count": 4
        }
    },
    "metadata": {
        "timer_format_version": "0.1.0",
        "start_time_seconds": "1765056388",
        "python_version": "3.10.11 (tags/v3.10.11:7d4cc5a, Apr  5 2023, 00:38:17) [MSC v.1929 64 bit (AMD64)]",
        "command_line_arguments": "C:\\Users\\moebn\\Documents\\University\\Project 2-1\\project_2_1_group_7\\venv\\Scripts\\mlagents-learn Config/training_config.yaml --run-id=run_batch_size27_buffer_size9700_learning_rate0.0005_beta0.001_epsilon0.25 --time-scale=20 --env=3DBall_environment/UnityEnvironment.exe --no-graphics",
        "mlagents_version": "1.0.0",
        "mlagents_envs_version": "1.0.0",
        "communication_protocol_version": "1.5.0",
        "pytorch_version": "2.9.1+cpu",
        "numpy_version": "1.23.5",
        "end_time_seconds": "1765056422"
    },
    "total": 34.01564420000068,
    "count": 1,
    "self": 0.21119960000214633,
    "children": {
        "run_training.setup": {
            "total": 0.0660253000096418,
            "count": 1,
            "self": 0.0660253000096418
        },
        "TrainerController.start_learning": {
            "total": 33.73841929998889,
            "count": 1,
            "self": 0.04793719950248487,
            "children": {
                "TrainerController._reset_env": {
                    "total": 3.4795105999946827,
                    "count": 1,
                    "self": 3.4795105999946827
                },
                "TrainerController.advance": {
                    "total": 30.204442200483754,
                    "count": 5549,
                    "self": 0.046166199826984666,
                    "children": {
                        "env_step": {
                            "total": 14.314383100121631,
                            "count": 5549,
                            "self": 12.748056000156794,
                            "children": {
                                "SubprocessEnvManager._take_step": {
                                    "total": 1.5329622004501289,
                                    "count": 5549,
                                    "self": 0.12276550024398603,
                                    "children": {
                                        "TorchPolicy.evaluate": {
                                            "total": 1.4101967002061429,
                                            "count": 4307,
                                            "self": 1.4101967002061429
                                        }
                                    }
                                },
                                "workers": {
                                    "total": 0.03336489951470867,
                                    "count": 5549,
                                    "self": 0.0,
                                    "children": {
                                        "worker_root": {
                                            "total": 30.775734999377164,
                                            "count": 5549,
                                            "is_parallel": true,
                                            "self": 20.996411598898703,
                                            "children": {
                                                "steps_from_proto": {
                                                    "total": 0.00025129999266937375,
                                                    "count": 1,
                                                    "is_parallel": true,