{
    "name": "root",
    "gauges": {
        "3DBall.Policy.Entropy.mean": {
            "value": 1.3705335855484009,
            "min": 1.3705335855484009,
            "max": 1.4189382791519165,
            "count": 4
        },
        "3DBall.Policy.Entropy.sum": {
            "value": 16495.7421875,
            "min": 16495.7421875,
            "max": 17214.55859375,
            "count": 4
        },
        "3DBall.Environment.EpisodeLength.mean": {
            "value": 42.875457875457876,
            "min": 21.963671128107073,
            "max": 42.875457875457876,
            "count": 4
        },
        "3DBall.Environment.EpisodeLength.sum": {
            "value": 11705.0,
            "min": 11487.0,
            "max": 11705.0,
            "count": 4
        },
        "3DBall.Step.mean": {
            "value": 47959.0,
            "min": 11989.0,
            "max": 47959.0,
            "count": 4
        },
        "3DBall.Step.sum": {
            "value": 47959.0,
            "min": 11989.0,
            "max": 47959.0,
            "count": 4
        },
        "3DBall.Policy.ExtrinsicValueEstimate.mean": {
            "value": 0.6986572742462158,
            "min": -0.028739139437675476,
            "max": 0.6986572742462158,
            "count": 4
        },
        "3DBall.Policy.ExtrinsicValueEstimate.sum": {
            "value": 190.73342895507812,
            "min": -15.0018310546875,
            "max": 190.73342895507812,
            "count": 4
        },
        "3DBall.Environment.CumulativeReward.mean": {
            "value": 3.28095248679975,
            "min": 1.1967432633670354,
            "max": 3.28095248679975,
            "count": 4
        },
        "3DBall.Environment.CumulativeReward.sum": {
            "value": 895.7000288963318,
            "min": 624.6999834775925,
            "max": 895.7000288963318,
            "count": 4
        },
        "3DBall.Policy.ExtrinsicReward.mean": {
            "value": 3.28095248679975,
            "min": 1.1967432633670354,
            "max": 3.28095248679975,
            "count": 4
        },
        "3DBall.Policy.ExtrinsicReward.sum": {
            "value": 895.7000288963318,
            "min": 624.6999834775925,
            "max": 895.7000288963318,
            "count": 4
        },
        "3DBall.IsTraining.mean": {
            "value": 1.0,
            "min": 1.0,
            "max": 1.0,
            "count": 4
        },
        "3DBall.IsTraining.sum": {
            "value": 1.0,
            "min": 1.0,
            "max": 1.0,
            "count": 4
        },
        "3DBall.Losses.PolicyLoss.mean": {
            "value": 0.15724078275498718,
            "min": 0.15218343951302077,
            "max": 0.15724078275498718,
            "count": 3
        },
        "3DBall.Losses.PolicyLoss.sum": {
            "value": 0.15724078275498718,
            "min": 0.15218343951302077,
            "max": 0.15724078275498718,
            "count": 3
        },
        "3DBall.Losses.ValueLoss.mean": {
            "value": 0.3135747172692347,
            "min": 0.16965357156004757,
            "max": 0.3135747172692347,
            "count": 3
        },
        "3DBall.Losses.ValueLoss.sum": {
            "value": 0.3135747172692347,
            "min": 0.16965357156004757,
            "max": 0.3135747172692347,
            "count": 3
        },
        "3DBall.Policy.LearningRate.mean": {
            "value": 0.00046366100726779995,
            "min": 0.00046366100726779995,
            "max": 0.00048788200242359987,
            "count": 3
        },
        "3DBall.Policy.LearningRate.sum": {
            "value": 0.00046366100726779995,
            "min": 0.00046366100726779995,
            "max": 0.00048788200242359987,
            "count": 3
        },
        "3DBall.Policy.Epsilon.mean": {
            "value": 0.28546439999999995,
            "min": 0.28546439999999995,
            "max": 0.2951527999999999,
            "count": 3
        },
        "3DBall.Policy.Epsilon.sum": {
            "value": 0.28546439999999995,
            "min": 0.28546439999999995,
            "max": 0.2951527999999999,
            "count": 3
        },
        "3DBall.Policy.Beta.mean": {
            "value": 0.00111351318,
            "min": 0.00111351318,
            "max": 0.0011711591599999998,
            "count": 3
        },
        "3DBall.Policy.Beta.sum": {
            "value": 0.00111351318,
            "min": 0.00111351318,
            "max": 0.0011711591599999998,
            "count": 3
        }
    },
    "metadata": {
        "timer_format_version": "0.1.0",
        "start_time_seconds": "1765062268",
        "python_version": "3.10.11 (tags/v3.10.11:7d4cc5a, Apr  5 2023, 00:38:17) [MSC v.1929 64 bit (AMD64)]",
        "command_line_arguments": "C:\\Users\\moebn\\Documents\\University\\Project 2-1\\project_2_1_group_7\\venv\\Scripts\\mlagents-learn Config/training_config.yaml --run-id=run_batch_size27_buffer_size12100_learning_rate0.0005_beta0.0012_epsilon0.3 --time-scale=20 --env=3DBall_environment/UnityEnvironment.exe --no-graphics",
        "mlagents_version": "1.0.0",
        "mlagents_envs_version": "1.0.0",
        "communication_protocol_version": "1.5.0",
        "pytorch_version": "2.9.1+cpu",
        "numpy_version": "1.23.5",
        "end_time_seconds": "1765062306"
    },
    "total": 38.068672599998536,
    "count": 1,
    "self": 0.23638599998957943,
    "children": {
        "run_training.setup": {
            "total": 0.06648560000758152,
            "count": 1,
            "self": 0.06648560000758152
        },
        "TrainerController.start_learning": {
            "total": 37.765801000001375,
            "count": 1,
            "self": 0.05041740013984963,
            "children": {
                "TrainerController._reset_env": {
                    "total": 7.2363694999949075,
                    "count": 1,
                    "self": 7.2363694999949075
                },
                "TrainerController.advance": {
                    "total": 30.47261239986983,
                    "count": 5564,
                    "self": 0.04745319976063911,
                    "children": {
                        "env_step": {
                            "total": 13.834907799726352,
                            "count": 5564,
                            "self": 12.268666699179448,
                            "children": {
                                "SubprocessEnvManager._take_step": {
                                    "total": 1.532202000671532,
                                    "count": 5564,
                                    "self": 0.12309060084226076,
                                    "children": {
                                        "TorchPolicy.evaluate": {
                                            "total": 1.4091113998292712,
                                            "count": 4219,
                                            "self": 1.4091113998292712
                                        }
                                    }
                                },
                                "workers": {
                                    "total": 0.0340390998753719,
                                    "count": 5564,
                                    "self": 0.0,
                                    "children": {
                                        "worker_root": {
                                            "total": 31.053057800017996,
                                            "count": 5564,
                                            "is_parallel": true,
                                            "self": 21.70402170032321,
                                            "children": {
                                                "steps_from_proto": {
                                                    "total": 0.00027550000231713057,
                                                    "count": 1,