{
    "name": "root",
    "gauges": {
        "3DBall.Policy.Entropy.mean": {
            "value": 1.3739409446716309,
            "min": 1.3739409446716309,
            "max": 1.4149187803268433,
            "count": 4
        },
        "3DBall.Policy.Entropy.sum": {
            "value": 16520.265625,
            "min": 16520.265625,
            "max": 22730.810546875,
            "count": 4
        },
        "3DBall.Environment.EpisodeLength.mean": {
            "value": 805.125,
            "min": 24.823655913978495,
            "max": 805.125,
            "count": 4
        },
        "3DBall.Environment.EpisodeLength.sum": {
            "value": 12882.0,
            "min": 11543.0,
            "max": 12882.0,
            "count": 4
        },
        "3DBall.Step.mean": {
            "value": 47982.0,
            "min": 11982.0,
            "max": 47982.0,
            "count": 4
        },
        "3DBall.Step.sum": {
            "value": 47982.0,
            "min": 11982.0,
            "max": 47982.0,
            "count": 4
        },
        "3DBall.Policy.ExtrinsicValueEstimate.mean": {
            "value": 7.904006004333496,
            "min": 0.26445403695106506,
            "max": 7.904006004333496,
            "count": 4
        },
        "3DBall.Policy.ExtrinsicValueEstimate.sum": {
            "value": 126.46409606933594,
            "min": 122.70667266845703,
            "max": 228.41928100585938,
            "count": 4
        },
        "3DBall.Environment.CumulativeReward.mean": {
            "value": 80.20001265406609,
            "min": 1.4823275503927265,
            "max": 80.20001265406609,
            "count": 4
        },
        "3DBall.Environment.CumulativeReward.sum": {
            "value": 1283.2002024650574,
            "min": 687.799983382225,
            "max": 1283.2002024650574,
            "count": 4
        },
        "3DBall.Policy.ExtrinsicReward.mean": {
            "value": 80.20001265406609,
            "min": 1.4823275503927265,
            "max": 80.20001265406609,
            "count": 4
        },
        "3DBall.Policy.ExtrinsicReward.sum": {
            "value": 1283.2002024650574,
            "min": 687.799983382225,
            "max": 1283.2002024650574,
            "count": 4
        },
        "3DBall.Losses.PolicyLoss.mean": {
            "value": 0.10474209045821244,
            "min": 0.07761296738621615,
            "max": 0.10474209045821244,
            "count": 4
        },
        "3DBall.Losses.PolicyLoss.sum": {
            "value": 1.5711313568731866,
            "min": 1.5711313568731866,
            "max": 7.994135640780263,
            "count": 4
        },
        "3DBall.Losses.ValueLoss.mean": {
            "value": 3.1996932918417684,
            "min": 0.8522921412331259,
            "max": 4.98966322661144,
            "count": 4
        },
        "3DBall.Losses.ValueLoss.sum": {
            "value": 47.995399377626526,
            "min": 47.995399377626526,
            "max": 234.5141716507377,
            "count": 4
        },
        "3DBall.Policy.LearningRate.mean": {
            "value": 0.00018335043499145335,
            "min": 0.00018335043499145335,
            "max": 0.00019762604002193207,
            "count": 4
        },
        "3DBall.Policy.LearningRate.sum": {
            "value": 0.0027502565248718,
            "min": 0.0027502565248718,
            "max": 0.020355482122259003,
            "count": 4
        },
        "3DBall.Policy.Epsilon.mean": {
            "value": 0.23751281999999999,
            "min": 0.23751281999999999,
            "max": 0.2482195291262136,
            "count": 4
        },
        "3DBall.Policy.Epsilon.sum": {
            "value": 3.5626922999999997,
            "min": 3.5626922999999997,
            "max": 25.5666115,
            "count": 4
        },
        "3DBall.Policy.Beta.mean": {
            "value": 0.0011009350386666666,
            "min": 0.0011009350386666666,
            "max": 0.0011858749310679612,
            "count": 4
        },
        "3DBall.Policy.Beta.sum": {
            "value": 0.016514025579999998,
            "min": 0.016514025579999998,
            "max": 0.1221451179,
            "count": 4
        },
        "3DBall.IsTraining.mean": {
            "value": 1.0,
            "min": 1.0,
            "max": 1.0,
            "count": 4
        },
        "3DBall.IsTraining.sum": {
            "value": 1.0,
            "min": 1.0,
            "max": 1.0,
            "count": 4
        }
    },
    "metadata": {
        "timer_format_version": "0.1.0",
        "start_time_seconds": "1765127947",
        "python_version": "3.10.11 (tags/v3.10.11:7d4cc5a, Apr  5 2023, 00:38:17) [MSC v.1929 64 bit (AMD64)]",
        "command_line_arguments": "C:\\Users\\moebn\\Documents\\University\\Project 2-1\\project_2_1_group_7\\venv\\Scripts\\mlagents-learn Config/training_config.yaml --run-id=run_batch_size53_buffer_size100_learning_rate0.0002_beta0.0012_epsilon0.25 --time-scale=20 --env=3DBall_environment/UnityEnvironment.exe --no-graphics",
        "mlagents_version": "1.0.0",
        "mlagents_envs_version": "1.0.0",
        "communication_protocol_version": "1.5.0",
        "pytorch_version": "2.9.1+cpu",
        "numpy_version": "1.23.5",
        "end_time_seconds": "1765127976"
    },
    "total": 28.915554800012615,
    "count": 1,
    "self": 0.14937739999732003,
    "children": {
        "run_training.setup": {
            "total": 0.0727144000120461,
            "count": 1,
            "self": 0.0727144000120461
        },
        "TrainerController.start_learning": {
            "total": 28.69346300000325,
            "count": 1,
            "self": 0.04519979955512099,
            "children": {
                "TrainerController._reset_env": {
                    "total": 3.395289500011131,
                    "count": 1,
                    "self": 3.395289500011131
                },
                "TrainerController.advance": {
                    "total": 25.2465164004534,
                    "count": 5438,
                    "self": 0.044339402084006,
                    "children": {
                        "env_step": {
                            "total": 15.147991899662884,
                            "count": 5438,
                            "self": 13.397347199439537,
                            "children": {
                                "SubprocessEnvManager._take_step": {
                                    "total": 1.718705599923851,
                                    "count": 5438,
                                    "self": 0.13255390062113293,
                                    "children": {
                                        "TorchPolicy.evaluate": {
                                            "total": 1.586151699302718,
                                            "count": 4788,
                                            "self": 1.586151699302718
                                        }
                                    }
                                },
                                "workers": {
                                    "total": 0.031939100299496204,
                                    "count": 5438,
                                    "self": 0.0,
                                    "children": {
                                        "worker_root": {
                                            "total": 25.83097449899651,
                                            "count": 5438,
                                            "is_parallel": true,
                                            "self": 15.421694998454768,
                                            "children": {
                                                "steps_from_proto": {
                                                    "total": 0.00022829999215900898,
                                                    "count": 1,