{
    "name": "root",
    "gauges": {
        "3DBall.Policy.Entropy.mean": {
            "value": 1.392757773399353,
            "min": 1.392757773399353,
            "max": 1.4189382791519165,
            "count": 4
        },
        "3DBall.Policy.Entropy.sum": {
            "value": 16930.36328125,
            "min": 16883.40234375,
            "max": 17265.640625,
            "count": 4
        },
        "3DBall.Environment.EpisodeLength.mean": {
            "value": 30.573684210526316,
            "min": 21.106617647058822,
            "max": 30.573684210526316,
            "count": 4
        },
        "3DBall.Environment.EpisodeLength.sum": {
            "value": 11618.0,
            "min": 11469.0,
            "max": 11618.0,
            "count": 4
        },
        "3DBall.Step.mean": {
            "value": 47979.0,
            "min": 11997.0,
            "max": 47979.0,
            "count": 4
        },
        "3DBall.Step.sum": {
            "value": 47979.0,
            "min": 11997.0,
            "max": 47979.0,
            "count": 4
        },
        "3DBall.Policy.ExtrinsicValueEstimate.mean": {
            "value": 0.34729763865470886,
            "min": -0.36883118748664856,
            "max": 0.34729763865470886,
            "count": 4
        },
        "3DBall.Policy.ExtrinsicValueEstimate.sum": {
            "value": 131.9730987548828,
            "min": -200.27532958984375,
            "max": 131.9730987548828,
            "count": 4
        },
        "3DBall.Environment.CumulativeReward.mean": {
            "value": 2.0568420497994673,
            "min": 1.1093922407807126,
            "max": 2.0568420497994673,
            "count": 4
        },
        "3DBall.Environment.CumulativeReward.sum": {
            "value": 781.5999789237976,
            "min": 602.399986743927,
            "max": 781.5999789237976,
            "count": 4
        },
        "3DBall.Policy.ExtrinsicReward.mean": {
            "value": 2.0568420497994673,
            "min": 1.1093922407807126,
            "max": 2.0568420497994673,
            "count": 4
        },
        "3DBall.Policy.ExtrinsicReward.sum": {
            "value": 781.5999789237976,
            "min": 602.399986743927,
            "max": 781.5999789237976,
            "count": 4
        },
        "3DBall.IsTraining.mean": {
            "value": 1.0,
            "min": 1.0,
            "max": 1.0,
            "count": 4
        },
        "3DBall.IsTraining.sum": {
            "value": 1.0,
            "min": 1.0,
            "max": 1.0,
            "count": 4
        },
        "3DBall.Losses.PolicyLoss.mean": {
            "value": 0.21677448745082548,
            "min": 0.20991746139992734,
            "max": 0.21677448745082548,
            "count": 2
        },
        "3DBall.Losses.PolicyLoss.sum": {
            "value": 0.21677448745082548,
            "min": 0.20991746139992734,
            "max": 0.21677448745082548,
            "count": 2
        },
        "3DBall.Losses.ValueLoss.mean": {
            "value": 0.22674452649600407,
            "min": 0.17251807834816096,
            "max": 0.22674452649600407,
            "count": 2
        },
        "3DBall.Losses.ValueLoss.sum": {
            "value": 0.22674452649600407,
            "min": 0.17251807834816096,
            "max": 0.22674452649600407,
            "count": 2
        },
        "3DBall.Policy.LearningRate.mean": {
            "value": 0.00046137200772560015,
            "min": 0.00046137200772560015,
            "max": 0.00048069600386079983,
            "count": 2
        },
        "3DBall.Policy.LearningRate.sum": {
            "value": 0.00046137200772560015,
            "min": 0.00046137200772560015,
            "max": 0.00048069600386079983,
            "count": 2
        },
        "3DBall.Policy.Epsilon.mean": {
            "value": 0.2845488,
            "min": 0.2845488,
            "max": 0.29227839999999994,
            "count": 2
        },
        "3DBall.Policy.Epsilon.sum": {
            "value": 0.2845488,
            "min": 0.2845488,
            "max": 0.29227839999999994,
            "count": 2
        },
        "3DBall.Policy.Beta.mean": {
            "value": 0.0009235165600000002,
            "min": 0.0009235165600000002,
            "max": 0.0009617780799999997,
            "count": 2
        },
        "3DBall.Policy.Beta.sum": {
            "value": 0.0009235165600000002,
            "min": 0.0009235165600000002,
            "max": 0.0009617780799999997,
            "count": 2
        }
    },
    "metadata": {
        "timer_format_version": "0.1.0",
        "start_time_seconds": "1765026539",
        "python_version": "3.10.11 (tags/v3.10.11:7d4cc5a, Apr  5 2023, 00:38:17) [MSC v.1929 64 bit (AMD64)]",
        "command_line_arguments": "C:\\Users\\moebn\\Documents\\University\\Project 2-1\\project_2_1_group_7\\venv\\Scripts\\mlagents-learn Config/training_config.yaml --run-id=run_batch_size14_buffer_size19300_learning_rate0.0005_beta0.001_epsilon0.3 --time-scale=20 --env=3DBall_environment/UnityEnvironment.exe --no-graphics",
        "mlagents_version": "1.0.0",
        "mlagents_envs_version": "1.0.0",
        "communication_protocol_version": "1.5.0",
        "pytorch_version": "2.9.1+cpu",
        "numpy_version": "1.23.5",
        "end_time_seconds": "1765026577"
    },
    "total": 38.59866009999678,
    "count": 1,
    "self": 0.1457313999926555,
    "children": {
        "run_training.setup": {
            "total": 0.06516410000040196,
            "count": 1,
            "self": 0.06516410000040196
        },
        "TrainerController.start_learning": {
            "total": 38.38776460000372,
            "count": 1,
            "self": 0.050202199825434946,
            "children": {
                "TrainerController._reset_env": {
                    "total": 3.3964692000008654,
                    "count": 1,
                    "self": 3.3964692000008654
                },
                "TrainerController.advance": {
                    "total": 34.93485640017752,
                    "count": 5715,
                    "self": 0.04734069994447054,
                    "children": {
                        "env_step": {
                            "total": 13.719034700239717,
                            "count": 5715,
                            "self": 12.267996899958234,
                            "children": {
                                "SubprocessEnvManager._take_step": {
                                    "total": 1.4174423001313698,
                                    "count": 5715,
                                    "self": 0.12239290025172522,
                                    "children": {
                                        "TorchPolicy.evaluate": {
                                            "total": 1.2950493998796446,
                                            "count": 4185,
                                            "self": 1.2950493998796446
                                        }
                                    }
                                },
                                "workers": {
                                    "total": 0.03359550015011337,
                                    "count": 5715,
                                    "self": 0.0,
                                    "children": {
                                        "worker_root": {
                                            "total": 35.451345599962224,
                                            "count": 5715,
                                            "is_parallel": true,
                                            "self": 26.103220700199017,
                                            "children": {
                                                "steps_from_proto": {
                                                    "total": 0.00028220000240253285,
                                                    "count": 1,