{
    "name": "root",
    "gauges": {
        "3DBall.Policy.Entropy.mean": {
            "value": 1.4151980876922607,
            "min": 1.4151980876922607,
            "max": 1.4202276468276978,
            "count": 4
        },
        "3DBall.Policy.Entropy.sum": {
            "value": 16931.4296875,
            "min": 16931.4296875,
            "max": 17180.50390625,
            "count": 4
        },
        "3DBall.Environment.EpisodeLength.mean": {
            "value": 22.591355599214147,
            "min": 21.001831501831504,
            "max": 22.591355599214147,
            "count": 4
        },
        "3DBall.Environment.EpisodeLength.sum": {
            "value": 11499.0,
            "min": 11467.0,
            "max": 11499.0,
            "count": 4
        },
        "3DBall.Step.mean": {
            "value": 47990.0,
            "min": 11991.0,
            "max": 47990.0,
            "count": 4
        },
        "3DBall.Step.sum": {
            "value": 47990.0,
            "min": 11991.0,
            "max": 47990.0,
            "count": 4
        },
        "3DBall.Policy.ExtrinsicValueEstimate.mean": {
            "value": 0.18653692305088043,
            "min": -0.24192242324352264,
            "max": 0.18653692305088043,
            "count": 4
        },
        "3DBall.Policy.ExtrinsicValueEstimate.sum": {
            "value": 94.94729614257812,
            "min": -131.84771728515625,
            "max": 94.94729614257812,
            "count": 4
        },
        "3DBall.Environment.CumulativeReward.mean": {
            "value": 1.256974426608657,
            "min": 1.100183458065768,
            "max": 1.256974426608657,
            "count": 4
        },
        "3DBall.Environment.CumulativeReward.sum": {
            "value": 639.7999831438065,
            "min": 599.5999846458435,
            "max": 639.7999831438065,
            "count": 4
        },
        "3DBall.Policy.ExtrinsicReward.mean": {
            "value": 1.256974426608657,
            "min": 1.100183458065768,
            "max": 1.256974426608657,
            "count": 4
        },
        "3DBall.Policy.ExtrinsicReward.sum": {
            "value": 639.7999831438065,
            "min": 599.5999846458435,
            "max": 639.7999831438065,
            "count": 4
        },
        "3DBall.IsTraining.mean": {
            "value": 1.0,
            "min": 1.0,
            "max": 1.0,
            "count": 4
        },
        "3DBall.IsTraining.sum": {
            "value": 1.0,
            "min": 1.0,
            "max": 1.0,
            "count": 4
        },
        "3DBall.Losses.PolicyLoss.mean": {
            "value": 0.15649401518713796,
            "min": 0.15278851715958644,
            "max": 0.15649401518713796,
            "count": 2
        },
        "3DBall.Losses.PolicyLoss.sum": {
            "value": 0.15649401518713796,
            "min": 0.15278851715958644,
            "max": 0.15649401518713796,
            "count": 2
        },
        "3DBall.Losses.ValueLoss.mean": {
            "value": 0.17258769425895665,
            "min": 0.16940999054078595,
            "max": 0.17258769425895665,
            "count": 2
        },
        "3DBall.Losses.ValueLoss.sum": {
            "value": 0.17258769425895665,
            "min": 0.16940999054078595,
            "max": 0.17258769425895665,
            "count": 2
        },
        "3DBall.Policy.LearningRate.mean": {
            "value": 0.0002768214077262,
            "min": 0.0002768214077262,
            "max": 0.00028841520386160005,
            "count": 2
        },
        "3DBall.Policy.LearningRate.sum": {
            "value": 0.0002768214077262,
            "min": 0.0002768214077262,
            "max": 0.00028841520386160005,
            "count": 2
        },
        "3DBall.Policy.Epsilon.mean": {
            "value": 0.09999999999999999,
            "min": 0.09999999999999999,
            "max": 0.09999999999999999,
            "count": 2
        },
        "3DBall.Policy.Epsilon.sum": {
            "value": 0.09999999999999999,
            "min": 0.09999999999999999,
            "max": 0.09999999999999999,
            "count": 2
        },
        "3DBall.Policy.Beta.mean": {
            "value": 0.00092351062,
            "min": 0.00092351062,
            "max": 0.00096177016,
            "count": 2
        },
        "3DBall.Policy.Beta.sum": {
            "value": 0.00092351062,
            "min": 0.00092351062,
            "max": 0.00096177016,
            "count": 2
        }
    },
    "metadata": {
        "timer_format_version": "0.1.0",
        "start_time_seconds": "1765074797",
        "python_version": "3.10.11 (tags/v3.10.11:7d4cc5a, Apr  5 2023, 00:38:17) [MSC v.1929 64 bit (AMD64)]",
        "command_line_arguments": "C:\\Users\\moebn\\Documents\\University\\Project 2-1\\project_2_1_group_7\\venv\\Scripts\\mlagents-learn Config/training_config.yaml --run-id=run_batch_size27_buffer_size19300_learning_rate0.0003_beta0.001_epsilon0.1 --time-scale=20 --env=3DBall_environment/UnityEnvironment.exe --no-graphics",
        "mlagents_version": "1.0.0",
        "mlagents_envs_version": "1.0.0",
        "communication_protocol_version": "1.5.0",
        "pytorch_version": "2.9.1+cpu",
        "numpy_version": "1.23.5",
        "end_time_seconds": "1765074833"
    },
    "total": 35.662774299999,
    "count": 1,
    "self": 0.22944709999137558,
    "children": {
        "run_training.setup": {
            "total": 0.0656275000073947,
            "count": 1,
            "self": 0.0656275000073947
        },
        "TrainerController.start_learning": {
            "total": 35.36769970000023,
            "count": 1,
            "self": 0.052673899932415225,
            "children": {
                "TrainerController._reset_env": {
                    "total": 7.527230200008489,
                    "count": 1,
                    "self": 7.527230200008489
                },
                "TrainerController.advance": {
                    "total": 27.782031900060247,
                    "count": 5855,
                    "self": 0.049591599861742,
                    "children": {
                        "env_step": {
                            "total": 14.29004700006044,
                            "count": 5855,
                            "self": 12.83747040000162,
                            "children": {
                                "SubprocessEnvManager._take_step": {
                                    "total": 1.4179105996736325,
                                    "count": 5855,
                                    "self": 0.12030220004089642,
                                    "children": {
                                        "TorchPolicy.evaluate": {
                                            "total": 1.297608399632736,
                                            "count": 4179,
                                            "self": 1.297608399632736
                                        }
                                    }
                                },
                                "workers": {
                                    "total": 0.034666000385186635,
                                    "count": 5855,
                                    "self": 0.0,
                                    "children": {
                                        "worker_root": {
                                            "total": 28.31008769996697,
                                            "count": 5855,
                                            "is_parallel": true,
                                            "self": 18.567327200522413,
                                            "children": {
                                                "steps_from_proto": {
                                                    "total": 0.0002925000007962808,
                                                    "count": 1,