{
    "name": "root",
    "gauges": {
        "3DBall.Policy.Entropy.mean": {
            "value": 1.3390629291534424,
            "min": 1.3390629291534424,
            "max": 1.4270060062408447,
            "count": 4
        },
        "3DBall.Policy.Entropy.sum": {
            "value": 16068.755859375,
            "min": 16068.755859375,
            "max": 23994.4140625,
            "count": 4
        },
        "3DBall.Environment.EpisodeLength.mean": {
            "value": 819.4666666666667,
            "min": 22.39029126213592,
            "max": 819.4666666666667,
            "count": 4
        },
        "3DBall.Environment.EpisodeLength.sum": {
            "value": 12292.0,
            "min": 11531.0,
            "max": 12580.0,
            "count": 4
        },
        "3DBall.Step.mean": {
            "value": 47981.0,
            "min": 11990.0,
            "max": 47981.0,
            "count": 4
        },
        "3DBall.Step.sum": {
            "value": 47981.0,
            "min": 11990.0,
            "max": 47981.0,
            "count": 4
        },
        "3DBall.Policy.ExtrinsicValueEstimate.mean": {
            "value": 8.616754531860352,
            "min": 0.2488165646791458,
            "max": 8.616754531860352,
            "count": 4
        },
        "3DBall.Policy.ExtrinsicValueEstimate.sum": {
            "value": 129.25131225585938,
            "min": 127.64289855957031,
            "max": 228.61080932617188,
            "count": 4
        },
        "3DBall.Environment.CumulativeReward.mean": {
            "value": 81.60667867660523,
            "min": 1.2372319210342497,
            "max": 81.60667867660523,
            "count": 4
        },
        "3DBall.Environment.CumulativeReward.sum": {
            "value": 1224.1001801490784,
            "min": 634.6999754905701,
            "max": 1224.1001801490784,
            "count": 4
        },
        "3DBall.Policy.ExtrinsicReward.mean": {
            "value": 81.60667867660523,
            "min": 1.2372319210342497,
            "max": 81.60667867660523,
            "count": 4
        },
        "3DBall.Policy.ExtrinsicReward.sum": {
            "value": 1224.1001801490784,
            "min": 634.6999754905701,
            "max": 1224.1001801490784,
            "count": 4
        },
        "3DBall.Losses.PolicyLoss.mean": {
            "value": 0.2083931962693098,
            "min": 0.2083931962693098,
            "max": 0.22080997155369136,
            "count": 4
        },
        "3DBall.Losses.PolicyLoss.sum": {
            "value": 0.8335727850772392,
            "min": 0.8335727850772392,
            "max": 1.0717485339535098,
            "count": 4
        },
        "3DBall.Losses.ValueLoss.mean": {
            "value": 0.9605187403136599,
            "min": 0.2087618633749181,
            "max": 2.5523909794018778,
            "count": 4
        },
        "3DBall.Losses.ValueLoss.sum": {
            "value": 3.8420749612546397,
            "min": 0.8350474534996724,
            "max": 12.761954897009389,
            "count": 4
        },
        "3DBall.Policy.LearningRate.mean": {
            "value": 0.00036578780855305,
            "min": 0.00036578780855305,
            "max": 0.00039497760125559996,
            "count": 4
        },
        "3DBall.Policy.LearningRate.sum": {
            "value": 0.0014631512342122,
            "min": 0.0014631512342122,
            "max": 0.0019296960175759997,
            "count": 4
        },
        "3DBall.Policy.Epsilon.mean": {
            "value": 0.14572347499999996,
            "min": 0.14572347499999996,
            "max": 0.14937219999999998,
            "count": 4
        },
        "3DBall.Policy.Epsilon.sum": {
            "value": 0.5828938999999999,
            "min": 0.5828938999999999,
            "max": 0.7412120000000002,
            "count": 4
        },
        "3DBall.Policy.Beta.mean": {
            "value": 0.0009153248050000002,
            "min": 0.0009153248050000002,
            "max": 0.00098756956,
            "count": 4
        },
        "3DBall.Policy.Beta.sum": {
            "value": 0.0036612992200000007,
            "min": 0.0036612992200000007,
            "max": 0.0048259976000000005,
            "count": 4
        },
        "3DBall.IsTraining.mean": {
            "value": 1.0,
            "min": 1.0,
            "max": 1.0,
            "count": 4
        },
        "3DBall.IsTraining.sum": {
            "value": 1.0,
            "min": 1.0,
            "max": 1.0,
            "count": 4
        }
    },
    "metadata": {
        "timer_format_version": "0.1.0",
        "start_time_seconds": "1764913791",
        "python_version": "3.10.11 (tags/v3.10.11:7d4cc5a, Apr  5 2023, 00:38:17) [MSC v.1929 64 bit (AMD64)]",
        "command_line_arguments": "C:\\Users\\moebn\\Documents\\University\\Project 2-1\\project_2_1_group_7\\venv\\Scripts\\mlagents-learn Config/training_config.yaml --run-id=run_batch_size14_buffer_size2500_learning_rate0.0004_beta0.001_epsilon0.15 --time-scale=20 --env=3DBall_environment/UnityEnvironment.exe --no-graphics",
        "mlagents_version": "1.0.0",
        "mlagents_envs_version": "1.0.0",
        "communication_protocol_version": "1.5.0",
        "pytorch_version": "2.9.1+cpu",
        "numpy_version": "1.23.5",
        "end_time_seconds": "1764913838"
    },
    "total": 46.692608100012876,
    "count": 1,
    "self": 0.17343700001947582,
    "children": {
        "run_training.setup": {
            "total": 0.06740709999576211,
            "count": 1,
            "self": 0.06740709999576211
        },
        "TrainerController.start_learning": {
            "total": 46.45176399999764,
            "count": 1,
            "self": 0.04545450012665242,
            "children": {
                "TrainerController._reset_env": {
                    "total": 6.829416000007768,
                    "count": 1,
                    "self": 6.829416000007768
                },
                "TrainerController.advance": {
                    "total": 39.57050239985983,
                    "count": 5324,
                    "self": 0.04488029997446574,
                    "children": {
                        "env_step": {
                            "total": 14.27648439987388,
                            "count": 5324,
                            "self": 12.601531699459883,
                            "children": {
                                "SubprocessEnvManager._take_step": {
                                    "total": 1.642841400418547,
                                    "count": 5324,
                                    "self": 0.13072240067413077,
                                    "children": {
                                        "TorchPolicy.evaluate": {
                                            "total": 1.5121189997444162,
                                            "count": 4603,
                                            "self": 1.5121189997444162
                                        }
                                    }
                                },
                                "workers": {
                                    "total": 0.03211129999544937,
                                    "count": 5324,
                                    "self": 0.0,
                                    "children": {
                                        "worker_root": {
                                            "total": 40.156530600288534,
                                            "count": 5324,
                                            "is_parallel": true,
                                            "self": 30.43784150009742,
                                            "children": {
                                                "steps_from_proto": {
                                                    "total": 0.0002187999925808981,
                                                    "count": 1,