{
    "name": "root",
    "gauges": {
        "3DBall.Policy.Entropy.mean": {
            "value": 1.415149450302124,
            "min": 1.4145315885543823,
            "max": 1.418938159942627,
            "count": 4
        },
        "3DBall.Policy.Entropy.sum": {
            "value": 17049.720703125,
            "min": 16957.404296875,
            "max": 17180.50390625,
            "count": 4
        },
        "3DBall.Environment.EpisodeLength.mean": {
            "value": 25.982062780269057,
            "min": 21.866666666666667,
            "max": 25.982062780269057,
            "count": 4
        },
        "3DBall.Environment.EpisodeLength.sum": {
            "value": 11588.0,
            "min": 11480.0,
            "max": 11588.0,
            "count": 4
        },
        "3DBall.Step.mean": {
            "value": 47986.0,
            "min": 11989.0,
            "max": 47986.0,
            "count": 4
        },
        "3DBall.Step.sum": {
            "value": 47986.0,
            "min": 11989.0,
            "max": 47986.0,
            "count": 4
        },
        "3DBall.Policy.ExtrinsicValueEstimate.mean": {
            "value": 0.26662343740463257,
            "min": -0.32799971103668213,
            "max": 0.26662343740463257,
            "count": 4
        },
        "3DBall.Policy.ExtrinsicValueEstimate.sum": {
            "value": 118.64743041992188,
            "min": -171.87184143066406,
            "max": 118.64743041992188,
            "count": 4
        },
        "3DBall.Environment.CumulativeReward.mean": {
            "value": 1.5955055579710542,
            "min": 1.1879770589693812,
            "max": 1.5955055579710542,
            "count": 4
        },
        "3DBall.Environment.CumulativeReward.sum": {
            "value": 709.9999732971191,
            "min": 622.4999788999557,
            "max": 709.9999732971191,
            "count": 4
        },
        "3DBall.Policy.ExtrinsicReward.mean": {
            "value": 1.5955055579710542,
            "min": 1.1879770589693812,
            "max": 1.5955055579710542,
            "count": 4
        },
        "3DBall.Policy.ExtrinsicReward.sum": {
            "value": 709.9999732971191,
            "min": 622.4999788999557,
            "max": 709.9999732971191,
            "count": 4
        },
        "3DBall.IsTraining.mean": {
            "value": 1.0,
            "min": 1.0,
            "max": 1.0,
            "count": 4
        },
        "3DBall.IsTraining.sum": {
            "value": 1.0,
            "min": 1.0,
            "max": 1.0,
            "count": 4
        },
        "3DBall.Losses.PolicyLoss.mean": {
            "value": 0.11150360050094392,
            "min": 0.10983640971947922,
            "max": 0.11150360050094392,
            "count": 2
        },
        "3DBall.Losses.PolicyLoss.sum": {
            "value": 0.11150360050094392,
            "min": 0.10983640971947922,
            "max": 0.11150360050094392,
            "count": 2
        },
        "3DBall.Losses.ValueLoss.mean": {
            "value": 0.2901500723914895,
            "min": 0.2901500723914895,
            "max": 0.43162728770339226,
            "count": 2
        },
        "3DBall.Losses.ValueLoss.sum": {
            "value": 0.2901500723914895,
            "min": 0.2901500723914895,
            "max": 0.43162728770339226,
            "count": 2
        },
        "3DBall.Policy.LearningRate.mean": {
            "value": 9.227620772380002e-05,
            "min": 9.227620772380002e-05,
            "max": 9.61376038624e-05,
            "count": 2
        },
        "3DBall.Policy.LearningRate.sum": {
            "value": 9.227620772380002e-05,
            "min": 9.227620772380002e-05,
            "max": 9.61376038624e-05,
            "count": 2
        },
        "3DBall.Policy.Epsilon.mean": {
            "value": 0.19227620000000004,
            "min": 0.19227620000000004,
            "max": 0.19613760000000002,
            "count": 2
        },
        "3DBall.Policy.Epsilon.sum": {
            "value": 0.19227620000000004,
            "min": 0.19227620000000004,
            "max": 0.19613760000000002,
            "count": 2
        },
        "3DBall.Policy.Beta.mean": {
            "value": 0.00101581058,
            "min": 0.00101581058,
            "max": 0.0010578998399999998,
            "count": 2
        },
        "3DBall.Policy.Beta.sum": {
            "value": 0.00101581058,
            "min": 0.00101581058,
            "max": 0.0010578998399999998,
            "count": 2
        }
    },
    "metadata": {
        "timer_format_version": "0.1.0",
        "start_time_seconds": "1765163257",
        "python_version": "3.10.11 (tags/v3.10.11:7d4cc5a, Apr  5 2023, 00:38:17) [MSC v.1929 64 bit (AMD64)]",
        "command_line_arguments": "C:\\Users\\moebn\\Documents\\University\\Project 2-1\\project_2_1_group_7\\venv\\Scripts\\mlagents-learn Config/training_config.yaml --run-id=run_batch_size53_buffer_size19300_learning_rate0.0001_beta0.0011_epsilon0.2 --time-scale=20 --env=3DBall_environment/UnityEnvironment.exe --no-graphics",
        "mlagents_version": "1.0.0",
        "mlagents_envs_version": "1.0.0",
        "communication_protocol_version": "1.5.0",
        "pytorch_version": "2.9.1+cpu",
        "numpy_version": "1.23.5",
        "end_time_seconds": "1765163284"
    },
    "total": 27.375328099995386,
    "count": 1,
    "self": 0.2015131000080146,
    "children": {
        "run_training.setup": {
            "total": 0.07225639998796396,
            "count": 1,
            "self": 0.07225639998796396
        },
        "TrainerController.start_learning": {
            "total": 27.101558599999407,
            "count": 1,
            "self": 0.0513721001916565,
            "children": {
                "TrainerController._reset_env": {
                    "total": 3.4890343000006396,
                    "count": 1,
                    "self": 3.4890343000006396
                },
                "TrainerController.advance": {
                    "total": 23.554497899807757,
                    "count": 5719,
                    "self": 0.047412100102519616,
                    "children": {
                        "env_step": {
                            "total": 14.050985499896342,
                            "count": 5719,
                            "self": 12.528722801682306,
                            "children": {
                                "SubprocessEnvManager._take_step": {
                                    "total": 1.487608498748159,
                                    "count": 5719,
                                    "self": 0.12101969809737056,
                                    "children": {
                                        "TorchPolicy.evaluate": {
                                            "total": 1.3665888006507885,
                                            "count": 4183,
                                            "self": 1.3665888006507885
                                        }
                                    }
                                },
                                "workers": {
                                    "total": 0.034654199465876445,
                                    "count": 5719,
                                    "self": 0.0,
                                    "children": {
                                        "worker_root": {
                                            "total": 24.06058750068769,
                                            "count": 5719,
                                            "is_parallel": true,
                                            "self": 14.513465101073962,
                                            "children": {
                                                "steps_from_proto": {
                                                    "total": 0.0002691000117920339,
                                                    "count": 1,