{
    "name": "root",
    "gauges": {
        "3DBall.Policy.Entropy.mean": {
            "value": 1.404707670211792,
            "min": 1.404707670211792,
            "max": 1.4189382791519165,
            "count": 4
        },
        "3DBall.Policy.Entropy.sum": {
            "value": 16923.91796875,
            "min": 16845.28125,
            "max": 17299.6953125,
            "count": 4
        },
        "3DBall.Environment.EpisodeLength.mean": {
            "value": 25.25601750547046,
            "min": 21.69056603773585,
            "max": 25.25601750547046,
            "count": 4
        },
        "3DBall.Environment.EpisodeLength.sum": {
            "value": 11542.0,
            "min": 11478.0,
            "max": 11542.0,
            "count": 4
        },
        "3DBall.Step.mean": {
            "value": 47979.0,
            "min": 11999.0,
            "max": 47979.0,
            "count": 4
        },
        "3DBall.Step.sum": {
            "value": 47979.0,
            "min": 11999.0,
            "max": 47979.0,
            "count": 4
        },
        "3DBall.Policy.ExtrinsicValueEstimate.mean": {
            "value": 0.275532066822052,
            "min": -0.014931069687008858,
            "max": 0.275532066822052,
            "count": 4
        },
        "3DBall.Policy.ExtrinsicValueEstimate.sum": {
            "value": 125.91815185546875,
            "min": -7.89853572845459,
            "max": 125.91815185546875,
            "count": 4
        },
        "3DBall.Environment.CumulativeReward.mean": {
            "value": 1.5264769693433065,
            "min": 1.1682419278896599,
            "max": 1.5264769693433065,
            "count": 4
        },
        "3DBall.Environment.CumulativeReward.sum": {
            "value": 697.599974989891,
            "min": 617.9999798536301,
            "max": 697.599974989891,
            "count": 4
        },
        "3DBall.Policy.ExtrinsicReward.mean": {
            "value": 1.5264769693433065,
            "min": 1.1682419278896599,
            "max": 1.5264769693433065,
            "count": 4
        },
        "3DBall.Policy.ExtrinsicReward.sum": {
            "value": 697.599974989891,
            "min": 617.9999798536301,
            "max": 697.599974989891,
            "count": 4
        },
        "3DBall.IsTraining.mean": {
            "value": 1.0,
            "min": 1.0,
            "max": 1.0,
            "count": 4
        },
        "3DBall.IsTraining.sum": {
            "value": 1.0,
            "min": 1.0,
            "max": 1.0,
            "count": 4
        },
        "3DBall.Losses.PolicyLoss.mean": {
            "value": 0.15747031121633473,
            "min": 0.1556906941634389,
            "max": 0.15747031121633473,
            "count": 2
        },
        "3DBall.Losses.PolicyLoss.sum": {
            "value": 0.15747031121633473,
            "min": 0.1556906941634389,
            "max": 0.15747031121633473,
            "count": 2
        },
        "3DBall.Losses.ValueLoss.mean": {
            "value": 0.1984247464258278,
            "min": 0.19387579061844654,
            "max": 0.1984247464258278,
            "count": 2
        },
        "3DBall.Losses.ValueLoss.sum": {
            "value": 0.1984247464258278,
            "min": 0.19387579061844654,
            "max": 0.1984247464258278,
            "count": 2
        },
        "3DBall.Policy.LearningRate.mean": {
            "value": 0.00036526720868319996,
            "min": 0.00036526720868319996,
            "max": 0.00038263120434219993,
            "count": 2
        },
        "3DBall.Policy.LearningRate.sum": {
            "value": 0.00036526720868319996,
            "min": 0.00036526720868319996,
            "max": 0.00038263120434219993,
            "count": 2
        },
        "3DBall.Policy.Epsilon.mean": {
            "value": 0.2826336,
            "min": 0.2826336,
            "max": 0.29131559999999995,
            "count": 2
        },
        "3DBall.Policy.Epsilon.sum": {
            "value": 0.2826336,
            "min": 0.2826336,
            "max": 0.29131559999999995,
            "count": 2
        },
        "3DBall.Policy.Beta.mean": {
            "value": 0.0011879867199999998,
            "min": 0.0011879867199999998,
            "max": 0.0012439856200000003,
            "count": 2
        },
        "3DBall.Policy.Beta.sum": {
            "value": 0.0011879867199999998,
            "min": 0.0011879867199999998,
            "max": 0.0012439856200000003,
            "count": 2
        }
    },
    "metadata": {
        "timer_format_version": "0.1.0",
        "start_time_seconds": "1765081767",
        "python_version": "3.10.11 (tags/v3.10.11:7d4cc5a, Apr  5 2023, 00:38:17) [MSC v.1929 64 bit (AMD64)]",
        "command_line_arguments": "C:\\Users\\moebn\\Documents\\University\\Project 2-1\\project_2_1_group_7\\venv\\Scripts\\mlagents-learn Config/training_config.yaml --run-id=run_batch_size27_buffer_size21700_learning_rate0.0004_beta0.0013_epsilon0.3 --time-scale=20 --env=3DBall_environment/UnityEnvironment.exe --no-graphics",
        "mlagents_version": "1.0.0",
        "mlagents_envs_version": "1.0.0",
        "communication_protocol_version": "1.5.0",
        "pytorch_version": "2.9.1+cpu",
        "numpy_version": "1.23.5",
        "end_time_seconds": "1765081800"
    },
    "total": 32.405593799994676,
    "count": 1,
    "self": 0.19466069999907631,
    "children": {
        "run_training.setup": {
            "total": 0.06815300000016578,
            "count": 1,
            "self": 0.06815300000016578
        },
        "TrainerController.start_learning": {
            "total": 32.142780099995434,
            "count": 1,
            "self": 0.05011719941103365,
            "children": {
                "TrainerController._reset_env": {
                    "total": 3.4449972000002163,
                    "count": 1,
                    "self": 3.4449972000002163
                },
                "TrainerController.advance": {
                    "total": 28.6407045005908,
                    "count": 5722,
                    "self": 0.04793449997669086,
                    "children": {
                        "env_step": {
                            "total": 14.318056299933232,
                            "count": 5722,
                            "self": 12.78334550006548,
                            "children": {
                                "SubprocessEnvManager._take_step": {
                                    "total": 1.5005839001532877,
                                    "count": 5722,
                                    "self": 0.12157280011160765,
                                    "children": {
                                        "TorchPolicy.evaluate": {
                                            "total": 1.37901110004168,
                                            "count": 4178,
                                            "self": 1.37901110004168
                                        }
                                    }
                                },
                                "workers": {
                                    "total": 0.03412689971446525,
                                    "count": 5722,
                                    "self": 0.0,
                                    "children": {
                                        "worker_root": {
                                            "total": 29.200890600506682,
                                            "count": 5722,
                                            "is_parallel": true,
                                            "self": 19.434659501275746,
                                            "children": {
                                                "steps_from_proto": {
                                                    "total": 0.0002905000001192093,
                                                    "count": 1,