{
    "name": "root",
    "gauges": {
        "3DBall.Policy.Entropy.mean": {
            "value": 1.4148160219192505,
            "min": 1.4148160219192505,
            "max": 1.4265005588531494,
            "count": 4
        },
        "3DBall.Policy.Entropy.sum": {
            "value": 16994.76953125,
            "min": 16994.76953125,
            "max": 17197.53125,
            "count": 4
        },
        "3DBall.Environment.EpisodeLength.mean": {
            "value": 25.299781181619256,
            "min": 21.253703703703703,
            "max": 25.299781181619256,
            "count": 4
        },
        "3DBall.Environment.EpisodeLength.sum": {
            "value": 11562.0,
            "min": 11477.0,
            "max": 11562.0,
            "count": 4
        },
        "3DBall.Step.mean": {
            "value": 47999.0,
            "min": 11985.0,
            "max": 47999.0,
            "count": 4
        },
        "3DBall.Step.sum": {
            "value": 47999.0,
            "min": 11985.0,
            "max": 47999.0,
            "count": 4
        },
        "3DBall.Policy.ExtrinsicValueEstimate.mean": {
            "value": 0.35637837648391724,
            "min": 0.15828579664230347,
            "max": 0.35637837648391724,
            "count": 4
        },
        "3DBall.Policy.ExtrinsicValueEstimate.sum": {
            "value": 162.8649139404297,
            "min": 79.934326171875,
            "max": 162.8649139404297,
            "count": 4
        },
        "3DBall.Environment.CumulativeReward.mean": {
            "value": 1.52735223968389,
            "min": 1.12356212320487,
            "max": 1.52735223968389,
            "count": 4
        },
        "3DBall.Environment.CumulativeReward.sum": {
            "value": 697.9999735355377,
            "min": 605.5999844074249,
            "max": 697.9999735355377,
            "count": 4
        },
        "3DBall.Policy.ExtrinsicReward.mean": {
            "value": 1.52735223968389,
            "min": 1.12356212320487,
            "max": 1.52735223968389,
            "count": 4
        },
        "3DBall.Policy.ExtrinsicReward.sum": {
            "value": 697.9999735355377,
            "min": 605.5999844074249,
            "max": 697.9999735355377,
            "count": 4
        },
        "3DBall.IsTraining.mean": {
            "value": 1.0,
            "min": 1.0,
            "max": 1.0,
            "count": 4
        },
        "3DBall.IsTraining.sum": {
            "value": 1.0,
            "min": 1.0,
            "max": 1.0,
            "count": 4
        },
        "3DBall.Losses.PolicyLoss.mean": {
            "value": 0.21761672725038486,
            "min": 0.2126735620798363,
            "max": 0.21761672725038486,
            "count": 3
        },
        "3DBall.Losses.PolicyLoss.sum": {
            "value": 0.21761672725038486,
            "min": 0.2126735620798363,
            "max": 0.21761672725038486,
            "count": 3
        },
        "3DBall.Losses.ValueLoss.mean": {
            "value": 0.2521740666146528,
            "min": 0.17192006393056938,
            "max": 0.2521740666146528,
            "count": 3
        },
        "3DBall.Losses.ValueLoss.sum": {
            "value": 0.2521740666146528,
            "min": 0.17192006393056938,
            "max": 0.2521740666146528,
            "count": 3
        },
        "3DBall.Policy.LearningRate.mean": {
            "value": 0.0004636910072618,
            "min": 0.0004636910072618,
            "max": 0.00048789900242019997,
            "count": 3
        },
        "3DBall.Policy.LearningRate.sum": {
            "value": 0.0004636910072618,
            "min": 0.0004636910072618,
            "max": 0.00048789900242019997,
            "count": 3
        },
        "3DBall.Policy.Epsilon.mean": {
            "value": 0.09999999999999999,
            "min": 0.09999999999999999,
            "max": 0.09999999999999999,
            "count": 3
        },
        "3DBall.Policy.Epsilon.sum": {
            "value": 0.09999999999999999,
            "min": 0.09999999999999999,
            "max": 0.09999999999999999,
            "count": 3
        },
        "3DBall.Policy.Beta.mean": {
            "value": 0.0011135845800000002,
            "min": 0.0011135845800000002,
            "max": 0.0011711996199999998,
            "count": 3
        },
        "3DBall.Policy.Beta.sum": {
            "value": 0.0011135845800000002,
            "min": 0.0011135845800000002,
            "max": 0.0011711996199999998,
            "count": 3
        }
    },
    "metadata": {
        "timer_format_version": "0.1.0",
        "start_time_seconds": "1764939127",
        "python_version": "3.10.11 (tags/v3.10.11:7d4cc5a, Apr  5 2023, 00:38:17) [MSC v.1929 64 bit (AMD64)]",
        "command_line_arguments": "C:\\Users\\moebn\\Documents\\University\\Project 2-1\\project_2_1_group_7\\venv\\Scripts\\mlagents-learn Config/training_config.yaml --run-id=run_batch_size14_buffer_size12100_learning_rate0.0005_beta0.0012_epsilon0.1 --time-scale=20 --env=3DBall_environment/UnityEnvironment.exe --no-graphics",
        "mlagents_version": "1.0.0",
        "mlagents_envs_version": "1.0.0",
        "communication_protocol_version": "1.5.0",
        "pytorch_version": "2.9.1+cpu",
        "numpy_version": "1.23.5",
        "end_time_seconds": "1764939170"
    },
    "total": 42.881705300009344,
    "count": 1,
    "self": 0.16512040000816341,
    "children": {
        "run_training.setup": {
            "total": 0.06992480000189971,
            "count": 1,
            "self": 0.06992480000189971
        },
        "TrainerController.start_learning": {
            "total": 42.64666009999928,
            "count": 1,
            "self": 0.050870900333393365,
            "children": {
                "TrainerController._reset_env": {
                    "total": 3.3963580999989063,
                    "count": 1,
                    "self": 3.3963580999989063
                },
                "TrainerController.advance": {
                    "total": 39.193143599666655,
                    "count": 5736,
                    "self": 0.04907829948933795,
                    "children": {
                        "env_step": {
                            "total": 13.97630560027028,
                            "count": 5736,
                            "self": 12.449904499691911,
                            "children": {
                                "SubprocessEnvManager._take_step": {
                                    "total": 1.4926307003188413,
                                    "count": 5736,
                                    "self": 0.12026769999647513,
                                    "children": {
                                        "TorchPolicy.evaluate": {
                                            "total": 1.3723630003223661,
                                            "count": 4186,
                                            "self": 1.3723630003223661
                                        }
                                    }
                                },
                                "workers": {
                                    "total": 0.03377040025952738,
                                    "count": 5736,
                                    "self": 0.0,
                                    "children": {
                                        "worker_root": {
                                            "total": 39.75956140033668,
                                            "count": 5736,
                                            "is_parallel": true,
                                            "self": 30.270806000335142,
                                            "children": {
                                                "steps_from_proto": {
                                                    "total": 0.00022069999249652028,
                                                    "count": 1,