{
    "name": "root",
    "gauges": {
        "3DBall.Policy.Entropy.mean": {
            "value": 1.418125867843628,
            "min": 1.418125867843628,
            "max": 1.4225246906280518,
            "count": 4
        },
        "3DBall.Policy.Entropy.sum": {
            "value": 17170.66796875,
            "min": 16992.876953125,
            "max": 17231.5859375,
            "count": 4
        },
        "3DBall.Environment.EpisodeLength.mean": {
            "value": 25.38157894736842,
            "min": 21.437383177570094,
            "max": 25.38157894736842,
            "count": 4
        },
        "3DBall.Environment.EpisodeLength.sum": {
            "value": 11574.0,
            "min": 11469.0,
            "max": 11574.0,
            "count": 4
        },
        "3DBall.Step.mean": {
            "value": 47968.0,
            "min": 11983.0,
            "max": 47968.0,
            "count": 4
        },
        "3DBall.Step.sum": {
            "value": 47968.0,
            "min": 11983.0,
            "max": 47968.0,
            "count": 4
        },
        "3DBall.Policy.ExtrinsicValueEstimate.mean": {
            "value": 0.2744552791118622,
            "min": 0.1948636770248413,
            "max": 0.2744552791118622,
            "count": 4
        },
        "3DBall.Policy.ExtrinsicValueEstimate.sum": {
            "value": 124.60269165039062,
            "min": 103.47261047363281,
            "max": 124.60269165039062,
            "count": 4
        },
        "3DBall.Environment.CumulativeReward.mean": {
            "value": 1.5367840665027435,
            "min": 1.14400746134783,
            "max": 1.5367840665027435,
            "count": 4
        },
        "3DBall.Environment.CumulativeReward.sum": {
            "value": 697.6999661922455,
            "min": 610.8999843597412,
            "max": 697.6999661922455,
            "count": 4
        },
        "3DBall.Policy.ExtrinsicReward.mean": {
            "value": 1.5367840665027435,
            "min": 1.14400746134783,
            "max": 1.5367840665027435,
            "count": 4
        },
        "3DBall.Policy.ExtrinsicReward.sum": {
            "value": 697.6999661922455,
            "min": 610.8999843597412,
            "max": 697.6999661922455,
            "count": 4
        },
        "3DBall.IsTraining.mean": {
            "value": 1.0,
            "min": 1.0,
            "max": 1.0,
            "count": 4
        },
        "3DBall.IsTraining.sum": {
            "value": 1.0,
            "min": 1.0,
            "max": 1.0,
            "count": 4
        },
        "3DBall.Losses.PolicyLoss.mean": {
            "value": 0.12574569504496474,
            "min": 0.12526803326513747,
            "max": 0.12574569504496474,
            "count": 2
        },
        "3DBall.Losses.PolicyLoss.sum": {
            "value": 0.12574569504496474,
            "min": 0.12526803326513747,
            "max": 0.12574569504496474,
            "count": 2
        },
        "3DBall.Losses.ValueLoss.mean": {
            "value": 0.1983136637278035,
            "min": 0.1983136637278035,
            "max": 0.26752266348477804,
            "count": 2
        },
        "3DBall.Losses.ValueLoss.sum": {
            "value": 0.1983136637278035,
            "min": 0.1983136637278035,
            "max": 0.26752266348477804,
            "count": 2
        },
        "3DBall.Policy.LearningRate.mean": {
            "value": 0.00018454520772740002,
            "min": 0.00018454520772740002,
            "max": 0.00019227120386440007,
            "count": 2
        },
        "3DBall.Policy.LearningRate.sum": {
            "value": 0.00018454520772740002,
            "min": 0.00018454520772740002,
            "max": 0.00019227120386440007,
            "count": 2
        },
        "3DBall.Policy.Epsilon.mean": {
            "value": 0.1922726,
            "min": 0.1922726,
            "max": 0.19613560000000002,
            "count": 2
        },
        "3DBall.Policy.Epsilon.sum": {
            "value": 0.1922726,
            "min": 0.1922726,
            "max": 0.19613560000000002,
            "count": 2
        },
        "3DBall.Policy.Beta.mean": {
            "value": 0.0012003165400000001,
            "min": 0.0012003165400000001,
            "max": 0.00125014924,
            "count": 2
        },
        "3DBall.Policy.Beta.sum": {
            "value": 0.0012003165400000001,
            "min": 0.0012003165400000001,
            "max": 0.00125014924,
            "count": 2
        }
    },
    "metadata": {
        "timer_format_version": "0.1.0",
        "start_time_seconds": "1765119809",
        "python_version": "3.10.11 (tags/v3.10.11:7d4cc5a, Apr  5 2023, 00:38:17) [MSC v.1929 64 bit (AMD64)]",
        "command_line_arguments": "C:\\Users\\moebn\\Documents\\University\\Project 2-1\\project_2_1_group_7\\venv\\Scripts\\mlagents-learn Config/training_config.yaml --run-id=run_batch_size40_buffer_size19300_learning_rate0.0002_beta0.0013_epsilon0.2 --time-scale=20 --env=3DBall_environment/UnityEnvironment.exe --no-graphics",
        "mlagents_version": "1.0.0",
        "mlagents_envs_version": "1.0.0",
        "communication_protocol_version": "1.5.0",
        "pytorch_version": "2.9.1+cpu",
        "numpy_version": "1.23.5",
        "end_time_seconds": "1765119837"
    },
    "total": 28.620654700003797,
    "count": 1,
    "self": 0.16274189998512156,
    "children": {
        "run_training.setup": {
            "total": 0.07203959999606013,
            "count": 1,
            "self": 0.07203959999606013
        },
        "TrainerController.start_learning": {
            "total": 28.385873200022615,
            "count": 1,
            "self": 0.050053401821060106,
            "children": {
                "TrainerController._reset_env": {
                    "total": 3.3979210999968927,
                    "count": 1,
                    "self": 3.3979210999968927
                },
                "TrainerController.advance": {
                    "total": 24.931379698216915,
                    "count": 5777,
                    "self": 0.04791869656764902,
                    "children": {
                        "env_step": {
                            "total": 14.241276900749654,
                            "count": 5777,
                            "self": 12.706050400884124,
                            "children": {
                                "SubprocessEnvManager._take_step": {
                                    "total": 1.5000846998300403,
                                    "count": 5777,
                                    "self": 0.12115940044168383,
                                    "children": {
                                        "TorchPolicy.evaluate": {
                                            "total": 1.3789252993883565,
                                            "count": 4178,
                                            "self": 1.3789252993883565
                                        }
                                    }
                                },
                                "workers": {
                                    "total": 0.03514180003548972,
                                    "count": 5777,
                                    "self": 0.0,
                                    "children": {
                                        "worker_root": {
                                            "total": 25.445034801523434,
                                            "count": 5777,
                                            "is_parallel": true,
                                            "self": 15.751327701698756,
                                            "children": {
                                                "steps_from_proto": {
                                                    "total": 0.00025189999723806977,
                                                    "count": 1,