{
    "name": "root",
    "gauges": {
        "3DBall.Policy.Entropy.mean": {
            "value": 1.3347928524017334,
            "min": 1.3347928524017334,
            "max": 1.4140095710754395,
            "count": 4
        },
        "3DBall.Policy.Entropy.sum": {
            "value": 18051.73828125,
            "min": 16707.58203125,
            "max": 20962.7265625,
            "count": 4
        },
        "3DBall.Environment.EpisodeLength.mean": {
            "value": 854.7857142857143,
            "min": 27.140515222482435,
            "max": 957.3846153846154,
            "count": 4
        },
        "3DBall.Environment.EpisodeLength.sum": {
            "value": 11967.0,
            "min": 11589.0,
            "max": 12446.0,
            "count": 4
        },
        "3DBall.Step.mean": {
            "value": 47934.0,
            "min": 11972.0,
            "max": 47934.0,
            "count": 4
        },
        "3DBall.Step.sum": {
            "value": 47934.0,
            "min": 11972.0,
            "max": 47934.0,
            "count": 4
        },
        "3DBall.Policy.ExtrinsicValueEstimate.mean": {
            "value": 9.488618850708008,
            "min": 0.3520747721195221,
            "max": 9.506893157958984,
            "count": 4
        },
        "3DBall.Policy.ExtrinsicValueEstimate.sum": {
            "value": 132.84066772460938,
            "min": 123.58960723876953,
            "max": 210.43572998046875,
            "count": 4
        },
        "3DBall.Environment.CumulativeReward.mean": {
            "value": 85.26429912022182,
            "min": 1.7103286013356958,
            "max": 95.58462993915265,
            "count": 4
        },
        "3DBall.Environment.CumulativeReward.sum": {
            "value": 1193.7001876831055,
            "min": 728.5999841690063,
            "max": 1242.6001892089844,
            "count": 4
        },
        "3DBall.Policy.ExtrinsicReward.mean": {
            "value": 85.26429912022182,
            "min": 1.7103286013356958,
            "max": 95.58462993915265,
            "count": 4
        },
        "3DBall.Policy.ExtrinsicReward.sum": {
            "value": 1193.7001876831055,
            "min": 728.5999841690063,
            "max": 1242.6001892089844,
            "count": 4
        },
        "3DBall.Losses.PolicyLoss.mean": {
            "value": 0.14845381535801436,
            "min": 0.13363284321727814,
            "max": 0.15510775033272053,
            "count": 4
        },
        "3DBall.Losses.PolicyLoss.sum": {
            "value": 1.9298995996541868,
            "min": 1.9298995996541868,
            "max": 13.630550008162372,
            "count": 4
        },
        "3DBall.Losses.ValueLoss.mean": {
            "value": 0.8956538847152908,
            "min": 0.5821882177136173,
            "max": 3.3403124962484965,
            "count": 4
        },
        "3DBall.Losses.ValueLoss.sum": {
            "value": 11.643500501298782,
            "min": 9.695353089348147,
            "max": 123.59156236119438,
            "count": 4
        },
        "3DBall.Policy.LearningRate.mean": {
            "value": 0.0003662248699822461,
            "min": 0.0003662248699822461,
            "max": 0.0003952921109808941,
            "count": 4
        },
        "3DBall.Policy.LearningRate.sum": {
            "value": 0.004760923309769199,
            "min": 0.004760923309769199,
            "max": 0.0403197953200512,
            "count": 4
        },
        "3DBall.Policy.Epsilon.mean": {
            "value": 0.19155621538461537,
            "min": 0.19155621538461537,
            "max": 0.19882302745098038,
            "count": 4
        },
        "3DBall.Policy.Epsilon.sum": {
            "value": 2.4902308,
            "min": 2.4902308,
            "max": 20.2799488,
            "count": 4
        },
        "3DBall.Policy.Beta.mean": {
            "value": 0.0009164065323076924,
            "min": 0.0009164065323076924,
            "max": 0.000988347971764706,
            "count": 4
        },
        "3DBall.Policy.Beta.sum": {
            "value": 0.011913284920000001,
            "min": 0.011913284920000001,
            "max": 0.10081149312,
            "count": 4
        },
        "3DBall.IsTraining.mean": {
            "value": 1.0,
            "min": 1.0,
            "max": 1.0,
            "count": 4
        },
        "3DBall.IsTraining.sum": {
            "value": 1.0,
            "min": 1.0,
            "max": 1.0,
            "count": 4
        }
    },
    "metadata": {
        "timer_format_version": "0.1.0",
        "start_time_seconds": "1765035898",
        "python_version": "3.10.11 (tags/v3.10.11:7d4cc5a, Apr  5 2023, 00:38:17) [MSC v.1929 64 bit (AMD64)]",
        "command_line_arguments": "C:\\Users\\moebn\\Documents\\University\\Project 2-1\\project_2_1_group_7\\venv\\Scripts\\mlagents-learn Config/training_config.yaml --run-id=run_batch_size27_buffer_size100_learning_rate0.0004_beta0.001_epsilon0.2 --time-scale=20 --env=3DBall_environment/UnityEnvironment.exe --no-graphics",
        "mlagents_version": "1.0.0",
        "mlagents_envs_version": "1.0.0",
        "communication_protocol_version": "1.5.0",
        "pytorch_version": "2.9.1+cpu",
        "numpy_version": "1.23.5",
        "end_time_seconds": "1765035932"
    },
    "total": 34.35296659999585,
    "count": 1,
    "self": 0.15532539998821449,
    "children": {
        "run_training.setup": {
            "total": 0.0656472999980906,
            "count": 1,
            "self": 0.0656472999980906
        },
        "TrainerController.start_learning": {
            "total": 34.13199390000955,
            "count": 1,
            "self": 0.043394799111410975,
            "children": {
                "TrainerController._reset_env": {
                    "total": 3.4233193999971263,
                    "count": 1,
                    "self": 3.4233193999971263
                },
                "TrainerController.advance": {
                    "total": 30.658729000904714,
                    "count": 5069,
                    "self": 0.04071520094294101,
                    "children": {
                        "env_step": {
                            "total": 14.293931399966823,
                            "count": 5069,
                            "self": 12.580513800450717,
                            "children": {
                                "SubprocessEnvManager._take_step": {
                                    "total": 1.6836997992359102,
                                    "count": 5069,
                                    "self": 0.12860449934669305,
                                    "children": {
                                        "TorchPolicy.evaluate": {
                                            "total": 1.5550952998892171,
                                            "count": 4669,
                                            "self": 1.5550952998892171
                                        }
                                    }
                                },
                                "workers": {
                                    "total": 0.02971780028019566,
                                    "count": 5069,
                                    "self": 0.0,
                                    "children": {
                                        "worker_root": {
                                            "total": 31.17526919969532,
                                            "count": 5069,
                                            "is_parallel": true,
                                            "self": 21.340715299913427,
                                            "children": {
                                                "steps_from_proto": {
                                                    "total": 0.0002710999979171902,
                                                    "count": 1,