{
    "name": "root",
    "gauges": {
        "3DBall.Policy.Entropy.mean": {
            "value": 1.3117470741271973,
            "min": 1.3103994131088257,
            "max": 1.4188004732131958,
            "count": 41
        },
        "3DBall.Policy.Entropy.sum": {
            "value": 15740.96484375,
            "min": 14300.7373046875,
            "max": 19949.23046875,
            "count": 41
        },
        "3DBall.Environment.EpisodeLength.mean": {
            "value": 999.0,
            "min": 24.271008403361346,
            "max": 999.0,
            "count": 41
        },
        "3DBall.Environment.EpisodeLength.sum": {
            "value": 11988.0,
            "min": 11514.0,
            "max": 12545.0,
            "count": 41
        },
        "3DBall.Step.mean": {
            "value": 491558.0,
            "min": 11988.0,
            "max": 491558.0,
            "count": 41
        },
        "3DBall.Step.sum": {
            "value": 491558.0,
            "min": 11988.0,
            "max": 491558.0,
            "count": 41
        },
        "3DBall.Policy.ExtrinsicValueEstimate.mean": {
            "value": 9.998576164245605,
            "min": 0.2759903371334076,
            "max": 10.006134986877441,
            "count": 41
        },
        "3DBall.Policy.ExtrinsicValueEstimate.sum": {
            "value": 119.98291778564453,
            "min": 117.39337158203125,
            "max": 306.1454772949219,
            "count": 41
        },
        "3DBall.Environment.CumulativeReward.mean": {
            "value": 100.00001525878906,
            "min": 1.4237894218846372,
            "max": 100.00001525878906,
            "count": 41
        },
        "3DBall.Environment.CumulativeReward.sum": {
            "value": 1200.0001831054688,
            "min": 676.2999753952026,
            "max": 1245.3001899719238,
            "count": 41
        },
        "3DBall.Policy.ExtrinsicReward.mean": {
            "value": 100.00001525878906,
            "min": 1.4237894218846372,
            "max": 100.00001525878906,
            "count": 41
        },
        "3DBall.Policy.ExtrinsicReward.sum": {
            "value": 1200.0001831054688,
            "min": 676.2999753952026,
            "max": 1245.3001899719238,
            "count": 41
        },
        "3DBall.Losses.PolicyLoss.mean": {
            "value": 0.19036416454907212,
            "min": 0.17967502297580396,
            "max": 0.20254992947790001,
            "count": 41
        },
        "3DBall.Losses.PolicyLoss.sum": {
            "value": 0.7614566581962885,
            "min": 0.7187000919032158,
            "max": 1.2110209170468726,
            "count": 41
        },
        "3DBall.Losses.ValueLoss.mean": {
            "value": 0.0008618604894768712,
            "min": 0.0006852011833246912,
            "max": 3.86940815279321,
            "count": 41
        },
        "3DBall.Losses.ValueLoss.sum": {
            "value": 0.003447441957907485,
            "min": 0.002740804733298765,
            "max": 19.34704076396605,
            "count": 41
        },
        "3DBall.Policy.LearningRate.mean": {
            "value": 2.988497011600002e-06,
            "min": 2.988497011600002e-06,
            "max": 9.876284123716001e-05,
            "count": 41
        },
        "3DBall.Policy.LearningRate.sum": {
            "value": 1.1953988046400007e-05,
            "min": 1.1953988046400007e-05,
            "max": 0.0005789574210426,
            "count": 41
        },
        "3DBall.Policy.Epsilon.mean": {
            "value": 0.09999999999999999,
            "min": 0.09999999999999998,
            "max": 0.1,
            "count": 41
        },
        "3DBall.Policy.Epsilon.sum": {
            "value": 0.39999999999999997,
            "min": 0.39999999999999997,
            "max": 0.6,
            "count": 41
        },
        "3DBall.Policy.Beta.mean": {
            "value": 1.2689560000000002e-05,
            "min": 1.2689560000000002e-05,
            "max": 9.888655599999999e-05,
            "count": 41
        },
        "3DBall.Policy.Beta.sum": {
            "value": 5.075824000000001e-05,
            "min": 5.075824000000001e-05,
            "max": 0.00058106166,
            "count": 41
        },
        "3DBall.IsTraining.mean": {
            "value": 1.0,
            "min": 1.0,
            "max": 1.0,
            "count": 41
        },
        "3DBall.IsTraining.sum": {
            "value": 1.0,
            "min": 1.0,
            "max": 1.0,
            "count": 41
        }
    },
    "metadata": {
        "timer_format_version": "0.1.0",
        "start_time_seconds": "1767608439",
        "python_version": "3.10.11 (tags/v3.10.11:7d4cc5a, Apr  5 2023, 00:38:17) [MSC v.1929 64 bit (AMD64)]",
        "command_line_arguments": "C:\\Users\\atoz\\Documents\\01_2025_2026_year_2\\semester_1\\project_2_1\\code\\project_2_1_group_7\\venv\\Scripts\\mlagents-learn Config/training_config.yaml --run-id=omar-run51 --time-scale=20 --env=3DBall_environment/UnityEnvironment.exe --no-graphics",
        "mlagents_version": "1.0.0",
        "mlagents_envs_version": "1.0.0",
        "communication_protocol_version": "1.5.0",
        "pytorch_version": "1.13.1+cpu",
        "numpy_version": "1.23.5",
        "end_time_seconds": "1767608760"
    },
    "total": 321.3715305000078,
    "count": 1,
    "self": 0.21387889998732135,
    "children": {
        "run_training.setup": {
            "total": 0.07010350000928156,
            "count": 1,
            "self": 0.07010350000928156
        },
        "TrainerController.start_learning": {
            "total": 321.0875481000112,
            "count": 1,
            "self": 0.4823105046234559,
            "children": {
                "TrainerController._reset_env": {
                    "total": 1.4117082000011578,
                    "count": 1,
                    "self": 1.4117082000011578
                },
                "TrainerController.advance": {
                    "total": 319.15969919538475,
                    "count": 43384,
                    "self": 0.44833559438120574,
                    "children": {
                        "env_step": {
                            "total": 144.37823680005386,
                            "count": 43384,
                            "self": 123.27713889727602,
                            "children": {
                                "SubprocessEnvManager._take_step": {
                                    "total": 20.785573101689806,
                                    "count": 43384,
                                    "self": 1.5272527018096298,
                                    "children": {
                                        "TorchPolicy.evaluate": {
                                            "total": 19.258320399880176,
                                            "count": 42176,
                                            "self": 19.258320399880176
                                        }
                                    }
                                },
                                "workers": {
                                    "total": 0.3155248010880314,
                                    "count": 43384,
                                    "self": 0.0,
                                    "children": {
                                        "worker_root": {
                                            "total": 318.95594590049586,
                                            "count": 43384,
                                            "is_parallel": true,
                                            "self": 225.9722930029966,
                                            "children": {
                                                "steps_from_proto": {
                                                    "total": 0.00020209999638609588,
                                                    "count": 1,