{
    "name": "root",
    "gauges": {
        "3DBall.Policy.Entropy.mean": {
            "value": 1.4233627319335938,
            "min": 1.4189382791519165,
            "max": 1.4319572448730469,
            "count": 4
        },
        "3DBall.Policy.Entropy.sum": {
            "value": 16977.87109375,
            "min": 16977.87109375,
            "max": 17269.404296875,
            "count": 4
        },
        "3DBall.Environment.EpisodeLength.mean": {
            "value": 23.464358452138494,
            "min": 20.69494584837545,
            "max": 23.464358452138494,
            "count": 4
        },
        "3DBall.Environment.EpisodeLength.sum": {
            "value": 11521.0,
            "min": 11454.0,
            "max": 11521.0,
            "count": 4
        },
        "3DBall.Step.mean": {
            "value": 47984.0,
            "min": 11991.0,
            "max": 47984.0,
            "count": 4
        },
        "3DBall.Step.sum": {
            "value": 47984.0,
            "min": 11991.0,
            "max": 47984.0,
            "count": 4
        },
        "3DBall.Policy.ExtrinsicValueEstimate.mean": {
            "value": 0.22662270069122314,
            "min": 0.20089103281497955,
            "max": 0.3005440831184387,
            "count": 4
        },
        "3DBall.Policy.ExtrinsicValueEstimate.sum": {
            "value": 111.27174377441406,
            "min": 101.04818725585938,
            "max": 166.2008819580078,
            "count": 4
        },
        "3DBall.Environment.CumulativeReward.mean": {
            "value": 1.3429734785785015,
            "min": 1.0683544121857793,
            "max": 1.3429734785785015,
            "count": 4
        },
        "3DBall.Environment.CumulativeReward.sum": {
            "value": 659.3999779820442,
            "min": 590.799989938736,
            "max": 659.3999779820442,
            "count": 4
        },
        "3DBall.Policy.ExtrinsicReward.mean": {
            "value": 1.3429734785785015,
            "min": 1.0683544121857793,
            "max": 1.3429734785785015,
            "count": 4
        },
        "3DBall.Policy.ExtrinsicReward.sum": {
            "value": 659.3999779820442,
            "min": 590.799989938736,
            "max": 659.3999779820442,
            "count": 4
        },
        "3DBall.IsTraining.mean": {
            "value": 1.0,
            "min": 1.0,
            "max": 1.0,
            "count": 4
        },
        "3DBall.IsTraining.sum": {
            "value": 1.0,
            "min": 1.0,
            "max": 1.0,
            "count": 4
        },
        "3DBall.Losses.PolicyLoss.mean": {
            "value": 0.15636946279007835,
            "min": 0.15411139616933883,
            "max": 0.15636946279007835,
            "count": 2
        },
        "3DBall.Losses.PolicyLoss.sum": {
            "value": 0.15636946279007835,
            "min": 0.15411139616933883,
            "max": 0.15636946279007835,
            "count": 2
        },
        "3DBall.Losses.ValueLoss.mean": {
            "value": 0.17120387292114864,
            "min": 0.17120387292114864,
            "max": 0.18859456779178893,
            "count": 2
        },
        "3DBall.Losses.ValueLoss.sum": {
            "value": 0.17120387292114864,
            "min": 0.17120387292114864,
            "max": 0.18859456779178893,
            "count": 2
        },
        "3DBall.Policy.LearningRate.mean": {
            "value": 0.00045658600868279996,
            "min": 0.00045658600868279996,
            "max": 0.0004782900043419998,
            "count": 2
        },
        "3DBall.Policy.LearningRate.sum": {
            "value": 0.00045658600868279996,
            "min": 0.00045658600868279996,
            "max": 0.0004782900043419998,
            "count": 2
        },
        "3DBall.Policy.Epsilon.mean": {
            "value": 0.23697580000000001,
            "min": 0.23697580000000001,
            "max": 0.24348699999999998,
            "count": 2
        },
        "3DBall.Policy.Epsilon.sum": {
            "value": 0.23697580000000001,
            "min": 0.23697580000000001,
            "max": 0.24348699999999998,
            "count": 2
        },
        "3DBall.Policy.Beta.mean": {
            "value": 0.00091404028,
            "min": 0.00091404028,
            "max": 0.0009570142,
            "count": 2
        },
        "3DBall.Policy.Beta.sum": {
            "value": 0.00091404028,
            "min": 0.00091404028,
            "max": 0.0009570142,
            "count": 2
        }
    },
    "metadata": {
        "timer_format_version": "0.1.0",
        "start_time_seconds": "1765082138",
        "python_version": "3.10.11 (tags/v3.10.11:7d4cc5a, Apr  5 2023, 00:38:17) [MSC v.1929 64 bit (AMD64)]",
        "command_line_arguments": "C:\\Users\\moebn\\Documents\\University\\Project 2-1\\project_2_1_group_7\\venv\\Scripts\\mlagents-learn Config/training_config.yaml --run-id=run_batch_size27_buffer_size21700_learning_rate0.0005_beta0.001_epsilon0.25 --time-scale=20 --env=3DBall_environment/UnityEnvironment.exe --no-graphics",
        "mlagents_version": "1.0.0",
        "mlagents_envs_version": "1.0.0",
        "communication_protocol_version": "1.5.0",
        "pytorch_version": "2.9.1+cpu",
        "numpy_version": "1.23.5",
        "end_time_seconds": "1765082174"
    },
    "total": 35.93968070000119,
    "count": 1,
    "self": 0.20591480001166929,
    "children": {
        "run_training.setup": {
            "total": 0.06682169999112375,
            "count": 1,
            "self": 0.06682169999112375
        },
        "TrainerController.start_learning": {
            "total": 35.6669441999984,
            "count": 1,
            "self": 0.05176310008391738,
            "children": {
                "TrainerController._reset_env": {
                    "total": 6.752516499997,
                    "count": 1,
                    "self": 6.752516499997
                },
                "TrainerController.advance": {
                    "total": 28.85618709992559,
                    "count": 5821,
                    "self": 0.0490378000686178,
                    "children": {
                        "env_step": {
                            "total": 14.327977600230952,
                            "count": 5821,
                            "self": 12.795743200054858,
                            "children": {
                                "SubprocessEnvManager._take_step": {
                                    "total": 1.497346200136235,
                                    "count": 5821,
                                    "self": 0.19697870037634857,
                                    "children": {
                                        "TorchPolicy.evaluate": {
                                            "total": 1.3003674997598864,
                                            "count": 4179,
                                            "self": 1.3003674997598864
                                        }
                                    }
                                },
                                "workers": {
                                    "total": 0.03488820003985893,
                                    "count": 5821,
                                    "self": 0.0,
                                    "children": {
                                        "worker_root": {
                                            "total": 29.4307661990606,
                                            "count": 5821,
                                            "is_parallel": true,
                                            "self": 19.674274499484454,
                                            "children": {
                                                "steps_from_proto": {
                                                    "total": 0.00025540000933688134,
                                                    "count": 1,