{
    "name": "root",
    "gauges": {
        "3DBall.Policy.Entropy.mean": {
            "value": 1.4053019285202026,
            "min": 1.4053019285202026,
            "max": 1.4273771047592163,
            "count": 8
        },
        "3DBall.Policy.Entropy.sum": {
            "value": 16779.3046875,
            "min": 16779.3046875,
            "max": 17248.61328125,
            "count": 8
        },
        "3DBall.Environment.EpisodeLength.mean": {
            "value": 53.38914027149321,
            "min": 22.549902152641877,
            "max": 53.38914027149321,
            "count": 8
        },
        "3DBall.Environment.EpisodeLength.sum": {
            "value": 11799.0,
            "min": 11473.0,
            "max": 11799.0,
            "count": 8
        },
        "3DBall.Step.mean": {
            "value": 95978.0,
            "min": 11996.0,
            "max": 95978.0,
            "count": 8
        },
        "3DBall.Step.sum": {
            "value": 95978.0,
            "min": 11996.0,
            "max": 95978.0,
            "count": 8
        },
        "3DBall.Policy.ExtrinsicValueEstimate.mean": {
            "value": 1.2752186059951782,
            "min": 0.22281228005886078,
            "max": 1.2752186059951782,
            "count": 8
        },
        "3DBall.Policy.ExtrinsicValueEstimate.sum": {
            "value": 281.82330322265625,
            "min": 111.40614318847656,
            "max": 283.6444091796875,
            "count": 8
        },
        "3DBall.Environment.CumulativeReward.mean": {
            "value": 4.334841983350693,
            "min": 1.2521568211854672,
            "max": 4.334841983350693,
            "count": 8
        },
        "3DBall.Environment.CumulativeReward.sum": {
            "value": 958.0000783205032,
            "min": 638.5999788045883,
            "max": 958.0000783205032,
            "count": 8
        },
        "3DBall.Policy.ExtrinsicReward.mean": {
            "value": 4.334841983350693,
            "min": 1.2521568211854672,
            "max": 4.334841983350693,
            "count": 8
        },
        "3DBall.Policy.ExtrinsicReward.sum": {
            "value": 958.0000783205032,
            "min": 638.5999788045883,
            "max": 958.0000783205032,
            "count": 8
        },
        "3DBall.IsTraining.mean": {
            "value": 1.0,
            "min": 1.0,
            "max": 1.0,
            "count": 8
        },
        "3DBall.IsTraining.sum": {
            "value": 1.0,
            "min": 1.0,
            "max": 1.0,
            "count": 8
        },
        "3DBall.Losses.PolicyLoss.mean": {
            "value": 0.09809318382180698,
            "min": 0.09587952045142545,
            "max": 0.10253869462924314,
            "count": 7
        },
        "3DBall.Losses.PolicyLoss.sum": {
            "value": 0.09809318382180698,
            "min": 0.09587952045142545,
            "max": 0.10253869462924314,
            "count": 7
        },
        "3DBall.Losses.ValueLoss.mean": {
            "value": 1.3346237960859393,
            "min": 0.3420477628893818,
            "max": 1.3346237960859393,
            "count": 7
        },
        "3DBall.Losses.ValueLoss.sum": {
            "value": 1.3346237960859393,
            "min": 0.3420477628893818,
            "max": 1.3346237960859393,
            "count": 7
        },
        "3DBall.Policy.LearningRate.mean": {
            "value": 4.732208422600001e-05,
            "min": 4.732208422600001e-05,
            "max": 0.000263898012034,
            "count": 7
        },
        "3DBall.Policy.LearningRate.sum": {
            "value": 4.732208422600001e-05,
            "min": 4.732208422600001e-05,
            "max": 0.000263898012034,
            "count": 7
        },
        "3DBall.Policy.Epsilon.mean": {
            "value": 0.115774,
            "min": 0.115774,
            "max": 0.18796600000000005,
            "count": 7
        },
        "3DBall.Policy.Epsilon.sum": {
            "value": 0.115774,
            "min": 0.115774,
            "max": 0.18796600000000005,
            "count": 7
        },
        "3DBall.Policy.Beta.mean": {
            "value": 0.00016616260000000001,
            "min": 0.00016616260000000001,
            "max": 0.0008808634,
            "count": 7
        },
        "3DBall.Policy.Beta.sum": {
            "value": 0.00016616260000000001,
            "min": 0.00016616260000000001,
            "max": 0.0008808634,
            "count": 7
        }
    },
    "metadata": {
        "timer_format_version": "0.1.0",
        "start_time_seconds": "1764517741",
        "python_version": "3.10.11 (main, May  7 2023, 18:05:05) [MSC v.1929 64 bit (AMD64)]",
        "command_line_arguments": "C:\\Users\\maxim\\OneDrive\\Desktop\\maastricht\\Year 2\\project_2_1\\project_2_1_group_7\\.venv\\Scripts\\mlagents-learn Hidden_Units/random_config_3.yaml --run-id=max-hiddenunits32-config3-2 --env=3DBall_environment/UnityEnvironment --no-graphics --force",
        "mlagents_version": "1.0.0",
        "mlagents_envs_version": "1.0.0",
        "communication_protocol_version": "1.5.0",
        "pytorch_version": "2.9.0+cpu",
        "numpy_version": "1.23.5",
        "end_time_seconds": "1764517936"
    },
    "total": 194.3952979000751,
    "count": 1,
    "self": 0.40875360020436347,
    "children": {
        "run_training.setup": {
            "total": 0.20510559994727373,
            "count": 1,
            "self": 0.20510559994727373
        },
        "TrainerController.start_learning": {
            "total": 193.78143869992346,
            "count": 1,
            "self": 0.4439421920105815,
            "children": {
                "TrainerController._reset_env": {
                    "total": 8.190994300181046,
                    "count": 1,
                    "self": 8.190994300181046
                },
                "TrainerController.advance": {
                    "total": 182.32632300793193,
                    "count": 10795,
                    "self": 0.4260042109526694,
                    "children": {
                        "env_step": {
                            "total": 98.92201750120148,
                            "count": 10795,
                            "self": 84.96399608906358,
                            "children": {
                                "SubprocessEnvManager._take_step": {
                                    "total": 13.676319810096174,
                                    "count": 10795,
                                    "self": 1.1715542268939316,
                                    "children": {
                                        "TorchPolicy.evaluate": {
                                            "total": 12.504765583202243,
                                            "count": 8363,
                                            "self": 12.504765583202243
                                        }
                                    }
                                },
                                "workers": {
                                    "total": 0.28170160204172134,
                                    "count": 10795,
                                    "self": 0.0,
                                    "children": {
                                        "worker_root": {
                                            "total": 182.164678204339,
                                            "count": 10795,
                                            "is_parallel": true,
                                            "self": 122.53157191257924,
                                            "children": {
                                                "steps_from_proto": {
                                                    "total": 0.0011132999788969755,
                                                    "count": 1,
                                                    "is_parallel": true,