{
    "name": "root",
    "gauges": {
        "3DBall.Policy.Entropy.mean": {
            "value": 1.4112468957901,
            "min": 1.4112468957901,
            "max": 1.4189382791519165,
            "count": 4
        },
        "3DBall.Policy.Entropy.sum": {
            "value": 16918.02734375,
            "min": 16911.57421875,
            "max": 17333.75,
            "count": 4
        },
        "3DBall.Environment.EpisodeLength.mean": {
            "value": 25.54646017699115,
            "min": 22.179190751445088,
            "max": 25.54646017699115,
            "count": 4
        },
        "3DBall.Environment.EpisodeLength.sum": {
            "value": 11547.0,
            "min": 11500.0,
            "max": 11547.0,
            "count": 4
        },
        "3DBall.Step.mean": {
            "value": 47993.0,
            "min": 11984.0,
            "max": 47993.0,
            "count": 4
        },
        "3DBall.Step.sum": {
            "value": 47993.0,
            "min": 11984.0,
            "max": 47993.0,
            "count": 4
        },
        "3DBall.Policy.ExtrinsicValueEstimate.mean": {
            "value": 0.23773476481437683,
            "min": -0.535658061504364,
            "max": 0.23773476481437683,
            "count": 4
        },
        "3DBall.Policy.ExtrinsicValueEstimate.sum": {
            "value": 107.45611572265625,
            "min": -277.47088623046875,
            "max": 107.45611572265625,
            "count": 4
        },
        "3DBall.Environment.CumulativeReward.mean": {
            "value": 1.5550884393464148,
            "min": 1.213513472825864,
            "max": 1.5550884393464148,
            "count": 4
        },
        "3DBall.Environment.CumulativeReward.sum": {
            "value": 702.8999745845795,
            "min": 628.5999789237976,
            "max": 702.8999745845795,
            "count": 4
        },
        "3DBall.Policy.ExtrinsicReward.mean": {
            "value": 1.5550884393464148,
            "min": 1.213513472825864,
            "max": 1.5550884393464148,
            "count": 4
        },
        "3DBall.Policy.ExtrinsicReward.sum": {
            "value": 702.8999745845795,
            "min": 628.5999789237976,
            "max": 702.8999745845795,
            "count": 4
        },
        "3DBall.IsTraining.mean": {
            "value": 1.0,
            "min": 1.0,
            "max": 1.0,
            "count": 4
        },
        "3DBall.IsTraining.sum": {
            "value": 1.0,
            "min": 1.0,
            "max": 1.0,
            "count": 4
        },
        "3DBall.Losses.PolicyLoss.mean": {
            "value": 0.21237341156901315,
            "min": 0.21050658175930811,
            "max": 0.21237341156901315,
            "count": 2
        },
        "3DBall.Losses.PolicyLoss.sum": {
            "value": 0.21237341156901315,
            "min": 0.21050658175930811,
            "max": 0.21237341156901315,
            "count": 2
        },
        "3DBall.Losses.ValueLoss.mean": {
            "value": 0.22768781614758687,
            "min": 0.21026246587034836,
            "max": 0.22768781614758687,
            "count": 2
        },
        "3DBall.Losses.ValueLoss.sum": {
            "value": 0.22768781614758687,
            "min": 0.21026246587034836,
            "max": 0.22768781614758687,
            "count": 2
        },
        "3DBall.Policy.LearningRate.mean": {
            "value": 0.00018262520868739997,
            "min": 0.00018262520868739997,
            "max": 0.00019131840434080002,
            "count": 2
        },
        "3DBall.Policy.LearningRate.sum": {
            "value": 0.00018262520868739997,
            "min": 0.00018262520868739997,
            "max": 0.00019131840434080002,
            "count": 2
        },
        "3DBall.Policy.Epsilon.mean": {
            "value": 0.14565629999999996,
            "min": 0.14565629999999996,
            "max": 0.14782960000000003,
            "count": 2
        },
        "3DBall.Policy.Epsilon.sum": {
            "value": 0.14565629999999996,
            "min": 0.14565629999999996,
            "max": 0.14782960000000003,
            "count": 2
        },
        "3DBall.Policy.Beta.mean": {
            "value": 0.0010053073400000001,
            "min": 0.0010053073400000001,
            "max": 0.00105268528,
            "count": 2
        },
        "3DBall.Policy.Beta.sum": {
            "value": 0.0010053073400000001,
            "min": 0.0010053073400000001,
            "max": 0.00105268528,
            "count": 2
        }
    },
    "metadata": {
        "timer_format_version": "0.1.0",
        "start_time_seconds": "1765028815",
        "python_version": "3.10.11 (tags/v3.10.11:7d4cc5a, Apr  5 2023, 00:38:17) [MSC v.1929 64 bit (AMD64)]",
        "command_line_arguments": "C:\\Users\\moebn\\Documents\\University\\Project 2-1\\project_2_1_group_7\\venv\\Scripts\\mlagents-learn Config/training_config.yaml --run-id=run_batch_size14_buffer_size21700_learning_rate0.0002_beta0.0011_epsilon0.15 --time-scale=20 --env=3DBall_environment/UnityEnvironment.exe --no-graphics",
        "mlagents_version": "1.0.0",
        "mlagents_envs_version": "1.0.0",
        "communication_protocol_version": "1.5.0",
        "pytorch_version": "2.9.1+cpu",
        "numpy_version": "1.23.5",
        "end_time_seconds": "1765028856"
    },
    "total": 41.073374100000365,
    "count": 1,
    "self": 0.14939410000806674,
    "children": {
        "run_training.setup": {
            "total": 0.06593339999380987,
            "count": 1,
            "self": 0.06593339999380987
        },
        "TrainerController.start_learning": {
            "total": 40.85804659999849,
            "count": 1,
            "self": 0.050899799753096886,
            "children": {
                "TrainerController._reset_env": {
                    "total": 3.42475549998926,
                    "count": 1,
                    "self": 3.42475549998926
                },
                "TrainerController.advance": {
                    "total": 37.376088800258,
                    "count": 5729,
                    "self": 0.04841749915794935,
                    "children": {
                        "env_step": {
                            "total": 13.971944501186954,
                            "count": 5729,
                            "self": 12.396227800360066,
                            "children": {
                                "SubprocessEnvManager._take_step": {
                                    "total": 1.542044800837175,
                                    "count": 5729,
                                    "self": 0.1197588009381434,
                                    "children": {
                                        "TorchPolicy.evaluate": {
                                            "total": 1.4222859998990316,
                                            "count": 4185,
                                            "self": 1.4222859998990316
                                        }
                                    }
                                },
                                "workers": {
                                    "total": 0.03367189998971298,
                                    "count": 5729,
                                    "self": 0.0,
                                    "children": {
                                        "worker_root": {
                                            "total": 37.969276500080014,
                                            "count": 5729,
                                            "is_parallel": true,
                                            "self": 28.50188589982281,
                                            "children": {
                                                "steps_from_proto": {
                                                    "total": 0.0002889000024879351,
                                                    "count": 1,