{
    "name": "root",
    "gauges": {
        "3DBall.Policy.Entropy.mean": {
            "value": 1.4057468175888062,
            "min": 1.4057468175888062,
            "max": 1.418938159942627,
            "count": 4
        },
        "3DBall.Policy.Entropy.sum": {
            "value": 16970.17578125,
            "min": 16895.333984375,
            "max": 17180.50390625,
            "count": 4
        },
        "3DBall.Environment.EpisodeLength.mean": {
            "value": 25.03470715835141,
            "min": 21.43551401869159,
            "max": 25.03470715835141,
            "count": 4
        },
        "3DBall.Environment.EpisodeLength.sum": {
            "value": 11541.0,
            "min": 11468.0,
            "max": 11541.0,
            "count": 4
        },
        "3DBall.Step.mean": {
            "value": 47982.0,
            "min": 11986.0,
            "max": 47982.0,
            "count": 4
        },
        "3DBall.Step.sum": {
            "value": 47982.0,
            "min": 11986.0,
            "max": 47982.0,
            "count": 4
        },
        "3DBall.Policy.ExtrinsicValueEstimate.mean": {
            "value": 0.22500433027744293,
            "min": -0.3760914206504822,
            "max": 0.22500433027744293,
            "count": 4
        },
        "3DBall.Policy.ExtrinsicValueEstimate.sum": {
            "value": 103.72699737548828,
            "min": -200.83282470703125,
            "max": 103.72699737548828,
            "count": 4
        },
        "3DBall.Environment.CumulativeReward.mean": {
            "value": 1.5028198918654965,
            "min": 1.1445692518677157,
            "max": 1.5028198918654965,
            "count": 4
        },
        "3DBall.Environment.CumulativeReward.sum": {
            "value": 692.7999701499939,
            "min": 611.1999804973602,
            "max": 692.7999701499939,
            "count": 4
        },
        "3DBall.Policy.ExtrinsicReward.mean": {
            "value": 1.5028198918654965,
            "min": 1.1445692518677157,
            "max": 1.5028198918654965,
            "count": 4
        },
        "3DBall.Policy.ExtrinsicReward.sum": {
            "value": 692.7999701499939,
            "min": 611.1999804973602,
            "max": 692.7999701499939,
            "count": 4
        },
        "3DBall.IsTraining.mean": {
            "value": 1.0,
            "min": 1.0,
            "max": 1.0,
            "count": 4
        },
        "3DBall.IsTraining.sum": {
            "value": 1.0,
            "min": 1.0,
            "max": 1.0,
            "count": 4
        },
        "3DBall.Losses.PolicyLoss.mean": {
            "value": 0.12466291558571094,
            "min": 0.12466291558571094,
            "max": 0.13049022435842803,
            "count": 2
        },
        "3DBall.Losses.PolicyLoss.sum": {
            "value": 0.12466291558571094,
            "min": 0.12466291558571094,
            "max": 0.13049022435842803,
            "count": 2
        },
        "3DBall.Losses.ValueLoss.mean": {
            "value": 0.19831131247695888,
            "min": 0.19831131247695888,
            "max": 0.2315978596965252,
            "count": 2
        },
        "3DBall.Losses.ValueLoss.sum": {
            "value": 0.19831131247695888,
            "min": 0.19831131247695888,
            "max": 0.2315978596965252,
            "count": 2
        },
        "3DBall.Policy.LearningRate.mean": {
            "value": 0.00018263000868500004,
            "min": 0.00018263000868500004,
            "max": 0.00019131600434199998,
            "count": 2
        },
        "3DBall.Policy.LearningRate.sum": {
            "value": 0.00018263000868500004,
            "min": 0.00018263000868500004,
            "max": 0.00019131600434199998,
            "count": 2
        },
        "3DBall.Policy.Epsilon.mean": {
            "value": 0.23697249999999997,
            "min": 0.23697249999999997,
            "max": 0.243487,
            "count": 2
        },
        "3DBall.Policy.Epsilon.sum": {
            "value": 0.23697249999999997,
            "min": 0.23697249999999997,
            "max": 0.243487,
            "count": 2
        },
        "3DBall.Policy.Beta.mean": {
            "value": 0.0011879635,
            "min": 0.0011879635,
            "max": 0.0012439882,
            "count": 2
        },
        "3DBall.Policy.Beta.sum": {
            "value": 0.0011879635,
            "min": 0.0011879635,
            "max": 0.0012439882,
            "count": 2
        }
    },
    "metadata": {
        "timer_format_version": "0.1.0",
        "start_time_seconds": "1765123972",
        "python_version": "3.10.11 (tags/v3.10.11:7d4cc5a, Apr  5 2023, 00:38:17) [MSC v.1929 64 bit (AMD64)]",
        "command_line_arguments": "C:\\Users\\moebn\\Documents\\University\\Project 2-1\\project_2_1_group_7\\venv\\Scripts\\mlagents-learn Config/training_config.yaml --run-id=run_batch_size40_buffer_size21700_learning_rate0.0002_beta0.0013_epsilon0.25 --time-scale=20 --env=3DBall_environment/UnityEnvironment.exe --no-graphics",
        "mlagents_version": "1.0.0",
        "mlagents_envs_version": "1.0.0",
        "communication_protocol_version": "1.5.0",
        "pytorch_version": "2.9.1+cpu",
        "numpy_version": "1.23.5",
        "end_time_seconds": "1765124002"
    },
    "total": 29.45712479998474,
    "count": 1,
    "self": 0.14660059998277575,
    "children": {
        "run_training.setup": {
            "total": 0.08941449999110773,
            "count": 1,
            "self": 0.08941449999110773
        },
        "TrainerController.start_learning": {
            "total": 29.221109700010857,
            "count": 1,
            "self": 0.050662599853239954,
            "children": {
                "TrainerController._reset_env": {
                    "total": 3.4576942999847233,
                    "count": 1,
                    "self": 3.4576942999847233
                },
                "TrainerController.advance": {
                    "total": 25.70629720017314,
                    "count": 5772,
                    "self": 0.04720520254340954,
                    "children": {
                        "env_step": {
                            "total": 14.22005759831518,
                            "count": 5772,
                            "self": 12.764638096705312,
                            "children": {
                                "SubprocessEnvManager._take_step": {
                                    "total": 1.4209470002388116,
                                    "count": 5772,
                                    "self": 0.11928050106507726,
                                    "children": {
                                        "TorchPolicy.evaluate": {
                                            "total": 1.3016664991737343,
                                            "count": 4182,
                                            "self": 1.3016664991737343
                                        }
                                    }
                                },
                                "workers": {
                                    "total": 0.03447250137105584,
                                    "count": 5772,
                                    "self": 0.0,
                                    "children": {
                                        "worker_root": {
                                            "total": 26.28439990093466,
                                            "count": 5772,
                                            "is_parallel": true,
                                            "self": 16.531752901209984,
                                            "children": {
                                                "steps_from_proto": {
                                                    "total": 0.00025069998810067773,
                                                    "count": 1,