{
    "name": "root",
    "gauges": {
        "3DBall.Policy.Entropy.mean": {
            "value": 1.4176898002624512,
            "min": 1.4176898002624512,
            "max": 1.4196125268936157,
            "count": 4
        },
        "3DBall.Policy.Entropy.sum": {
            "value": 16944.228515625,
            "min": 16944.228515625,
            "max": 17166.94140625,
            "count": 4
        },
        "3DBall.Environment.EpisodeLength.mean": {
            "value": 25.96629213483146,
            "min": 21.615819209039547,
            "max": 25.96629213483146,
            "count": 4
        },
        "3DBall.Environment.EpisodeLength.sum": {
            "value": 11555.0,
            "min": 11478.0,
            "max": 11555.0,
            "count": 4
        },
        "3DBall.Step.mean": {
            "value": 47998.0,
            "min": 11994.0,
            "max": 47998.0,
            "count": 4
        },
        "3DBall.Step.sum": {
            "value": 47998.0,
            "min": 11994.0,
            "max": 47998.0,
            "count": 4
        },
        "3DBall.Policy.ExtrinsicValueEstimate.mean": {
            "value": 0.30382484197616577,
            "min": 0.027649814262986183,
            "max": 0.30382484197616577,
            "count": 4
        },
        "3DBall.Policy.ExtrinsicValueEstimate.sum": {
            "value": 135.20205688476562,
            "min": 14.654401779174805,
            "max": 135.20205688476562,
            "count": 4
        },
        "3DBall.Environment.CumulativeReward.mean": {
            "value": 1.6067415301719408,
            "min": 1.1630188321167567,
            "max": 1.6067415301719408,
            "count": 4
        },
        "3DBall.Environment.CumulativeReward.sum": {
            "value": 714.9999809265137,
            "min": 616.3999810218811,
            "max": 714.9999809265137,
            "count": 4
        },
        "3DBall.Policy.ExtrinsicReward.mean": {
            "value": 1.6067415301719408,
            "min": 1.1630188321167567,
            "max": 1.6067415301719408,
            "count": 4
        },
        "3DBall.Policy.ExtrinsicReward.sum": {
            "value": 714.9999809265137,
            "min": 616.3999810218811,
            "max": 714.9999809265137,
            "count": 4
        },
        "3DBall.Losses.PolicyLoss.mean": {
            "value": 0.10456139767629463,
            "min": 0.09650918296084247,
            "max": 0.10456139767629463,
            "count": 4
        },
        "3DBall.Losses.PolicyLoss.sum": {
            "value": 0.10456139767629463,
            "min": 0.09650918296084247,
            "max": 0.10456139767629463,
            "count": 4
        },
        "3DBall.Losses.ValueLoss.mean": {
            "value": 0.29862516608232814,
            "min": 0.2412051468614548,
            "max": 0.40097572625764644,
            "count": 4
        },
        "3DBall.Losses.ValueLoss.sum": {
            "value": 0.29862516608232814,
            "min": 0.2412051468614548,
            "max": 0.40097572625764644,
            "count": 4
        },
        "3DBall.Policy.LearningRate.mean": {
            "value": 9.222920777080001e-05,
            "min": 9.222920777080001e-05,
            "max": 9.805540194460004e-05,
            "count": 4
        },
        "3DBall.Policy.LearningRate.sum": {
            "value": 9.222920777080001e-05,
            "min": 9.222920777080001e-05,
            "max": 9.805540194460004e-05,
            "count": 4
        },
        "3DBall.Policy.Epsilon.mean": {
            "value": 0.1,
            "min": 0.1,
            "max": 0.1,
            "count": 4
        },
        "3DBall.Policy.Epsilon.sum": {
            "value": 0.1,
            "min": 0.1,
            "max": 0.1,
            "count": 4
        },
        "3DBall.Policy.Beta.mean": {
            "value": 0.0011997566799999998,
            "min": 0.0011997566799999998,
            "max": 0.0012749146599999998,
            "count": 4
        },
        "3DBall.Policy.Beta.sum": {
            "value": 0.0011997566799999998,
            "min": 0.0011997566799999998,
            "max": 0.0012749146599999998,
            "count": 4
        },
        "3DBall.IsTraining.mean": {
            "value": 1.0,
            "min": 1.0,
            "max": 1.0,
            "count": 4
        },
        "3DBall.IsTraining.sum": {
            "value": 1.0,
            "min": 1.0,
            "max": 1.0,
            "count": 4
        }
    },
    "metadata": {
        "timer_format_version": "0.1.0",
        "start_time_seconds": "1765207540",
        "python_version": "3.10.11 (tags/v3.10.11:7d4cc5a, Apr  5 2023, 00:38:17) [MSC v.1929 64 bit (AMD64)]",
        "command_line_arguments": "C:\\Users\\moebn\\Documents\\University\\Project 2-1\\project_2_1_group_7\\venv\\Scripts\\mlagents-learn Config/training_config.yaml --run-id=run_batch_size66_buffer_size9700_learning_rate0.0001_beta0.0013_epsilon0.1 --time-scale=20 --env=3DBall_environment/UnityEnvironment.exe --no-graphics",
        "mlagents_version": "1.0.0",
        "mlagents_envs_version": "1.0.0",
        "communication_protocol_version": "1.5.0",
        "pytorch_version": "2.9.1+cpu",
        "numpy_version": "1.23.5",
        "end_time_seconds": "1765207571"
    },
    "total": 30.252071299997624,
    "count": 1,
    "self": 0.20787949999794364,
    "children": {
        "run_training.setup": {
            "total": 0.08562490000622347,
            "count": 1,
            "self": 0.08562490000622347
        },
        "TrainerController.start_learning": {
            "total": 29.958566899993457,
            "count": 1,
            "self": 0.05044130000169389,
            "children": {
                "TrainerController._reset_env": {
                    "total": 4.978105100017274,
                    "count": 1,
                    "self": 4.978105100017274
                },
                "TrainerController.advance": {
                    "total": 24.923781999968924,
                    "count": 5741,
                    "self": 0.04897000052733347,
                    "children": {
                        "env_step": {
                            "total": 13.944789199362276,
                            "count": 5741,
                            "self": 12.33511779946275,
                            "children": {
                                "SubprocessEnvManager._take_step": {
                                    "total": 1.5749147986934986,
                                    "count": 5741,
                                    "self": 0.18375479883980006,
                                    "children": {
                                        "TorchPolicy.evaluate": {
                                            "total": 1.3911599998536985,
                                            "count": 4178,
                                            "self": 1.3911599998536985
                                        }
                                    }
                                },
                                "workers": {
                                    "total": 0.03475660120602697,
                                    "count": 5741,
                                    "self": 0.0,
                                    "children": {
                                        "worker_root": {
                                            "total": 25.513493399950676,
                                            "count": 5741,
                                            "is_parallel": true,
                                            "self": 16.169958199723624,
                                            "children": {
                                                "steps_from_proto": {
                                                    "total": 0.00024819999816827476,
                                                    "count": 1,
                                                    "is_parallel": true,