{
    "name": "root",
    "gauges": {
        "3DBall.Policy.Entropy.mean": {
            "value": 1.405941128730774,
            "min": 1.405941128730774,
            "max": 1.4189382791519165,
            "count": 4
        },
        "3DBall.Policy.Entropy.sum": {
            "value": 16820.6796875,
            "min": 16820.6796875,
            "max": 17282.66796875,
            "count": 4
        },
        "3DBall.Environment.EpisodeLength.mean": {
            "value": 24.533049040511727,
            "min": 21.41231343283582,
            "max": 24.533049040511727,
            "count": 4
        },
        "3DBall.Environment.EpisodeLength.sum": {
            "value": 11506.0,
            "min": 11476.0,
            "max": 11506.0,
            "count": 4
        },
        "3DBall.Step.mean": {
            "value": 47978.0,
            "min": 11992.0,
            "max": 47978.0,
            "count": 4
        },
        "3DBall.Step.sum": {
            "value": 47978.0,
            "min": 11992.0,
            "max": 47978.0,
            "count": 4
        },
        "3DBall.Policy.ExtrinsicValueEstimate.mean": {
            "value": 0.22604899108409882,
            "min": -0.12608228623867035,
            "max": 0.22604899108409882,
            "count": 4
        },
        "3DBall.Policy.ExtrinsicValueEstimate.sum": {
            "value": 106.01697540283203,
            "min": -67.45402526855469,
            "max": 106.01697540283203,
            "count": 4
        },
        "3DBall.Environment.CumulativeReward.mean": {
            "value": 1.4550106045025497,
            "min": 1.1414953102575285,
            "max": 1.4550106045025497,
            "count": 4
        },
        "3DBall.Environment.CumulativeReward.sum": {
            "value": 682.3999735116959,
            "min": 610.6999909877777,
            "max": 682.3999735116959,
            "count": 4
        },
        "3DBall.Policy.ExtrinsicReward.mean": {
            "value": 1.4550106045025497,
            "min": 1.1414953102575285,
            "max": 1.4550106045025497,
            "count": 4
        },
        "3DBall.Policy.ExtrinsicReward.sum": {
            "value": 682.3999735116959,
            "min": 610.6999909877777,
            "max": 682.3999735116959,
            "count": 4
        },
        "3DBall.IsTraining.mean": {
            "value": 1.0,
            "min": 1.0,
            "max": 1.0,
            "count": 4
        },
        "3DBall.IsTraining.sum": {
            "value": 1.0,
            "min": 1.0,
            "max": 1.0,
            "count": 4
        },
        "3DBall.Losses.PolicyLoss.mean": {
            "value": 0.10977406454493085,
            "min": 0.10906901649910392,
            "max": 0.10977406454493085,
            "count": 2
        },
        "3DBall.Losses.PolicyLoss.sum": {
            "value": 0.10977406454493085,
            "min": 0.10906901649910392,
            "max": 0.10977406454493085,
            "count": 2
        },
        "3DBall.Losses.ValueLoss.mean": {
            "value": 0.169965494379756,
            "min": 0.169965494379756,
            "max": 0.22243540778401352,
            "count": 2
        },
        "3DBall.Losses.ValueLoss.sum": {
            "value": 0.169965494379756,
            "min": 0.169965494379756,
            "max": 0.22243540778401352,
            "count": 2
        },
        "3DBall.Policy.LearningRate.mean": {
            "value": 0.00046137900772419985,
            "min": 0.00046137900772419985,
            "max": 0.000480690003862,
            "count": 2
        },
        "3DBall.Policy.LearningRate.sum": {
            "value": 0.00046137900772419985,
            "min": 0.00046137900772419985,
            "max": 0.000480690003862,
            "count": 2
        },
        "3DBall.Policy.Epsilon.mean": {
            "value": 0.14613790000000002,
            "min": 0.14613790000000002,
            "max": 0.148069,
            "count": 2
        },
        "3DBall.Policy.Epsilon.sum": {
            "value": 0.14613790000000002,
            "min": 0.14613790000000002,
            "max": 0.148069,
            "count": 2
        },
        "3DBall.Policy.Beta.mean": {
            "value": 0.0009235304199999998,
            "min": 0.0009235304199999998,
            "max": 0.0009617662000000001,
            "count": 2
        },
        "3DBall.Policy.Beta.sum": {
            "value": 0.0009235304199999998,
            "min": 0.0009235304199999998,
            "max": 0.0009617662000000001,
            "count": 2
        }
    },
    "metadata": {
        "timer_format_version": "0.1.0",
        "start_time_seconds": "1765166641",
        "python_version": "3.10.11 (tags/v3.10.11:7d4cc5a, Apr  5 2023, 00:38:17) [MSC v.1929 64 bit (AMD64)]",
        "command_line_arguments": "C:\\Users\\moebn\\Documents\\University\\Project 2-1\\project_2_1_group_7\\venv\\Scripts\\mlagents-learn Config/training_config.yaml --run-id=run_batch_size53_buffer_size19300_learning_rate0.0005_beta0.001_epsilon0.15 --time-scale=20 --env=3DBall_environment/UnityEnvironment.exe --no-graphics",
        "mlagents_version": "1.0.0",
        "mlagents_envs_version": "1.0.0",
        "communication_protocol_version": "1.5.0",
        "pytorch_version": "2.9.1+cpu",
        "numpy_version": "1.23.5",
        "end_time_seconds": "1765166670"
    },
    "total": 29.437345399986953,
    "count": 1,
    "self": 0.17537859998992644,
    "children": {
        "run_training.setup": {
            "total": 0.07598910000524484,
            "count": 1,
            "self": 0.07598910000524484
        },
        "TrainerController.start_learning": {
            "total": 29.18597769999178,
            "count": 1,
            "self": 0.05193430060171522,
            "children": {
                "TrainerController._reset_env": {
                    "total": 5.278017700009514,
                    "count": 1,
                    "self": 5.278017700009514
                },
                "TrainerController.advance": {
                    "total": 23.849082199390978,
                    "count": 5790,
                    "self": 0.048995801771525294,
                    "children": {
                        "env_step": {
                            "total": 14.33135089839925,
                            "count": 5790,
                            "self": 12.814771098346682,
                            "children": {
                                "SubprocessEnvManager._take_step": {
                                    "total": 1.4819067004718818,
                                    "count": 5790,
                                    "self": 0.12140229958458804,
                                    "children": {
                                        "TorchPolicy.evaluate": {
                                            "total": 1.3605044008872937,
                                            "count": 4190,
                                            "self": 1.3605044008872937
                                        }
                                    }
                                },
                                "workers": {
                                    "total": 0.03467309958068654,
                                    "count": 5790,
                                    "self": 0.0,
                                    "children": {
                                        "worker_root": {
                                            "total": 24.36316480077221,
                                            "count": 5790,
                                            "is_parallel": true,
                                            "self": 14.573565600498114,
                                            "children": {
                                                "steps_from_proto": {
                                                    "total": 0.0002921000123023987,
                                                    "count": 1,