{
    "name": "root",
    "gauges": {
        "3DBall.Policy.Entropy.mean": {
            "value": 1.4196025133132935,
            "min": 1.4189382791519165,
            "max": 1.4231758117675781,
            "count": 4
        },
        "3DBall.Policy.Entropy.sum": {
            "value": 17120.40625,
            "min": 17054.05078125,
            "max": 17214.55859375,
            "count": 4
        },
        "3DBall.Environment.EpisodeLength.mean": {
            "value": 24.25263157894737,
            "min": 22.047984644913626,
            "max": 24.25263157894737,
            "count": 4
        },
        "3DBall.Environment.EpisodeLength.sum": {
            "value": 11520.0,
            "min": 11487.0,
            "max": 11520.0,
            "count": 4
        },
        "3DBall.Step.mean": {
            "value": 47991.0,
            "min": 11992.0,
            "max": 47991.0,
            "count": 4
        },
        "3DBall.Step.sum": {
            "value": 47991.0,
            "min": 11992.0,
            "max": 47991.0,
            "count": 4
        },
        "3DBall.Policy.ExtrinsicValueEstimate.mean": {
            "value": 0.29942071437835693,
            "min": 0.28621676564216614,
            "max": 0.35530757904052734,
            "count": 4
        },
        "3DBall.Policy.ExtrinsicValueEstimate.sum": {
            "value": 142.22483825683594,
            "min": 142.22483825683594,
            "max": 184.75994873046875,
            "count": 4
        },
        "3DBall.Environment.CumulativeReward.mean": {
            "value": 1.425894667725814,
            "min": 1.20615381025351,
            "max": 1.425894667725814,
            "count": 4
        },
        "3DBall.Environment.CumulativeReward.sum": {
            "value": 677.2999671697617,
            "min": 627.1999813318253,
            "max": 677.2999671697617,
            "count": 4
        },
        "3DBall.Policy.ExtrinsicReward.mean": {
            "value": 1.425894667725814,
            "min": 1.20615381025351,
            "max": 1.425894667725814,
            "count": 4
        },
        "3DBall.Policy.ExtrinsicReward.sum": {
            "value": 677.2999671697617,
            "min": 627.1999813318253,
            "max": 677.2999671697617,
            "count": 4
        },
        "3DBall.IsTraining.mean": {
            "value": 1.0,
            "min": 1.0,
            "max": 1.0,
            "count": 4
        },
        "3DBall.IsTraining.sum": {
            "value": 1.0,
            "min": 1.0,
            "max": 1.0,
            "count": 4
        },
        "3DBall.Losses.PolicyLoss.mean": {
            "value": 0.11142661554708624,
            "min": 0.11142661554708624,
            "max": 0.114407077216448,
            "count": 2
        },
        "3DBall.Losses.PolicyLoss.sum": {
            "value": 0.11142661554708624,
            "min": 0.11142661554708624,
            "max": 0.114407077216448,
            "count": 2
        },
        "3DBall.Losses.ValueLoss.mean": {
            "value": 0.19385556637111387,
            "min": 0.19385556637111387,
            "max": 0.27058013889273685,
            "count": 2
        },
        "3DBall.Losses.ValueLoss.sum": {
            "value": 0.19385556637111387,
            "min": 0.19385556637111387,
            "max": 0.27058013889273685,
            "count": 2
        },
        "3DBall.Policy.LearningRate.mean": {
            "value": 0.00045657400868519987,
            "min": 0.00045657400868519987,
            "max": 0.00047827800434439995,
            "count": 2
        },
        "3DBall.Policy.LearningRate.sum": {
            "value": 0.00045657400868519987,
            "min": 0.00045657400868519987,
            "max": 0.00047827800434439995,
            "count": 2
        },
        "3DBall.Policy.Epsilon.mean": {
            "value": 0.1913148,
            "min": 0.1913148,
            "max": 0.1956556,
            "count": 2
        },
        "3DBall.Policy.Epsilon.sum": {
            "value": 0.1913148,
            "min": 0.1913148,
            "max": 0.1956556,
            "count": 2
        },
        "3DBall.Policy.Beta.mean": {
            "value": 0.0011879609199999999,
            "min": 0.0011879609199999999,
            "max": 0.0012439572399999997,
            "count": 2
        },
        "3DBall.Policy.Beta.sum": {
            "value": 0.0011879609199999999,
            "min": 0.0011879609199999999,
            "max": 0.0012439572399999997,
            "count": 2
        }
    },
    "metadata": {
        "timer_format_version": "0.1.0",
        "start_time_seconds": "1765171954",
        "python_version": "3.10.11 (tags/v3.10.11:7d4cc5a, Apr  5 2023, 00:38:17) [MSC v.1929 64 bit (AMD64)]",
        "command_line_arguments": "C:\\Users\\moebn\\Documents\\University\\Project 2-1\\project_2_1_group_7\\venv\\Scripts\\mlagents-learn Config/training_config.yaml --run-id=run_batch_size53_buffer_size21700_learning_rate0.0005_beta0.0013_epsilon0.2 --time-scale=20 --env=3DBall_environment/UnityEnvironment.exe --no-graphics",
        "mlagents_version": "1.0.0",
        "mlagents_envs_version": "1.0.0",
        "communication_protocol_version": "1.5.0",
        "pytorch_version": "2.9.1+cpu",
        "numpy_version": "1.23.5",
        "end_time_seconds": "1765171983"
    },
    "total": 29.228316499997163,
    "count": 1,
    "self": 0.20270920000621118,
    "children": {
        "run_training.setup": {
            "total": 0.07654639999964274,
            "count": 1,
            "self": 0.07654639999964274
        },
        "TrainerController.start_learning": {
            "total": 28.94906089999131,
            "count": 1,
            "self": 0.050910199934151024,
            "children": {
                "TrainerController._reset_env": {
                    "total": 4.341891900025075,
                    "count": 1,
                    "self": 4.341891900025075
                },
                "TrainerController.advance": {
                    "total": 24.549745900032576,
                    "count": 5751,
                    "self": 0.04833530116593465,
                    "children": {
                        "env_step": {
                            "total": 14.341741700394778,
                            "count": 5751,
                            "self": 12.810057200083975,
                            "children": {
                                "SubprocessEnvManager._take_step": {
                                    "total": 1.4971286010113545,
                                    "count": 5751,
                                    "self": 0.12099279969697818,
                                    "children": {
                                        "TorchPolicy.evaluate": {
                                            "total": 1.3761358013143763,
                                            "count": 4185,
                                            "self": 1.3761358013143763
                                        }
                                    }
                                },
                                "workers": {
                                    "total": 0.034555899299448356,
                                    "count": 5751,
                                    "self": 0.0,
                                    "children": {
                                        "worker_root": {
                                            "total": 25.145355900138384,
                                            "count": 5751,
                                            "is_parallel": true,
                                            "self": 15.365593300171895,
                                            "children": {
                                                "steps_from_proto": {
                                                    "total": 0.00022350001381710172,
                                                    "count": 1,