{
    "name": "root",
    "gauges": {
        "3DBall.Policy.Entropy.mean": {
            "value": 1.33030366897583,
            "min": 1.33030366897583,
            "max": 1.4053596258163452,
            "count": 4
        },
        "3DBall.Policy.Entropy.sum": {
            "value": 15963.6435546875,
            "min": 15963.6435546875,
            "max": 20046.25390625,
            "count": 4
        },
        "3DBall.Environment.EpisodeLength.mean": {
            "value": 814.4,
            "min": 31.17379679144385,
            "max": 814.4,
            "count": 4
        },
        "3DBall.Environment.EpisodeLength.sum": {
            "value": 12216.0,
            "min": 11659.0,
            "max": 12216.0,
            "count": 4
        },
        "3DBall.Step.mean": {
            "value": 47238.0,
            "min": 11989.0,
            "max": 47238.0,
            "count": 4
        },
        "3DBall.Step.sum": {
            "value": 47238.0,
            "min": 11989.0,
            "max": 47238.0,
            "count": 4
        },
        "3DBall.Policy.ExtrinsicValueEstimate.mean": {
            "value": 9.396012306213379,
            "min": 0.5389651656150818,
            "max": 9.396012306213379,
            "count": 4
        },
        "3DBall.Policy.ExtrinsicValueEstimate.sum": {
            "value": 140.940185546875,
            "min": 140.940185546875,
            "max": 261.57537841796875,
            "count": 4
        },
        "3DBall.Environment.CumulativeReward.mean": {
            "value": 81.10001236597697,
            "min": 2.1142090984068354,
            "max": 81.10001236597697,
            "count": 4
        },
        "3DBall.Environment.CumulativeReward.sum": {
            "value": 1216.5001854896545,
            "min": 788.5999937057495,
            "max": 1216.5001854896545,
            "count": 4
        },
        "3DBall.Policy.ExtrinsicReward.mean": {
            "value": 81.10001236597697,
            "min": 2.1142090984068354,
            "max": 81.10001236597697,
            "count": 4
        },
        "3DBall.Policy.ExtrinsicReward.sum": {
            "value": 1216.5001854896545,
            "min": 788.5999937057495,
            "max": 1216.5001854896545,
            "count": 4
        },
        "3DBall.Losses.PolicyLoss.mean": {
            "value": 0.1226946537226282,
            "min": 0.10163402641915631,
            "max": 0.1226946537226282,
            "count": 4
        },
        "3DBall.Losses.PolicyLoss.sum": {
            "value": 1.7177251521167947,
            "min": 1.7177251521167947,
            "max": 9.756866536239006,
            "count": 4
        },
        "3DBall.Losses.ValueLoss.mean": {
            "value": 1.6050611135321202,
            "min": 1.0075995354499254,
            "max": 4.732845042666952,
            "count": 4
        },
        "3DBall.Losses.ValueLoss.sum": {
            "value": 22.470855589449684,
            "min": 22.470855589449684,
            "max": 189.31380170667808,
            "count": 4
        },
        "3DBall.Policy.LearningRate.mean": {
            "value": 0.0003665475512202571,
            "min": 0.0003665475512202571,
            "max": 0.000395348167829625,
            "count": 4
        },
        "3DBall.Policy.LearningRate.sum": {
            "value": 0.0051316657170836,
            "min": 0.0051316657170836,
            "max": 0.037953424111644,
            "count": 4
        },
        "3DBall.Policy.Epsilon.mean": {
            "value": 0.09999999999999996,
            "min": 0.09999999999999996,
            "max": 0.1,
            "count": 4
        },
        "3DBall.Policy.Epsilon.sum": {
            "value": 1.3999999999999995,
            "min": 1.3999999999999995,
            "max": 9.6,
            "count": 4
        },
        "3DBall.Policy.Beta.mean": {
            "value": 0.0010088420542857142,
            "min": 0.0010088420542857142,
            "max": 0.0010873237541666667,
            "count": 4
        },
        "3DBall.Policy.Beta.sum": {
            "value": 0.014123788759999999,
            "min": 0.014123788759999999,
            "max": 0.10438308040000001,
            "count": 4
        },
        "3DBall.IsTraining.mean": {
            "value": 1.0,
            "min": 1.0,
            "max": 1.0,
            "count": 4
        },
        "3DBall.IsTraining.sum": {
            "value": 1.0,
            "min": 1.0,
            "max": 1.0,
            "count": 4
        }
    },
    "metadata": {
        "timer_format_version": "0.1.0",
        "start_time_seconds": "1765086234",
        "python_version": "3.10.11 (tags/v3.10.11:7d4cc5a, Apr  5 2023, 00:38:17) [MSC v.1929 64 bit (AMD64)]",
        "command_line_arguments": "C:\\Users\\moebn\\Documents\\University\\Project 2-1\\project_2_1_group_7\\venv\\Scripts\\mlagents-learn Config/training_config.yaml --run-id=run_batch_size40_buffer_size100_learning_rate0.0004_beta0.0011_epsilon0.1 --time-scale=20 --env=3DBall_environment/UnityEnvironment.exe --no-graphics",
        "mlagents_version": "1.0.0",
        "mlagents_envs_version": "1.0.0",
        "communication_protocol_version": "1.5.0",
        "pytorch_version": "2.9.1+cpu",
        "numpy_version": "1.23.5",
        "end_time_seconds": "1765086264"
    },
    "total": 29.79735389999405,
    "count": 1,
    "self": 0.19145949998346623,
    "children": {
        "run_training.setup": {
            "total": 0.06694960000459105,
            "count": 1,
            "self": 0.06694960000459105
        },
        "TrainerController.start_learning": {
            "total": 29.538944800005993,
            "count": 1,
            "self": 0.041608999788877554,
            "children": {
                "TrainerController._reset_env": {
                    "total": 3.491924600006314,
                    "count": 1,
                    "self": 3.491924600006314
                },
                "TrainerController.advance": {
                    "total": 25.9990825002169,
                    "count": 4989,
                    "self": 0.04098890042223502,
                    "children": {
                        "env_step": {
                            "total": 14.217385400042986,
                            "count": 4989,
                            "self": 12.50582220031356,
                            "children": {
                                "SubprocessEnvManager._take_step": {
                                    "total": 1.681576499613584,
                                    "count": 4989,
                                    "self": 0.18344489944865927,
                                    "children": {
                                        "TorchPolicy.evaluate": {
                                            "total": 1.4981316001649247,
                                            "count": 4621,
                                            "self": 1.4981316001649247
                                        }
                                    }
                                },
                                "workers": {
                                    "total": 0.029986700115841813,
                                    "count": 4989,
                                    "self": 0.0,
                                    "children": {
                                        "worker_root": {
                                            "total": 26.583311300040805,
                                            "count": 4989,
                                            "is_parallel": true,
                                            "self": 16.839228200129583,
                                            "children": {
                                                "steps_from_proto": {
                                                    "total": 0.00024449999909847975,
                                                    "count": 1,
                                                    "is_parallel": true,