{
    "name": "root",
    "gauges": {
        "3DBall.Policy.Entropy.mean": {
            "value": 1.250996470451355,
            "min": 1.247842788696289,
            "max": 1.419916033744812,
            "count": 41
        },
        "3DBall.Policy.Entropy.sum": {
            "value": 15011.95703125,
            "min": 14456.2216796875,
            "max": 18097.279296875,
            "count": 41
        },
        "3DBall.Environment.EpisodeLength.mean": {
            "value": 999.0,
            "min": 21.97131931166348,
            "max": 999.0,
            "count": 41
        },
        "3DBall.Environment.EpisodeLength.sum": {
            "value": 11988.0,
            "min": 11427.0,
            "max": 12378.0,
            "count": 41
        },
        "3DBall.Step.mean": {
            "value": 491090.0,
            "min": 11999.0,
            "max": 491090.0,
            "count": 41
        },
        "3DBall.Step.sum": {
            "value": 491090.0,
            "min": 11999.0,
            "max": 491090.0,
            "count": 41
        },
        "3DBall.Policy.ExtrinsicValueEstimate.mean": {
            "value": 9.997315406799316,
            "min": 0.18770380318164825,
            "max": 10.001988410949707,
            "count": 41
        },
        "3DBall.Policy.ExtrinsicValueEstimate.sum": {
            "value": 119.96778106689453,
            "min": 97.98138427734375,
            "max": 371.8409729003906,
            "count": 41
        },
        "3DBall.Environment.CumulativeReward.mean": {
            "value": 100.00001525878906,
            "min": 1.1986589733211475,
            "max": 100.00001525878906,
            "count": 41
        },
        "3DBall.Environment.CumulativeReward.sum": {
            "value": 1200.0001831054688,
            "min": 625.6999840736389,
            "max": 1283.600196838379,
            "count": 41
        },
        "3DBall.Policy.ExtrinsicReward.mean": {
            "value": 100.00001525878906,
            "min": 1.1986589733211475,
            "max": 100.00001525878906,
            "count": 41
        },
        "3DBall.Policy.ExtrinsicReward.sum": {
            "value": 1200.0001831054688,
            "min": 625.6999840736389,
            "max": 1283.600196838379,
            "count": 41
        },
        "3DBall.Losses.PolicyLoss.mean": {
            "value": 0.18327266897733874,
            "min": 0.16325729562475932,
            "max": 0.20410459210365647,
            "count": 41
        },
        "3DBall.Losses.PolicyLoss.sum": {
            "value": 0.3665453379546775,
            "min": 0.16325729562475932,
            "max": 0.40526325421690845,
            "count": 41
        },
        "3DBall.Losses.ValueLoss.mean": {
            "value": 0.0013405505302056951,
            "min": 0.0012548346586059296,
            "max": 3.8257924868216975,
            "count": 41
        },
        "3DBall.Losses.ValueLoss.sum": {
            "value": 0.0026811010604113903,
            "min": 0.0012548346586059296,
            "max": 7.469962666031398,
            "count": 41
        },
        "3DBall.Policy.LearningRate.mean": {
            "value": 8.046097317999988e-06,
            "min": 8.046097317999988e-06,
            "max": 0.0002950800016399999,
            "count": 41
        },
        "3DBall.Policy.LearningRate.sum": {
            "value": 1.6092194635999976e-05,
            "min": 1.6092194635999976e-05,
            "max": 0.0005655714114761999,
            "count": 41
        },
        "3DBall.Policy.Epsilon.mean": {
            "value": 0.098659,
            "min": 0.05081999999999998,
            "max": 0.098659,
            "count": 41
        },
        "3DBall.Policy.Epsilon.sum": {
            "value": 0.197318,
            "min": 0.05081999999999998,
            "max": 0.197318,
            "count": 41
        },
        "3DBall.Policy.Beta.mean": {
            "value": 1.2413799999999998e-05,
            "min": 1.2413799999999998e-05,
            "max": 9.852400000000001e-05,
            "count": 41
        },
        "3DBall.Policy.Beta.sum": {
            "value": 2.4827599999999996e-05,
            "min": 1.48438e-05,
            "max": 0.00018967142,
            "count": 41
        },
        "3DBall.IsTraining.mean": {
            "value": 1.0,
            "min": 1.0,
            "max": 1.0,
            "count": 41
        },
        "3DBall.IsTraining.sum": {
            "value": 1.0,
            "min": 1.0,
            "max": 1.0,
            "count": 41
        }
    },
    "metadata": {
        "timer_format_version": "0.1.0",
        "start_time_seconds": "1767655274",
        "python_version": "3.10.11 (tags/v3.10.11:7d4cc5a, Apr  5 2023, 00:38:17) [MSC v.1929 64 bit (AMD64)]",
        "command_line_arguments": "C:\\Users\\atoz\\Documents\\01_2025_2026_year_2\\semester_1\\project_2_1\\code\\project_2_1_group_7\\venv\\Scripts\\mlagents-learn Config/training_config.yaml --run-id=omar-run140 --time-scale=20 --env=3DBall_environment/UnityEnvironment.exe --no-graphics",
        "mlagents_version": "1.0.0",
        "mlagents_envs_version": "1.0.0",
        "communication_protocol_version": "1.5.0",
        "pytorch_version": "1.13.1+cpu",
        "numpy_version": "1.23.5",
        "end_time_seconds": "1767655652"
    },
    "total": 378.17322779999813,
    "count": 1,
    "self": 0.22846839998965152,
    "children": {
        "run_training.setup": {
            "total": 0.08142719999887049,
            "count": 1,
            "self": 0.08142719999887049
        },
        "TrainerController.start_learning": {
            "total": 377.8633322000096,
            "count": 1,
            "self": 0.6395698981068563,
            "children": {
                "TrainerController._reset_env": {
                    "total": 2.9882386999961454,
                    "count": 1,
                    "self": 2.9882386999961454
                },
                "TrainerController.advance": {
                    "total": 374.19876680191373,
                    "count": 45725,
                    "self": 0.59746060098405,
                    "children": {
                        "env_step": {
                            "total": 166.87927440158091,
                            "count": 45725,
                            "self": 140.17933039809577,
                            "children": {
                                "SubprocessEnvManager._take_step": {
                                    "total": 26.30213240091689,
                                    "count": 45725,
                                    "self": 1.9022761046071537,
                                    "children": {
                                        "TorchPolicy.evaluate": {
                                            "total": 24.399856296309736,
                                            "count": 42071,
                                            "self": 24.399856296309736
                                        }
                                    }
                                },
                                "workers": {
                                    "total": 0.3978116025682539,
                                    "count": 45725,
                                    "self": 0.0,
                                    "children": {
                                        "worker_root": {
                                            "total": 374.0109026982682,
                                            "count": 45725,
                                            "is_parallel": true,
                                            "self": 272.178485498589,
                                            "children": {
                                                "steps_from_proto": {
                                                    "total": 0.0001841000048443675,
                                                    "count": 1,
                                                    "is_parallel": true,