{
    "name": "root",
    "gauges": {
        "3DBall.Policy.Entropy.mean": {
            "value": 1.3944106101989746,
            "min": 1.3944106101989746,
            "max": 1.4259068965911865,
            "count": 8
        },
        "3DBall.Policy.Entropy.sum": {
            "value": 17067.5859375,
            "min": 16918.234375,
            "max": 17406.625,
            "count": 8
        },
        "3DBall.Environment.EpisodeLength.mean": {
            "value": 95.44354838709677,
            "min": 21.555347091932457,
            "max": 95.44354838709677,
            "count": 8
        },
        "3DBall.Environment.EpisodeLength.sum": {
            "value": 11835.0,
            "min": 11479.0,
            "max": 11871.0,
            "count": 8
        },
        "3DBall.Step.mean": {
            "value": 95934.0,
            "min": 11993.0,
            "max": 95934.0,
            "count": 8
        },
        "3DBall.Step.sum": {
            "value": 95934.0,
            "min": 11993.0,
            "max": 95934.0,
            "count": 8
        },
        "3DBall.Policy.ExtrinsicValueEstimate.mean": {
            "value": 2.2676455974578857,
            "min": 0.23135733604431152,
            "max": 2.2676455974578857,
            "count": 8
        },
        "3DBall.Policy.ExtrinsicValueEstimate.sum": {
            "value": 281.18804931640625,
            "min": 116.37274169921875,
            "max": 283.00640869140625,
            "count": 8
        },
        "3DBall.Environment.CumulativeReward.mean": {
            "value": 8.525001140371446,
            "min": 1.1543232812021011,
            "max": 8.525001140371446,
            "count": 8
        },
        "3DBall.Environment.CumulativeReward.sum": {
            "value": 1057.1001414060593,
            "min": 614.0999855995178,
            "max": 1057.1001414060593,
            "count": 8
        },
        "3DBall.Policy.ExtrinsicReward.mean": {
            "value": 8.525001140371446,
            "min": 1.1543232812021011,
            "max": 8.525001140371446,
            "count": 8
        },
        "3DBall.Policy.ExtrinsicReward.sum": {
            "value": 1057.1001414060593,
            "min": 614.0999855995178,
            "max": 1057.1001414060593,
            "count": 8
        },
        "3DBall.IsTraining.mean": {
            "value": 1.0,
            "min": 1.0,
            "max": 1.0,
            "count": 8
        },
        "3DBall.IsTraining.sum": {
            "value": 1.0,
            "min": 1.0,
            "max": 1.0,
            "count": 8
        },
        "3DBall.Losses.PolicyLoss.mean": {
            "value": 0.10129515646217087,
            "min": 0.09957005997120325,
            "max": 0.10389350835688797,
            "count": 7
        },
        "3DBall.Losses.PolicyLoss.sum": {
            "value": 0.10129515646217087,
            "min": 0.09957005997120325,
            "max": 0.10389350835688797,
            "count": 7
        },
        "3DBall.Losses.ValueLoss.mean": {
            "value": 2.233040892697395,
            "min": 0.21840067537179392,
            "max": 2.233040892697395,
            "count": 7
        },
        "3DBall.Losses.ValueLoss.sum": {
            "value": 2.233040892697395,
            "min": 0.21840067537179392,
            "max": 2.233040892697395,
            "count": 7
        },
        "3DBall.Policy.LearningRate.mean": {
            "value": 4.7436084188000014e-05,
            "min": 4.7436084188000014e-05,
            "max": 0.00026393401202200005,
            "count": 7
        },
        "3DBall.Policy.LearningRate.sum": {
            "value": 4.7436084188000014e-05,
            "min": 4.7436084188000014e-05,
            "max": 0.00026393401202200005,
            "count": 7
        },
        "3DBall.Policy.Epsilon.mean": {
            "value": 0.12371800000000001,
            "min": 0.12371800000000001,
            "max": 0.231967,
            "count": 7
        },
        "3DBall.Policy.Epsilon.sum": {
            "value": 0.12371800000000001,
            "min": 0.12371800000000001,
            "max": 0.231967,
            "count": 7
        },
        "3DBall.Policy.Beta.mean": {
            "value": 0.0001665388,
            "min": 0.0001665388,
            "max": 0.0008809822,
            "count": 7
        },
        "3DBall.Policy.Beta.sum": {
            "value": 0.0001665388,
            "min": 0.0001665388,
            "max": 0.0008809822,
            "count": 7
        }
    },
    "metadata": {
        "timer_format_version": "0.1.0",
        "start_time_seconds": "1764548864",
        "python_version": "3.10.11 (main, May  7 2023, 18:05:05) [MSC v.1929 64 bit (AMD64)]",
        "command_line_arguments": "C:\\Users\\maxim\\OneDrive\\Desktop\\maastricht\\Year 2\\project_2_1\\project_2_1_group_7\\.venv\\Scripts\\mlagents-learn Hidden_Units/random_config_3.yaml --run-id=max-eps0.25-config3-2 --env=3DBall_environment/UnityEnvironment --no-graphics --force",
        "mlagents_version": "1.0.0",
        "mlagents_envs_version": "1.0.0",
        "communication_protocol_version": "1.5.0",
        "pytorch_version": "2.9.0+cpu",
        "numpy_version": "1.23.5",
        "end_time_seconds": "1764548979"
    },
    "total": 114.7126891000662,
    "count": 1,
    "self": 0.48384359991177917,
    "children": {
        "run_training.setup": {
            "total": 0.12826240016147494,
            "count": 1,
            "self": 0.12826240016147494
        },
        "TrainerController.start_learning": {
            "total": 114.10058309999295,
            "count": 1,
            "self": 0.24775659339502454,
            "children": {
                "TrainerController._reset_env": {
                    "total": 4.859112599864602,
                    "count": 1,
                    "self": 4.859112599864602
                },
                "TrainerController.advance": {
                    "total": 107.20571100665256,
                    "count": 10625,
                    "self": 0.24348081275820732,
                    "children": {
                        "env_step": {
                            "total": 66.96332149184309,
                            "count": 10625,
                            "self": 58.490630292799324,
                            "children": {
                                "SubprocessEnvManager._take_step": {
                                    "total": 8.312244606669992,
                                    "count": 10625,
                                    "self": 0.624229913810268,
                                    "children": {
                                        "TorchPolicy.evaluate": {
                                            "total": 7.688014692859724,
                                            "count": 8467,
                                            "self": 7.688014692859724
                                        }
                                    }
                                },
                                "workers": {
                                    "total": 0.16044659237377346,
                                    "count": 10625,
                                    "self": 0.0,
                                    "children": {
                                        "worker_root": {
                                            "total": 106.7094504928682,
                                            "count": 10625,
                                            "is_parallel": true,
                                            "self": 63.86221969500184,
                                            "children": {
                                                "steps_from_proto": {
                                                    "total": 0.0006577000021934509,
                                                    "count": 1,
                                                    "is_parallel": true,