{
    "name": "root",
    "gauges": {
        "3DBall.Policy.Entropy.mean": {
            "value": 1.3957525491714478,
            "min": 1.3957525491714478,
            "max": 1.4189382791519165,
            "count": 4
        },
        "3DBall.Policy.Entropy.sum": {
            "value": 16732.28125,
            "min": 16732.28125,
            "max": 17231.5859375,
            "count": 4
        },
        "3DBall.Environment.EpisodeLength.mean": {
            "value": 26.18552036199095,
            "min": 21.08823529411765,
            "max": 26.18552036199095,
            "count": 4
        },
        "3DBall.Environment.EpisodeLength.sum": {
            "value": 11574.0,
            "min": 11472.0,
            "max": 11574.0,
            "count": 4
        },
        "3DBall.Step.mean": {
            "value": 47992.0,
            "min": 11996.0,
            "max": 47992.0,
            "count": 4
        },
        "3DBall.Step.sum": {
            "value": 47992.0,
            "min": 11996.0,
            "max": 47992.0,
            "count": 4
        },
        "3DBall.Policy.ExtrinsicValueEstimate.mean": {
            "value": 0.2815602719783783,
            "min": -0.6335470676422119,
            "max": 0.2815602719783783,
            "count": 4
        },
        "3DBall.Policy.ExtrinsicValueEstimate.sum": {
            "value": 124.44963836669922,
            "min": -344.01605224609375,
            "max": 124.44963836669922,
            "count": 4
        },
        "3DBall.Environment.CumulativeReward.mean": {
            "value": 1.614479571715739,
            "min": 1.1092080830649558,
            "max": 1.614479571715739,
            "count": 4
        },
        "3DBall.Environment.CumulativeReward.sum": {
            "value": 713.5999706983566,
            "min": 602.2999891042709,
            "max": 713.5999706983566,
            "count": 4
        },
        "3DBall.Policy.ExtrinsicReward.mean": {
            "value": 1.614479571715739,
            "min": 1.1092080830649558,
            "max": 1.614479571715739,
            "count": 4
        },
        "3DBall.Policy.ExtrinsicReward.sum": {
            "value": 713.5999706983566,
            "min": 602.2999891042709,
            "max": 713.5999706983566,
            "count": 4
        },
        "3DBall.IsTraining.mean": {
            "value": 1.0,
            "min": 1.0,
            "max": 1.0,
            "count": 4
        },
        "3DBall.IsTraining.sum": {
            "value": 1.0,
            "min": 1.0,
            "max": 1.0,
            "count": 4
        },
        "3DBall.Losses.PolicyLoss.mean": {
            "value": 0.10977515657775049,
            "min": 0.10977515657775049,
            "max": 0.11241086013937697,
            "count": 2
        },
        "3DBall.Losses.PolicyLoss.sum": {
            "value": 0.10977515657775049,
            "min": 0.10977515657775049,
            "max": 0.11241086013937697,
            "count": 2
        },
        "3DBall.Losses.ValueLoss.mean": {
            "value": 0.1718400722873286,
            "min": 0.1718400722873286,
            "max": 0.21924945450460137,
            "count": 2
        },
        "3DBall.Losses.ValueLoss.sum": {
            "value": 0.1718400722873286,
            "min": 0.1718400722873286,
            "max": 0.21924945450460137,
            "count": 2
        },
        "3DBall.Policy.LearningRate.mean": {
            "value": 0.00046619100676179986,
            "min": 0.00046619100676179986,
            "max": 0.00048309600338079995,
            "count": 2
        },
        "3DBall.Policy.LearningRate.sum": {
            "value": 0.00046619100676179986,
            "min": 0.00046619100676179986,
            "max": 0.00048309600338079995,
            "count": 2
        },
        "3DBall.Policy.Epsilon.mean": {
            "value": 0.19323820000000008,
            "min": 0.19323820000000008,
            "max": 0.19661920000000008,
            "count": 2
        },
        "3DBall.Policy.Epsilon.sum": {
            "value": 0.19323820000000008,
            "min": 0.19323820000000008,
            "max": 0.19661920000000008,
            "count": 2
        },
        "3DBall.Policy.Beta.mean": {
            "value": 0.00121277278,
            "min": 0.00121277278,
            "max": 0.00125638768,
            "count": 2
        },
        "3DBall.Policy.Beta.sum": {
            "value": 0.00121277278,
            "min": 0.00121277278,
            "max": 0.00125638768,
            "count": 2
        }
    },
    "metadata": {
        "timer_format_version": "0.1.0",
        "start_time_seconds": "1765162715",
        "python_version": "3.10.11 (tags/v3.10.11:7d4cc5a, Apr  5 2023, 00:38:17) [MSC v.1929 64 bit (AMD64)]",
        "command_line_arguments": "C:\\Users\\moebn\\Documents\\University\\Project 2-1\\project_2_1_group_7\\venv\\Scripts\\mlagents-learn Config/training_config.yaml --run-id=run_batch_size53_buffer_size16900_learning_rate0.0005_beta0.0013_epsilon0.2 --time-scale=20 --env=3DBall_environment/UnityEnvironment.exe --no-graphics",
        "mlagents_version": "1.0.0",
        "mlagents_envs_version": "1.0.0",
        "communication_protocol_version": "1.5.0",
        "pytorch_version": "2.9.1+cpu",
        "numpy_version": "1.23.5",
        "end_time_seconds": "1765162746"
    },
    "total": 31.050124800007325,
    "count": 1,
    "self": 0.18320510000921786,
    "children": {
        "run_training.setup": {
            "total": 0.07073579999268986,
            "count": 1,
            "self": 0.07073579999268986
        },
        "TrainerController.start_learning": {
            "total": 30.796183900005417,
            "count": 1,
            "self": 0.04998469934798777,
            "children": {
                "TrainerController._reset_env": {
                    "total": 7.811923000001116,
                    "count": 1,
                    "self": 7.811923000001116
                },
                "TrainerController.advance": {
                    "total": 22.927526800660416,
                    "count": 5754,
                    "self": 0.048946100781904534,
                    "children": {
                        "env_step": {
                            "total": 14.020314998517279,
                            "count": 5754,
                            "self": 12.550162900792202,
                            "children": {
                                "SubprocessEnvManager._take_step": {
                                    "total": 1.4358894984761719,
                                    "count": 5754,
                                    "self": 0.12141489944770001,
                                    "children": {
                                        "TorchPolicy.evaluate": {
                                            "total": 1.3144745990284719,
                                            "count": 4183,
                                            "self": 1.3144745990284719
                                        }
                                    }
                                },
                                "workers": {
                                    "total": 0.034262599248904735,
                                    "count": 5754,
                                    "self": 0.0,
                                    "children": {
                                        "worker_root": {
                                            "total": 23.515140699164476,
                                            "count": 5754,
                                            "is_parallel": true,
                                            "self": 13.969222798972623,
                                            "children": {
                                                "steps_from_proto": {
                                                    "total": 0.00023589999182149768,
                                                    "count": 1,