{
    "name": "root",
    "gauges": {
        "3DBall.Policy.Entropy.mean": {
            "value": 1.4133509397506714,
            "min": 1.4133509397506714,
            "max": 1.418938159942627,
            "count": 4
        },
        "3DBall.Policy.Entropy.sum": {
            "value": 16824.529296875,
            "min": 16824.529296875,
            "max": 17163.4765625,
            "count": 4
        },
        "3DBall.Environment.EpisodeLength.mean": {
            "value": 27.30424528301887,
            "min": 22.357976653696497,
            "max": 27.30424528301887,
            "count": 4
        },
        "3DBall.Environment.EpisodeLength.sum": {
            "value": 11577.0,
            "min": 11492.0,
            "max": 11577.0,
            "count": 4
        },
        "3DBall.Step.mean": {
            "value": 47989.0,
            "min": 11979.0,
            "max": 47989.0,
            "count": 4
        },
        "3DBall.Step.sum": {
            "value": 47989.0,
            "min": 11979.0,
            "max": 47989.0,
            "count": 4
        },
        "3DBall.Policy.ExtrinsicValueEstimate.mean": {
            "value": 0.3710021674633026,
            "min": -0.31542596220970154,
            "max": 0.3710021674633026,
            "count": 4
        },
        "3DBall.Policy.ExtrinsicValueEstimate.sum": {
            "value": 157.30491638183594,
            "min": -161.8135223388672,
            "max": 157.30491638183594,
            "count": 4
        },
        "3DBall.Environment.CumulativeReward.mean": {
            "value": 1.7292452103124474,
            "min": 1.2350876877414785,
            "max": 1.7292452103124474,
            "count": 4
        },
        "3DBall.Environment.CumulativeReward.sum": {
            "value": 733.1999691724777,
            "min": 633.5999838113785,
            "max": 733.1999691724777,
            "count": 4
        },
        "3DBall.Policy.ExtrinsicReward.mean": {
            "value": 1.7292452103124474,
            "min": 1.2350876877414785,
            "max": 1.7292452103124474,
            "count": 4
        },
        "3DBall.Policy.ExtrinsicReward.sum": {
            "value": 733.1999691724777,
            "min": 633.5999838113785,
            "max": 733.1999691724777,
            "count": 4
        },
        "3DBall.IsTraining.mean": {
            "value": 1.0,
            "min": 1.0,
            "max": 1.0,
            "count": 4
        },
        "3DBall.IsTraining.sum": {
            "value": 1.0,
            "min": 1.0,
            "max": 1.0,
            "count": 4
        },
        "3DBall.Losses.PolicyLoss.mean": {
            "value": 0.152906367881222,
            "min": 0.15165693740037878,
            "max": 0.152906367881222,
            "count": 2
        },
        "3DBall.Losses.PolicyLoss.sum": {
            "value": 0.152906367881222,
            "min": 0.15165693740037878,
            "max": 0.152906367881222,
            "count": 2
        },
        "3DBall.Losses.ValueLoss.mean": {
            "value": 0.3167472635023891,
            "min": 0.3167472635023891,
            "max": 0.3356386531180086,
            "count": 2
        },
        "3DBall.Losses.ValueLoss.sum": {
            "value": 0.3167472635023891,
            "min": 0.3167472635023891,
            "max": 0.3356386531180086,
            "count": 2
        },
        "3DBall.Policy.LearningRate.mean": {
            "value": 9.323180676820002e-05,
            "min": 9.323180676820002e-05,
            "max": 9.661580338420002e-05,
            "count": 2
        },
        "3DBall.Policy.LearningRate.sum": {
            "value": 9.323180676820002e-05,
            "min": 9.323180676820002e-05,
            "max": 9.661580338420002e-05,
            "count": 2
        },
        "3DBall.Policy.Epsilon.mean": {
            "value": 0.1466159,
            "min": 0.1466159,
            "max": 0.1483079,
            "count": 2
        },
        "3DBall.Policy.Epsilon.sum": {
            "value": 0.1466159,
            "min": 0.1466159,
            "max": 0.1483079,
            "count": 2
        },
        "3DBall.Policy.Beta.mean": {
            "value": 0.00121269022,
            "min": 0.00121269022,
            "max": 0.0012563438199999998,
            "count": 2
        },
        "3DBall.Policy.Beta.sum": {
            "value": 0.00121269022,
            "min": 0.00121269022,
            "max": 0.0012563438199999998,
            "count": 2
        }
    },
    "metadata": {
        "timer_format_version": "0.1.0",
        "start_time_seconds": "1765068546",
        "python_version": "3.10.11 (tags/v3.10.11:7d4cc5a, Apr  5 2023, 00:38:17) [MSC v.1929 64 bit (AMD64)]",
        "command_line_arguments": "C:\\Users\\moebn\\Documents\\University\\Project 2-1\\project_2_1_group_7\\venv\\Scripts\\mlagents-learn Config/training_config.yaml --run-id=run_batch_size27_buffer_size16900_learning_rate0.0001_beta0.0013_epsilon0.15 --time-scale=20 --env=3DBall_environment/UnityEnvironment.exe --no-graphics",
        "mlagents_version": "1.0.0",
        "mlagents_envs_version": "1.0.0",
        "communication_protocol_version": "1.5.0",
        "pytorch_version": "2.9.1+cpu",
        "numpy_version": "1.23.5",
        "end_time_seconds": "1765068575"
    },
    "total": 29.72520390000136,
    "count": 1,
    "self": 0.17141690000426024,
    "children": {
        "run_training.setup": {
            "total": 0.07149699999717996,
            "count": 1,
            "self": 0.07149699999717996
        },
        "TrainerController.start_learning": {
            "total": 29.48228999999992,
            "count": 1,
            "self": 0.049846499765408225,
            "children": {
                "TrainerController._reset_env": {
                    "total": 3.493692000003648,
                    "count": 1,
                    "self": 3.493692000003648
                },
                "TrainerController.advance": {
                    "total": 25.932241500224336,
                    "count": 5720,
                    "self": 0.04807269982120488,
                    "children": {
                        "env_step": {
                            "total": 14.15931830048794,
                            "count": 5720,
                            "self": 12.70429770143528,
                            "children": {
                                "SubprocessEnvManager._take_step": {
                                    "total": 1.420645899590454,
                                    "count": 5720,
                                    "self": 0.12011589939356782,
                                    "children": {
                                        "TorchPolicy.evaluate": {
                                            "total": 1.3005300001968862,
                                            "count": 4188,
                                            "self": 1.3005300001968862
                                        }
                                    }
                                },
                                "workers": {
                                    "total": 0.03437469946220517,
                                    "count": 5720,
                                    "self": 0.0,
                                    "children": {
                                        "worker_root": {
                                            "total": 26.503122100490145,
                                            "count": 5720,
                                            "is_parallel": true,
                                            "self": 16.798397100326838,
                                            "children": {
                                                "steps_from_proto": {
                                                    "total": 0.00028480000037234277,
                                                    "count": 1,
                                                    "is_parallel": true,