{
    "name": "root",
    "gauges": {
        "3DBall.Policy.Entropy.mean": {
            "value": 1.3560433387756348,
            "min": 1.3560433387756348,
            "max": 1.4142813682556152,
            "count": 4
        },
        "3DBall.Policy.Entropy.sum": {
            "value": 18046.224609375,
            "min": 17054.64453125,
            "max": 22848.24609375,
            "count": 4
        },
        "3DBall.Environment.EpisodeLength.mean": {
            "value": 565.8181818181819,
            "min": 22.643700787401574,
            "max": 565.8181818181819,
            "count": 4
        },
        "3DBall.Environment.EpisodeLength.sum": {
            "value": 12448.0,
            "min": 11503.0,
            "max": 12448.0,
            "count": 4
        },
        "3DBall.Step.mean": {
            "value": 47939.0,
            "min": 11991.0,
            "max": 47939.0,
            "count": 4
        },
        "3DBall.Step.sum": {
            "value": 47939.0,
            "min": 11991.0,
            "max": 47939.0,
            "count": 4
        },
        "3DBall.Policy.ExtrinsicValueEstimate.mean": {
            "value": 5.100240230560303,
            "min": 0.07887604832649231,
            "max": 5.100240230560303,
            "count": 4
        },
        "3DBall.Policy.ExtrinsicValueEstimate.sum": {
            "value": 112.20528411865234,
            "min": 39.99015808105469,
            "max": 237.61367797851562,
            "count": 4
        },
        "3DBall.Environment.CumulativeReward.mean": {
            "value": 54.17273520339619,
            "min": 1.2650887157319801,
            "max": 54.17273520339619,
            "count": 4
        },
        "3DBall.Environment.CumulativeReward.sum": {
            "value": 1191.8001744747162,
            "min": 641.3999788761139,
            "max": 1191.8001744747162,
            "count": 4
        },
        "3DBall.Policy.ExtrinsicReward.mean": {
            "value": 54.17273520339619,
            "min": 1.2650887157319801,
            "max": 54.17273520339619,
            "count": 4
        },
        "3DBall.Policy.ExtrinsicReward.sum": {
            "value": 1191.8001744747162,
            "min": 641.3999788761139,
            "max": 1191.8001744747162,
            "count": 4
        },
        "3DBall.Losses.PolicyLoss.mean": {
            "value": 0.10810633142145927,
            "min": 0.10810633142145927,
            "max": 0.11400516925181109,
            "count": 4
        },
        "3DBall.Losses.PolicyLoss.sum": {
            "value": 0.21621266284291854,
            "min": 0.21621266284291854,
            "max": 0.34201550775543327,
            "count": 4
        },
        "3DBall.Losses.ValueLoss.mean": {
            "value": 1.9623767487193151,
            "min": 0.3207678604027518,
            "max": 1.9623767487193151,
            "count": 4
        },
        "3DBall.Losses.ValueLoss.sum": {
            "value": 3.9247534974386302,
            "min": 0.6415357208055036,
            "max": 5.277493488205516,
            "count": 4
        },
        "3DBall.Policy.LearningRate.mean": {
            "value": 0.0003659212085197,
            "min": 0.0003659212085197,
            "max": 0.0003940964014759,
            "count": 4
        },
        "3DBall.Policy.LearningRate.sum": {
            "value": 0.0007318424170394,
            "min": 0.0007318424170394,
            "max": 0.0011291504177124,
            "count": 4
        },
        "3DBall.Policy.Epsilon.mean": {
            "value": 0.23722044999999997,
            "min": 0.23722044999999997,
            "max": 0.24778614999999998,
            "count": 4
        },
        "3DBall.Policy.Epsilon.sum": {
            "value": 0.47444089999999994,
            "min": 0.47444089999999994,
            "max": 0.7234314,
            "count": 4
        },
        "3DBall.Policy.Beta.mean": {
            "value": 0.00100713527,
            "min": 0.00100713527,
            "max": 0.00108391269,
            "count": 4
        },
        "3DBall.Policy.Beta.sum": {
            "value": 0.00201427054,
            "min": 0.00201427054,
            "max": 0.00310693484,
            "count": 4
        },
        "3DBall.IsTraining.mean": {
            "value": 1.0,
            "min": 1.0,
            "max": 1.0,
            "count": 4
        },
        "3DBall.IsTraining.sum": {
            "value": 1.0,
            "min": 1.0,
            "max": 1.0,
            "count": 4
        }
    },
    "metadata": {
        "timer_format_version": "0.1.0",
        "start_time_seconds": "1765137825",
        "python_version": "3.10.11 (tags/v3.10.11:7d4cc5a, Apr  5 2023, 00:38:17) [MSC v.1929 64 bit (AMD64)]",
        "command_line_arguments": "C:\\Users\\moebn\\Documents\\University\\Project 2-1\\project_2_1_group_7\\venv\\Scripts\\mlagents-learn Config/training_config.yaml --run-id=run_batch_size53_buffer_size4900_learning_rate0.0004_beta0.0011_epsilon0.25 --time-scale=20 --env=3DBall_environment/UnityEnvironment.exe --no-graphics",
        "mlagents_version": "1.0.0",
        "mlagents_envs_version": "1.0.0",
        "communication_protocol_version": "1.5.0",
        "pytorch_version": "2.9.1+cpu",
        "numpy_version": "1.23.5",
        "end_time_seconds": "1765137860"
    },
    "total": 35.533302199997706,
    "count": 1,
    "self": 0.21070359999430366,
    "children": {
        "run_training.setup": {
            "total": 0.07307600000058301,
            "count": 1,
            "self": 0.07307600000058301
        },
        "TrainerController.start_learning": {
            "total": 35.24952260000282,
            "count": 1,
            "self": 0.047127700061537325,
            "children": {
                "TrainerController._reset_env": {
                    "total": 10.041461099986918,
                    "count": 1,
                    "self": 10.041461099986918
                },
                "TrainerController.advance": {
                    "total": 25.153880399942864,
                    "count": 5506,
                    "self": 0.046881403715815395,
                    "children": {
                        "env_step": {
                            "total": 14.758068098832155,
                            "count": 5506,
                            "self": 13.06880679691676,
                            "children": {
                                "SubprocessEnvManager._take_step": {
                                    "total": 1.6566785021859687,
                                    "count": 5506,
                                    "self": 0.131849702243926,
                                    "children": {
                                        "TorchPolicy.evaluate": {
                                            "total": 1.5248287999420427,
                                            "count": 4680,
                                            "self": 1.5248287999420427
                                        }
                                    }
                                },
                                "workers": {
                                    "total": 0.03258279972942546,
                                    "count": 5506,
                                    "self": 0.0,
                                    "children": {
                                        "worker_root": {
                                            "total": 25.749240702571115,
                                            "count": 5506,
                                            "is_parallel": true,
                                            "self": 15.666714502469404,
                                            "children": {
                                                "steps_from_proto": {
                                                    "total": 0.00025969999842345715,
                                                    "count": 1,
                                                    "is_parallel": true,