{
    "name": "root",
    "gauges": {
        "3DBall.Policy.Entropy.mean": {
            "value": 1.3713215589523315,
            "min": 1.3713215589523315,
            "max": 1.417649507522583,
            "count": 4
        },
        "3DBall.Policy.Entropy.sum": {
            "value": 16455.859375,
            "min": 16455.859375,
            "max": 20624.029296875,
            "count": 4
        },
        "3DBall.Environment.EpisodeLength.mean": {
            "value": 943.3333333333334,
            "min": 24.69722814498934,
            "max": 943.3333333333334,
            "count": 4
        },
        "3DBall.Environment.EpisodeLength.sum": {
            "value": 11320.0,
            "min": 11320.0,
            "max": 12821.0,
            "count": 4
        },
        "3DBall.Step.mean": {
            "value": 47264.0,
            "min": 11974.0,
            "max": 47264.0,
            "count": 4
        },
        "3DBall.Step.sum": {
            "value": 47264.0,
            "min": 11974.0,
            "max": 47264.0,
            "count": 4
        },
        "3DBall.Policy.ExtrinsicValueEstimate.mean": {
            "value": 9.289795875549316,
            "min": 0.3001045882701874,
            "max": 9.289795875549316,
            "count": 4
        },
        "3DBall.Policy.ExtrinsicValueEstimate.sum": {
            "value": 111.47755432128906,
            "min": 111.47755432128906,
            "max": 236.55758666992188,
            "count": 4
        },
        "3DBall.Environment.CumulativeReward.mean": {
            "value": 94.25001462300618,
            "min": 1.4640256338762778,
            "max": 94.25001462300618,
            "count": 4
        },
        "3DBall.Environment.CumulativeReward.sum": {
            "value": 1131.0001754760742,
            "min": 683.6999710202217,
            "max": 1177.7001943588257,
            "count": 4
        },
        "3DBall.Policy.ExtrinsicReward.mean": {
            "value": 94.25001462300618,
            "min": 1.4640256338762778,
            "max": 94.25001462300618,
            "count": 4
        },
        "3DBall.Policy.ExtrinsicReward.sum": {
            "value": 1131.0001754760742,
            "min": 683.6999710202217,
            "max": 1177.7001943588257,
            "count": 4
        },
        "3DBall.Losses.PolicyLoss.mean": {
            "value": 0.09740873002668747,
            "min": 0.09254016830672311,
            "max": 0.09740873002668747,
            "count": 4
        },
        "3DBall.Losses.PolicyLoss.sum": {
            "value": 0.3896349201067499,
            "min": 0.375782647702365,
            "max": 0.46270084153361557,
            "count": 4
        },
        "3DBall.Losses.ValueLoss.mean": {
            "value": 0.7658058535552399,
            "min": 0.4866611455042125,
            "max": 2.6969596377566587,
            "count": 4
        },
        "3DBall.Losses.ValueLoss.sum": {
            "value": 3.0632234142209596,
            "min": 1.94664458201685,
            "max": 10.787838551026635,
            "count": 4
        },
        "3DBall.Policy.LearningRate.mean": {
            "value": 0.0002749914083362,
            "min": 0.0002749914083362,
            "max": 0.00029620995126334996,
            "count": 4
        },
        "3DBall.Policy.LearningRate.sum": {
            "value": 0.0010999656333448,
            "min": 0.0010999656333448,
            "max": 0.0014468496177168,
            "count": 4
        },
        "3DBall.Policy.Epsilon.mean": {
            "value": 0.28332760000000007,
            "min": 0.28332760000000007,
            "max": 0.29747330000000005,
            "count": 4
        },
        "3DBall.Policy.Epsilon.sum": {
            "value": 1.1333104000000003,
            "min": 1.1333104000000003,
            "max": 1.4645663999999996,
            "count": 4
        },
        "3DBall.Policy.Beta.mean": {
            "value": 0.0010091354200000003,
            "min": 0.0010091354200000003,
            "max": 0.0010862294850000004,
            "count": 4
        },
        "3DBall.Policy.Beta.sum": {
            "value": 0.004036541680000001,
            "min": 0.004036541680000001,
            "max": 0.00530688688,
            "count": 4
        },
        "3DBall.IsTraining.mean": {
            "value": 1.0,
            "min": 1.0,
            "max": 1.0,
            "count": 4
        },
        "3DBall.IsTraining.sum": {
            "value": 1.0,
            "min": 1.0,
            "max": 1.0,
            "count": 4
        }
    },
    "metadata": {
        "timer_format_version": "0.1.0",
        "start_time_seconds": "1765195910",
        "python_version": "3.10.11 (tags/v3.10.11:7d4cc5a, Apr  5 2023, 00:38:17) [MSC v.1929 64 bit (AMD64)]",
        "command_line_arguments": "C:\\Users\\moebn\\Documents\\University\\Project 2-1\\project_2_1_group_7\\venv\\Scripts\\mlagents-learn Config/training_config.yaml --run-id=run_batch_size66_buffer_size2500_learning_rate0.0003_beta0.0011_epsilon0.3 --time-scale=20 --env=3DBall_environment/UnityEnvironment.exe --no-graphics",
        "mlagents_version": "1.0.0",
        "mlagents_envs_version": "1.0.0",
        "communication_protocol_version": "1.5.0",
        "pytorch_version": "2.9.1+cpu",
        "numpy_version": "1.23.5",
        "end_time_seconds": "1765195939"
    },
    "total": 28.69602040000609,
    "count": 1,
    "self": 0.1829954999848269,
    "children": {
        "run_training.setup": {
            "total": 0.08289290001266636,
            "count": 1,
            "self": 0.08289290001266636
        },
        "TrainerController.start_learning": {
            "total": 28.430132000008598,
            "count": 1,
            "self": 0.04199239960871637,
            "children": {
                "TrainerController._reset_env": {
                    "total": 3.529614200000651,
                    "count": 1,
                    "self": 3.529614200000651
                },
                "TrainerController.advance": {
                    "total": 24.85163220038521,
                    "count": 5142,
                    "self": 0.04125669883796945,
                    "children": {
                        "env_step": {
                            "total": 14.632011901267106,
                            "count": 5142,
                            "self": 12.85723029950168,
                            "children": {
                                "SubprocessEnvManager._take_step": {
                                    "total": 1.7449282000306994,
                                    "count": 5142,
                                    "self": 0.1268698989006225,
                                    "children": {
                                        "TorchPolicy.evaluate": {
                                            "total": 1.6180583011300769,
                                            "count": 4608,
                                            "self": 1.6180583011300769
                                        }
                                    }
                                },
                                "workers": {
                                    "total": 0.029853401734726503,
                                    "count": 5142,
                                    "self": 0.0,
                                    "children": {
                                        "worker_root": {
                                            "total": 25.457421000028262,
                                            "count": 5142,
                                            "is_parallel": true,
                                            "self": 15.432375100092031,
                                            "children": {
                                                "steps_from_proto": {
                                                    "total": 0.0002899999963119626,
                                                    "count": 1,