{
    "name": "root",
    "gauges": {
        "3DBall.Policy.Entropy.mean": {
            "value": 1.3896708488464355,
            "min": 1.3896708488464355,
            "max": 1.421195387840271,
            "count": 4
        },
        "3DBall.Policy.Entropy.sum": {
            "value": 16959.54296875,
            "min": 16959.54296875,
            "max": 22605.15234375,
            "count": 4
        },
        "3DBall.Environment.EpisodeLength.mean": {
            "value": 787.1875,
            "min": 23.120481927710845,
            "max": 787.1875,
            "count": 4
        },
        "3DBall.Environment.EpisodeLength.sum": {
            "value": 12595.0,
            "min": 11514.0,
            "max": 12595.0,
            "count": 4
        },
        "3DBall.Step.mean": {
            "value": 47833.0,
            "min": 11994.0,
            "max": 47833.0,
            "count": 4
        },
        "3DBall.Step.sum": {
            "value": 47833.0,
            "min": 11994.0,
            "max": 47833.0,
            "count": 4
        },
        "3DBall.Policy.ExtrinsicValueEstimate.mean": {
            "value": 7.786055564880371,
            "min": 0.1638493686914444,
            "max": 7.786055564880371,
            "count": 4
        },
        "3DBall.Policy.ExtrinsicValueEstimate.sum": {
            "value": 124.57688903808594,
            "min": 81.43313598632812,
            "max": 234.36834716796875,
            "count": 4
        },
        "3DBall.Environment.CumulativeReward.mean": {
            "value": 77.90001255273819,
            "min": 1.3132796407465483,
            "max": 77.90001255273819,
            "count": 4
        },
        "3DBall.Environment.CumulativeReward.sum": {
            "value": 1246.400200843811,
            "min": 652.6999814510345,
            "max": 1246.400200843811,
            "count": 4
        },
        "3DBall.Policy.ExtrinsicReward.mean": {
            "value": 77.90001255273819,
            "min": 1.3132796407465483,
            "max": 77.90001255273819,
            "count": 4
        },
        "3DBall.Policy.ExtrinsicReward.sum": {
            "value": 1246.400200843811,
            "min": 652.6999814510345,
            "max": 1246.400200843811,
            "count": 4
        },
        "3DBall.Losses.PolicyLoss.mean": {
            "value": 0.21187751306385677,
            "min": 0.21187751306385677,
            "max": 0.21806478931019035,
            "count": 4
        },
        "3DBall.Losses.PolicyLoss.sum": {
            "value": 1.059387565319284,
            "min": 0.848921499737386,
            "max": 1.0601678083428394,
            "count": 4
        },
        "3DBall.Losses.ValueLoss.mean": {
            "value": 1.439815243370091,
            "min": 0.4414291685690133,
            "max": 3.3032064306342734,
            "count": 4
        },
        "3DBall.Losses.ValueLoss.sum": {
            "value": 7.199076216850455,
            "min": 1.7657166742760533,
            "max": 13.212825722537094,
            "count": 4
        },
        "3DBall.Policy.LearningRate.mean": {
            "value": 9.159904840096e-05,
            "min": 9.159904840096e-05,
            "max": 9.874595125405e-05,
            "count": 4
        },
        "3DBall.Policy.LearningRate.sum": {
            "value": 0.0004579952420048,
            "min": 0.0003765824234176,
            "max": 0.00048241461758540005,
            "count": 4
        },
        "3DBall.Policy.Epsilon.mean": {
            "value": 0.19159904000000003,
            "min": 0.19159904000000003,
            "max": 0.19874595,
            "count": 4
        },
        "3DBall.Policy.Epsilon.sum": {
            "value": 0.9579952000000002,
            "min": 0.7765824000000001,
            "max": 0.9824146,
            "count": 4
        },
        "3DBall.Policy.Beta.mean": {
            "value": 0.001008429536,
            "min": 0.001008429536,
            "max": 0.001086330855,
            "count": 4
        },
        "3DBall.Policy.Beta.sum": {
            "value": 0.00504214768,
            "min": 0.00414474816,
            "max": 0.00530831914,
            "count": 4
        },
        "3DBall.IsTraining.mean": {
            "value": 1.0,
            "min": 1.0,
            "max": 1.0,
            "count": 4
        },
        "3DBall.IsTraining.sum": {
            "value": 1.0,
            "min": 1.0,
            "max": 1.0,
            "count": 4
        }
    },
    "metadata": {
        "timer_format_version": "0.1.0",
        "start_time_seconds": "1764910257",
        "python_version": "3.10.11 (tags/v3.10.11:7d4cc5a, Apr  5 2023, 00:38:17) [MSC v.1929 64 bit (AMD64)]",
        "command_line_arguments": "C:\\Users\\moebn\\Documents\\University\\Project 2-1\\project_2_1_group_7\\venv\\Scripts\\mlagents-learn Config/training_config.yaml --run-id=run_batch_size14_buffer_size2500_learning_rate0.0001_beta0.0011_epsilon0.2 --time-scale=20 --env=3DBall_environment/UnityEnvironment.exe --no-graphics",
        "mlagents_version": "1.0.0",
        "mlagents_envs_version": "1.0.0",
        "communication_protocol_version": "1.5.0",
        "pytorch_version": "2.9.1+cpu",
        "numpy_version": "1.23.5",
        "end_time_seconds": "1764910307"
    },
    "total": 49.90182889999414,
    "count": 1,
    "self": 0.2399639999930514,
    "children": {
        "run_training.setup": {
            "total": 0.06675519999407697,
            "count": 1,
            "self": 0.06675519999407697
        },
        "TrainerController.start_learning": {
            "total": 49.595109700007015,
            "count": 1,
            "self": 0.047269399714423344,
            "children": {
                "TrainerController._reset_env": {
                    "total": 8.987008199997945,
                    "count": 1,
                    "self": 8.987008199997945
                },
                "TrainerController.advance": {
                    "total": 40.554401100293035,
                    "count": 5461,
                    "self": 0.04564399944501929,
                    "children": {
                        "env_step": {
                            "total": 14.932294200130855,
                            "count": 5461,
                            "self": 13.041353599764989,
                            "children": {
                                "SubprocessEnvManager._take_step": {
                                    "total": 1.857880200361251,
                                    "count": 5461,
                                    "self": 0.13688300075591542,
                                    "children": {
                                        "TorchPolicy.evaluate": {
                                            "total": 1.7209971996053355,
                                            "count": 4783,
                                            "self": 1.7209971996053355
                                        }
                                    }
                                },
                                "workers": {
                                    "total": 0.033060400004615076,
                                    "count": 5461,
                                    "self": 0.0,
                                    "children": {
                                        "worker_root": {
                                            "total": 41.122659599466715,
                                            "count": 5461,
                                            "is_parallel": true,
                                            "self": 31.07083279872313,
                                            "children": {
                                                "steps_from_proto": {
                                                    "total": 0.00021559999731834978,
                                                    "count": 1,
                                                    "is_parallel": true,