{
    "name": "root",
    "gauges": {
        "3DBall.Policy.Entropy.mean": {
            "value": 1.397792100906372,
            "min": 1.397792100906372,
            "max": 1.418938159942627,
            "count": 4
        },
        "3DBall.Policy.Entropy.sum": {
            "value": 16941.240234375,
            "min": 16820.2109375,
            "max": 17180.50390625,
            "count": 4
        },
        "3DBall.Environment.EpisodeLength.mean": {
            "value": 30.513089005235603,
            "min": 21.55639097744361,
            "max": 30.513089005235603,
            "count": 4
        },
        "3DBall.Environment.EpisodeLength.sum": {
            "value": 11656.0,
            "min": 11468.0,
            "max": 11656.0,
            "count": 4
        },
        "3DBall.Step.mean": {
            "value": 47975.0,
            "min": 11981.0,
            "max": 47975.0,
            "count": 4
        },
        "3DBall.Step.sum": {
            "value": 47975.0,
            "min": 11981.0,
            "max": 47975.0,
            "count": 4
        },
        "3DBall.Policy.ExtrinsicValueEstimate.mean": {
            "value": 0.40496912598609924,
            "min": -0.09286266565322876,
            "max": 0.40496912598609924,
            "count": 4
        },
        "3DBall.Policy.ExtrinsicValueEstimate.sum": {
            "value": 154.69821166992188,
            "min": -49.31007385253906,
            "max": 154.69821166992188,
            "count": 4
        },
        "3DBall.Environment.CumulativeReward.mean": {
            "value": 2.03979051986914,
            "min": 1.1563088238351538,
            "max": 2.03979051986914,
            "count": 4
        },
        "3DBall.Environment.CumulativeReward.sum": {
            "value": 779.1999785900116,
            "min": 613.9999854564667,
            "max": 779.1999785900116,
            "count": 4
        },
        "3DBall.Policy.ExtrinsicReward.mean": {
            "value": 2.03979051986914,
            "min": 1.1563088238351538,
            "max": 2.03979051986914,
            "count": 4
        },
        "3DBall.Policy.ExtrinsicReward.sum": {
            "value": 779.1999785900116,
            "min": 613.9999854564667,
            "max": 779.1999785900116,
            "count": 4
        },
        "3DBall.IsTraining.mean": {
            "value": 1.0,
            "min": 1.0,
            "max": 1.0,
            "count": 4
        },
        "3DBall.IsTraining.sum": {
            "value": 1.0,
            "min": 1.0,
            "max": 1.0,
            "count": 4
        },
        "3DBall.Losses.PolicyLoss.mean": {
            "value": 0.15479959421623488,
            "min": 0.15479959421623488,
            "max": 0.15632625895947552,
            "count": 3
        },
        "3DBall.Losses.PolicyLoss.sum": {
            "value": 0.15479959421623488,
            "min": 0.15479959421623488,
            "max": 0.15632625895947552,
            "count": 3
        },
        "3DBall.Losses.ValueLoss.mean": {
            "value": 0.40201419250129694,
            "min": 0.2045115834087004,
            "max": 0.40201419250129694,
            "count": 3
        },
        "3DBall.Losses.ValueLoss.sum": {
            "value": 0.40201419250129694,
            "min": 0.2045115834087004,
            "max": 0.40201419250129694,
            "count": 3
        },
        "3DBall.Policy.LearningRate.mean": {
            "value": 9.129120870880002e-05,
            "min": 9.129120870880002e-05,
            "max": 9.7097002903e-05,
            "count": 3
        },
        "3DBall.Policy.LearningRate.sum": {
            "value": 9.129120870880002e-05,
            "min": 9.129120870880002e-05,
            "max": 9.7097002903e-05,
            "count": 3
        },
        "3DBall.Policy.Epsilon.mean": {
            "value": 0.2825823999999999,
            "min": 0.2825823999999999,
            "max": 0.294194,
            "count": 3
        },
        "3DBall.Policy.Epsilon.sum": {
            "value": 0.2825823999999999,
            "min": 0.2825823999999999,
            "max": 0.294194,
            "count": 3
        },
        "3DBall.Policy.Beta.mean": {
            "value": 0.00127894768,
            "min": 0.00127894768,
            "max": 0.0013596482999999999,
            "count": 3
        },
        "3DBall.Policy.Beta.sum": {
            "value": 0.00127894768,
            "min": 0.00127894768,
            "max": 0.0013596482999999999,
            "count": 3
        }
    },
    "metadata": {
        "timer_format_version": "0.1.0",
        "start_time_seconds": "1765063759",
        "python_version": "3.10.11 (tags/v3.10.11:7d4cc5a, Apr  5 2023, 00:38:17) [MSC v.1929 64 bit (AMD64)]",
        "command_line_arguments": "C:\\Users\\moebn\\Documents\\University\\Project 2-1\\project_2_1_group_7\\venv\\Scripts\\mlagents-learn Config/training_config.yaml --run-id=run_batch_size27_buffer_size14500_learning_rate0.0001_beta0.0014_epsilon0.3 --time-scale=20 --env=3DBall_environment/UnityEnvironment.exe --no-graphics",
        "mlagents_version": "1.0.0",
        "mlagents_envs_version": "1.0.0",
        "communication_protocol_version": "1.5.0",
        "pytorch_version": "2.9.1+cpu",
        "numpy_version": "1.23.5",
        "end_time_seconds": "1765063791"
    },
    "total": 32.506255100001,
    "count": 1,
    "self": 0.21337419998599216,
    "children": {
        "run_training.setup": {
            "total": 0.06615650000458118,
            "count": 1,
            "self": 0.06615650000458118
        },
        "TrainerController.start_learning": {
            "total": 32.226724400010426,
            "count": 1,
            "self": 0.05008869955781847,
            "children": {
                "TrainerController._reset_env": {
                    "total": 3.4534925000043586,
                    "count": 1,
                    "self": 3.4534925000043586
                },
                "TrainerController.advance": {
                    "total": 28.716443500452442,
                    "count": 5658,
                    "self": 0.047076499729882926,
                    "children": {
                        "env_step": {
                            "total": 14.130946200501057,
                            "count": 5658,
                            "self": 12.671226100908825,
                            "children": {
                                "SubprocessEnvManager._take_step": {
                                    "total": 1.4258005001756828,
                                    "count": 5658,
                                    "self": 0.11966500018024817,
                                    "children": {
                                        "TorchPolicy.evaluate": {
                                            "total": 1.3061354999954347,
                                            "count": 4185,
                                            "self": 1.3061354999954347
                                        }
                                    }
                                },
                                "workers": {
                                    "total": 0.03391959941654932,
                                    "count": 5658,
                                    "self": 0.0,
                                    "children": {
                                        "worker_root": {
                                            "total": 29.28225039957033,
                                            "count": 5658,
                                            "is_parallel": true,
                                            "self": 19.596402699506143,
                                            "children": {
                                                "steps_from_proto": {
                                                    "total": 0.0002234999992651865,
                                                    "count": 1,