{
    "name": "root",
    "gauges": {
        "3DBall.Policy.Entropy.mean": {
            "value": 1.3352588415145874,
            "min": 1.3352588415145874,
            "max": 1.405250906944275,
            "count": 4
        },
        "3DBall.Policy.Entropy.sum": {
            "value": 16023.1064453125,
            "min": 16023.1064453125,
            "max": 22356.40625,
            "count": 4
        },
        "3DBall.Environment.EpisodeLength.mean": {
            "value": 837.0714285714286,
            "min": 22.62795275590551,
            "max": 837.0714285714286,
            "count": 4
        },
        "3DBall.Environment.EpisodeLength.sum": {
            "value": 11719.0,
            "min": 11495.0,
            "max": 12387.0,
            "count": 4
        },
        "3DBall.Step.mean": {
            "value": 47343.0,
            "min": 11986.0,
            "max": 47343.0,
            "count": 4
        },
        "3DBall.Step.sum": {
            "value": 47343.0,
            "min": 11986.0,
            "max": 47343.0,
            "count": 4
        },
        "3DBall.Policy.ExtrinsicValueEstimate.mean": {
            "value": 6.841139793395996,
            "min": 0.31645500659942627,
            "max": 6.841139793395996,
            "count": 4
        },
        "3DBall.Policy.ExtrinsicValueEstimate.sum": {
            "value": 95.77595520019531,
            "min": 95.77595520019531,
            "max": 196.28451538085938,
            "count": 4
        },
        "3DBall.Environment.CumulativeReward.mean": {
            "value": 83.49287033081055,
            "min": 1.264102530197279,
            "max": 83.49287033081055,
            "count": 4
        },
        "3DBall.Environment.CumulativeReward.sum": {
            "value": 1168.9001846313477,
            "min": 640.8999828100204,
            "max": 1168.9001846313477,
            "count": 4
        },
        "3DBall.Policy.ExtrinsicReward.mean": {
            "value": 83.49287033081055,
            "min": 1.264102530197279,
            "max": 83.49287033081055,
            "count": 4
        },
        "3DBall.Policy.ExtrinsicReward.sum": {
            "value": 1168.9001846313477,
            "min": 640.8999828100204,
            "max": 1168.9001846313477,
            "count": 4
        },
        "3DBall.Losses.PolicyLoss.mean": {
            "value": 0.5684948143265316,
            "min": 0.5684948143265316,
            "max": 0.8426572813867149,
            "count": 4
        },
        "3DBall.Losses.PolicyLoss.sum": {
            "value": 1.1369896286530632,
            "min": 1.1369896286530632,
            "max": 2.527971844160145,
            "count": 4
        },
        "3DBall.Losses.ValueLoss.mean": {
            "value": 1.0961134507410946,
            "min": 0.22136954321976204,
            "max": 2.298291039628784,
            "count": 4
        },
        "3DBall.Losses.ValueLoss.sum": {
            "value": 2.192226901482189,
            "min": 0.4427390864395241,
            "max": 6.894873118886352,
            "count": 4
        },
        "3DBall.Policy.LearningRate.mean": {
            "value": 9.144300855700001e-05,
            "min": 9.144300855700001e-05,
            "max": 9.85257014743e-05,
            "count": 4
        },
        "3DBall.Policy.LearningRate.sum": {
            "value": 0.00018288601711400002,
            "min": 0.00018288601711400002,
            "max": 0.000282165017835,
            "count": 4
        },
        "3DBall.Policy.Epsilon.mean": {
            "value": 0.2371645,
            "min": 0.2371645,
            "max": 0.24778855000000005,
            "count": 4
        },
        "3DBall.Policy.Epsilon.sum": {
            "value": 0.474329,
            "min": 0.474329,
            "max": 0.7232475,
            "count": 4
        },
        "3DBall.Policy.Beta.mean": {
            "value": 0.0010067287,
            "min": 0.0010067287,
            "max": 0.0010839301299999998,
            "count": 4
        },
        "3DBall.Policy.Beta.sum": {
            "value": 0.0020134574,
            "min": 0.0020134574,
            "max": 0.003105598500000001,
            "count": 4
        },
        "3DBall.IsTraining.mean": {
            "value": 1.0,
            "min": 1.0,
            "max": 1.0,
            "count": 4
        },
        "3DBall.IsTraining.sum": {
            "value": 1.0,
            "min": 1.0,
            "max": 1.0,
            "count": 4
        }
    },
    "metadata": {
        "timer_format_version": "0.1.0",
        "start_time_seconds": "1764640003",
        "python_version": "3.10.11 (tags/v3.10.11:7d4cc5a, Apr  5 2023, 00:38:17) [MSC v.1929 64 bit (AMD64)]",
        "command_line_arguments": "C:\\Users\\moebn\\Documents\\University\\Project 2-1\\project_2_1_group_7\\venv\\Scripts\\mlagents-learn Config/training_config.yaml --run-id=run_batch_size1_buffer_size4900_learning_rate0.0001_beta0.0011_epsilon0.25 --time-scale=20 --env=3DBall_environment/UnityEnvironment.exe --no-graphics",
        "mlagents_version": "1.0.0",
        "mlagents_envs_version": "1.0.0",
        "communication_protocol_version": "1.5.0",
        "pytorch_version": "2.9.1+cpu",
        "numpy_version": "1.23.5",
        "end_time_seconds": "1764640267"
    },
    "total": 264.0913389000016,
    "count": 1,
    "self": 0.1939349000022048,
    "children": {
        "run_training.setup": {
            "total": 0.06370819999938249,
            "count": 1,
            "self": 0.06370819999938249
        },
        "TrainerController.start_learning": {
            "total": 263.8336958,
            "count": 1,
            "self": 0.04513969992331113,
            "children": {
                "TrainerController._reset_env": {
                    "total": 3.6153849999973318,
                    "count": 1,
                    "self": 3.6153849999973318
                },
                "TrainerController.advance": {
                    "total": 260.16685970008257,
                    "count": 5359,
                    "self": 0.043684799973561894,
                    "children": {
                        "env_step": {
                            "total": 14.74256669998067,
                            "count": 5359,
                            "self": 12.953905599748396,
                            "children": {
                                "SubprocessEnvManager._take_step": {
                                    "total": 1.756714700237353,
                                    "count": 5359,
                                    "self": 0.13182930014590966,
                                    "children": {
                                        "TorchPolicy.evaluate": {
                                            "total": 1.6248854000914434,
                                            "count": 4645,
                                            "self": 1.6248854000914434
                                        }
                                    }
                                },
                                "workers": {
                                    "total": 0.0319463999949221,
                                    "count": 5359,
                                    "self": 0.0,
                                    "children": {
                                        "worker_root": {
                                            "total": 260.72444880006515,
                                            "count": 5359,
                                            "is_parallel": true,
                                            "self": 250.72084769999128,
                                            "children": {
                                                "steps_from_proto": {
                                                    "total": 0.000258100000792183,
                                                    "count": 1,
                                                    "is_parallel": true,