{
    "name": "root",
    "gauges": {
        "3DBall.Policy.Entropy.mean": {
            "value": 1.35515558719635,
            "min": 1.35515558719635,
            "max": 1.4243712425231934,
            "count": 4
        },
        "3DBall.Policy.Entropy.sum": {
            "value": 16505.794921875,
            "min": 16505.794921875,
            "max": 21266.56640625,
            "count": 4
        },
        "3DBall.Environment.EpisodeLength.mean": {
            "value": 721.5882352941177,
            "min": 24.17400419287212,
            "max": 721.5882352941177,
            "count": 4
        },
        "3DBall.Environment.EpisodeLength.sum": {
            "value": 12267.0,
            "min": 11531.0,
            "max": 12459.0,
            "count": 4
        },
        "3DBall.Step.mean": {
            "value": 47793.0,
            "min": 11985.0,
            "max": 47793.0,
            "count": 4
        },
        "3DBall.Step.sum": {
            "value": 47793.0,
            "min": 11985.0,
            "max": 47793.0,
            "count": 4
        },
        "3DBall.Policy.ExtrinsicValueEstimate.mean": {
            "value": 8.657963752746582,
            "min": 0.17388832569122314,
            "max": 8.657963752746582,
            "count": 4
        },
        "3DBall.Policy.ExtrinsicValueEstimate.sum": {
            "value": 147.1853790283203,
            "min": 82.77084350585938,
            "max": 269.8573303222656,
            "count": 4
        },
        "3DBall.Environment.CumulativeReward.mean": {
            "value": 71.74118744625764,
            "min": 1.417857081699772,
            "max": 71.74118744625764,
            "count": 4
        },
        "3DBall.Environment.CumulativeReward.sum": {
            "value": 1219.60018658638,
            "min": 674.8999708890915,
            "max": 1219.60018658638,
            "count": 4
        },
        "3DBall.Policy.ExtrinsicReward.mean": {
            "value": 71.74118744625764,
            "min": 1.417857081699772,
            "max": 71.74118744625764,
            "count": 4
        },
        "3DBall.Policy.ExtrinsicReward.sum": {
            "value": 1219.60018658638,
            "min": 674.8999708890915,
            "max": 1219.60018658638,
            "count": 4
        },
        "3DBall.Losses.PolicyLoss.mean": {
            "value": 0.12623209187224393,
            "min": 0.12172957802726506,
            "max": 0.12869315768446687,
            "count": 4
        },
        "3DBall.Losses.PolicyLoss.sum": {
            "value": 0.5049283674889757,
            "min": 0.5049283674889757,
            "max": 0.6086478901363253,
            "count": 4
        },
        "3DBall.Losses.ValueLoss.mean": {
            "value": 1.270936913326654,
            "min": 0.30844114874833745,
            "max": 2.995797666086801,
            "count": 4
        },
        "3DBall.Losses.ValueLoss.sum": {
            "value": 5.083747653306616,
            "min": 1.2337645949933498,
            "max": 11.983190664347203,
            "count": 4
        },
        "3DBall.Policy.LearningRate.mean": {
            "value": 0.00045905025818994985,
            "min": 0.00045905025818994985,
            "max": 0.00049370825125835,
            "count": 4
        },
        "3DBall.Policy.LearningRate.sum": {
            "value": 0.0018362010327597994,
            "min": 0.0018362010327597994,
            "max": 0.0024114240177151997,
            "count": 4
        },
        "3DBall.Policy.Epsilon.mean": {
            "value": 0.14590502500000002,
            "min": 0.14590502500000002,
            "max": 0.14937082499999998,
            "count": 4
        },
        "3DBall.Policy.Epsilon.sum": {
            "value": 0.5836201000000001,
            "min": 0.5836201000000001,
            "max": 0.7411424,
            "count": 4
        },
        "3DBall.Policy.Beta.mean": {
            "value": 0.0011025395949999996,
            "min": 0.0011025395949999996,
            "max": 0.0011850256349999998,
            "count": 4
        },
        "3DBall.Policy.Beta.sum": {
            "value": 0.0044101583799999984,
            "min": 0.0044101583799999984,
            "max": 0.005789189119999999,
            "count": 4
        },
        "3DBall.IsTraining.mean": {
            "value": 1.0,
            "min": 1.0,
            "max": 1.0,
            "count": 4
        },
        "3DBall.IsTraining.sum": {
            "value": 1.0,
            "min": 1.0,
            "max": 1.0,
            "count": 4
        }
    },
    "metadata": {
        "timer_format_version": "0.1.0",
        "start_time_seconds": "1765092384",
        "python_version": "3.10.11 (tags/v3.10.11:7d4cc5a, Apr  5 2023, 00:38:17) [MSC v.1929 64 bit (AMD64)]",
        "command_line_arguments": "C:\\Users\\moebn\\Documents\\University\\Project 2-1\\project_2_1_group_7\\venv\\Scripts\\mlagents-learn Config/training_config.yaml --run-id=run_batch_size40_buffer_size2500_learning_rate0.0005_beta0.0012_epsilon0.15 --time-scale=20 --env=3DBall_environment/UnityEnvironment.exe --no-graphics",
        "mlagents_version": "1.0.0",
        "mlagents_envs_version": "1.0.0",
        "communication_protocol_version": "1.5.0",
        "pytorch_version": "2.9.1+cpu",
        "numpy_version": "1.23.5",
        "end_time_seconds": "1765092419"
    },
    "total": 34.76906069999677,
    "count": 1,
    "self": 0.20302310000988655,
    "children": {
        "run_training.setup": {
            "total": 0.06961369999044109,
            "count": 1,
            "self": 0.06961369999044109
        },
        "TrainerController.start_learning": {
            "total": 34.496423899996444,
            "count": 1,
            "self": 0.04635750033776276,
            "children": {
                "TrainerController._reset_env": {
                    "total": 7.043061999997008,
                    "count": 1,
                    "self": 7.043061999997008
                },
                "TrainerController.advance": {
                    "total": 27.40051309966657,
                    "count": 5389,
                    "self": 0.04579989970079623,
                    "children": {
                        "env_step": {
                            "total": 14.948341799739865,
                            "count": 5389,
                            "self": 13.278060099648428,
                            "children": {
                                "SubprocessEnvManager._take_step": {
                                    "total": 1.6378949000209104,
                                    "count": 5389,
                                    "self": 0.13391120068263263,
                                    "children": {
                                        "TorchPolicy.evaluate": {
                                            "total": 1.5039836993382778,
                                            "count": 4781,
                                            "self": 1.5039836993382778
                                        }
                                    }
                                },
                                "workers": {
                                    "total": 0.03238680007052608,
                                    "count": 5389,
                                    "self": 0.0,
                                    "children": {
                                        "worker_root": {
                                            "total": 27.975025399617152,
                                            "count": 5389,
                                            "is_parallel": true,
                                            "self": 17.68235099913727,
                                            "children": {
                                                "steps_from_proto": {
                                                    "total": 0.0003102000046055764,
                                                    "count": 1,