{
    "name": "root",
    "gauges": {
        "3DBall.Policy.Entropy.mean": {
            "value": 1.4068803787231445,
            "min": 1.4068803787231445,
            "max": 1.419507384300232,
            "count": 4
        },
        "3DBall.Policy.Entropy.sum": {
            "value": 17017.625,
            "min": 17017.625,
            "max": 17238.158203125,
            "count": 4
        },
        "3DBall.Environment.EpisodeLength.mean": {
            "value": 32.21546961325967,
            "min": 23.211693548387096,
            "max": 32.21546961325967,
            "count": 4
        },
        "3DBall.Environment.EpisodeLength.sum": {
            "value": 11662.0,
            "min": 11513.0,
            "max": 11662.0,
            "count": 4
        },
        "3DBall.Step.mean": {
            "value": 47976.0,
            "min": 11990.0,
            "max": 47976.0,
            "count": 4
        },
        "3DBall.Step.sum": {
            "value": 47976.0,
            "min": 11990.0,
            "max": 47976.0,
            "count": 4
        },
        "3DBall.Policy.ExtrinsicValueEstimate.mean": {
            "value": 0.5838909149169922,
            "min": -0.36477625370025635,
            "max": 0.5838909149169922,
            "count": 4
        },
        "3DBall.Policy.ExtrinsicValueEstimate.sum": {
            "value": 211.36851501464844,
            "min": -180.56423950195312,
            "max": 211.36851501464844,
            "count": 4
        },
        "3DBall.Environment.CumulativeReward.mean": {
            "value": 2.2190607061702243,
            "min": 1.3222221788733897,
            "max": 2.2190607061702243,
            "count": 4
        },
        "3DBall.Environment.CumulativeReward.sum": {
            "value": 803.2999756336212,
            "min": 654.4999785423279,
            "max": 803.2999756336212,
            "count": 4
        },
        "3DBall.Policy.ExtrinsicReward.mean": {
            "value": 2.2190607061702243,
            "min": 1.3222221788733897,
            "max": 2.2190607061702243,
            "count": 4
        },
        "3DBall.Policy.ExtrinsicReward.sum": {
            "value": 803.2999756336212,
            "min": 654.4999785423279,
            "max": 803.2999756336212,
            "count": 4
        },
        "3DBall.Losses.PolicyLoss.mean": {
            "value": 0.7474086692807335,
            "min": 0.7167179513419246,
            "max": 0.7639329399449937,
            "count": 4
        },
        "3DBall.Losses.PolicyLoss.sum": {
            "value": 0.7474086692807335,
            "min": 0.7167179513419246,
            "max": 0.7639329399449937,
            "count": 4
        },
        "3DBall.Losses.ValueLoss.mean": {
            "value": 0.35787653912475437,
            "min": 0.23499687234319921,
            "max": 0.35787653912475437,
            "count": 4
        },
        "3DBall.Losses.ValueLoss.sum": {
            "value": 0.35787653912475437,
            "min": 0.23499687234319921,
            "max": 0.35787653912475437,
            "count": 4
        },
        "3DBall.Policy.LearningRate.mean": {
            "value": 9.2226007774e-05,
            "min": 9.2226007774e-05,
            "max": 9.805640194360001e-05,
            "count": 4
        },
        "3DBall.Policy.LearningRate.sum": {
            "value": 9.2226007774e-05,
            "min": 9.2226007774e-05,
            "max": 9.805640194360001e-05,
            "count": 4
        },
        "3DBall.Policy.Epsilon.mean": {
            "value": 0.1,
            "min": 0.1,
            "max": 0.10000000000000002,
            "count": 4
        },
        "3DBall.Policy.Epsilon.sum": {
            "value": 0.1,
            "min": 0.1,
            "max": 0.10000000000000002,
            "count": 4
        },
        "3DBall.Policy.Beta.mean": {
            "value": 0.0012919414,
            "min": 0.0012919414,
            "max": 0.0013729839600000004,
            "count": 4
        },
        "3DBall.Policy.Beta.sum": {
            "value": 0.0012919414,
            "min": 0.0012919414,
            "max": 0.0013729839600000004,
            "count": 4
        },
        "3DBall.IsTraining.mean": {
            "value": 1.0,
            "min": 1.0,
            "max": 1.0,
            "count": 4
        },
        "3DBall.IsTraining.sum": {
            "value": 1.0,
            "min": 1.0,
            "max": 1.0,
            "count": 4
        }
    },
    "metadata": {
        "timer_format_version": "0.1.0",
        "start_time_seconds": "1764712160",
        "python_version": "3.10.11 (tags/v3.10.11:7d4cc5a, Apr  5 2023, 00:38:17) [MSC v.1929 64 bit (AMD64)]",
        "command_line_arguments": "C:\\Users\\moebn\\Documents\\University\\Project 2-1\\project_2_1_group_7\\venv\\Scripts\\mlagents-learn Config/training_config.yaml --run-id=run_batch_size1_buffer_size9700_learning_rate0.0001_beta0.0014_epsilon0.1 --time-scale=20 --env=3DBall_environment/UnityEnvironment.exe --no-graphics",
        "mlagents_version": "1.0.0",
        "mlagents_envs_version": "1.0.0",
        "communication_protocol_version": "1.5.0",
        "pytorch_version": "2.9.1+cpu",
        "numpy_version": "1.23.5",
        "end_time_seconds": "1764712436"
    },
    "total": 275.6514026000077,
    "count": 1,
    "self": 0.15842890000203624,
    "children": {
        "run_training.setup": {
            "total": 0.06818780000321567,
            "count": 1,
            "self": 0.06818780000321567
        },
        "TrainerController.start_learning": {
            "total": 275.42478590000246,
            "count": 1,
            "self": 0.04748319934878964,
            "children": {
                "TrainerController._reset_env": {
                    "total": 3.5415771000116365,
                    "count": 1,
                    "self": 3.5415771000116365
                },
                "TrainerController.advance": {
                    "total": 271.8292660006409,
                    "count": 5563,
                    "self": 0.04550780098361429,
                    "children": {
                        "env_step": {
                            "total": 13.959611400030553,
                            "count": 5563,
                            "self": 12.437179599044612,
                            "children": {
                                "SubprocessEnvManager._take_step": {
                                    "total": 1.4892112006637035,
                                    "count": 5563,
                                    "self": 0.1186055008583935,
                                    "children": {
                                        "TorchPolicy.evaluate": {
                                            "total": 1.37060569980531,
                                            "count": 4182,
                                            "self": 1.37060569980531
                                        }
                                    }
                                },
                                "workers": {
                                    "total": 0.03322060032223817,
                                    "count": 5563,
                                    "self": 0.0,
                                    "children": {
                                        "worker_root": {
                                            "total": 272.4250216011569,
                                            "count": 5563,
                                            "is_parallel": true,
                                            "self": 262.91140100081975,
                                            "children": {
                                                "steps_from_proto": {
                                                    "total": 0.000295000005280599,
                                                    "count": 1,
                                                    "is_parallel": true,