{
    "name": "root",
    "gauges": {
        "3DBall.Policy.Entropy.mean": {
            "value": 1.349266767501831,
            "min": 1.349266767501831,
            "max": 1.4150587320327759,
            "count": 4
        },
        "3DBall.Policy.Entropy.sum": {
            "value": 16822.658203125,
            "min": 16822.658203125,
            "max": 17371.32421875,
            "count": 4
        },
        "3DBall.Environment.EpisodeLength.mean": {
            "value": 115.58252427184466,
            "min": 22.660117878192533,
            "max": 115.58252427184466,
            "count": 4
        },
        "3DBall.Environment.EpisodeLength.sum": {
            "value": 11905.0,
            "min": 11534.0,
            "max": 11905.0,
            "count": 4
        },
        "3DBall.Step.mean": {
            "value": 47881.0,
            "min": 11999.0,
            "max": 47881.0,
            "count": 4
        },
        "3DBall.Step.sum": {
            "value": 47881.0,
            "min": 11999.0,
            "max": 47881.0,
            "count": 4
        },
        "3DBall.Policy.ExtrinsicValueEstimate.mean": {
            "value": 2.661257028579712,
            "min": 0.043126512318849564,
            "max": 2.661257028579712,
            "count": 4
        },
        "3DBall.Policy.ExtrinsicValueEstimate.sum": {
            "value": 274.1094665527344,
            "min": 21.908267974853516,
            "max": 279.355712890625,
            "count": 4
        },
        "3DBall.Environment.CumulativeReward.mean": {
            "value": 10.498059992651337,
            "min": 1.2620078386284235,
            "max": 10.498059992651337,
            "count": 4
        },
        "3DBall.Environment.CumulativeReward.sum": {
            "value": 1081.3001792430878,
            "min": 641.0999820232391,
            "max": 1081.3001792430878,
            "count": 4
        },
        "3DBall.Policy.ExtrinsicReward.mean": {
            "value": 10.498059992651337,
            "min": 1.2620078386284235,
            "max": 10.498059992651337,
            "count": 4
        },
        "3DBall.Policy.ExtrinsicReward.sum": {
            "value": 1081.3001792430878,
            "min": 641.0999820232391,
            "max": 1081.3001792430878,
            "count": 4
        },
        "3DBall.Losses.PolicyLoss.mean": {
            "value": 0.872132379996009,
            "min": 0.7103162644669873,
            "max": 0.872132379996009,
            "count": 4
        },
        "3DBall.Losses.PolicyLoss.sum": {
            "value": 1.744264759992018,
            "min": 1.4206325289339745,
            "max": 2.2837515827765618,
            "count": 4
        },
        "3DBall.Losses.ValueLoss.mean": {
            "value": 2.484530886930389,
            "min": 0.19729064028062254,
            "max": 2.484530886930389,
            "count": 4
        },
        "3DBall.Losses.ValueLoss.sum": {
            "value": 4.969061773860778,
            "min": 0.3945812805612451,
            "max": 4.969061773860778,
            "count": 4
        },
        "3DBall.Policy.LearningRate.mean": {
            "value": 0.0001832312083844,
            "min": 0.0001832312083844,
            "max": 0.00019704880147559993,
            "count": 4
        },
        "3DBall.Policy.LearningRate.sum": {
            "value": 0.0003664624167688,
            "min": 0.0003664624167688,
            "max": 0.0005646136176932,
            "count": 4
        },
        "3DBall.Policy.Epsilon.mean": {
            "value": 0.14580780000000002,
            "min": 0.14580780000000002,
            "max": 0.1492622,
            "count": 4
        },
        "3DBall.Policy.Epsilon.sum": {
            "value": 0.29161560000000003,
            "min": 0.29161560000000003,
            "max": 0.44115340000000003,
            "count": 4
        },
        "3DBall.Policy.Beta.mean": {
            "value": 0.0012834568399999998,
            "min": 0.0012834568399999998,
            "max": 0.0013794891600000005,
            "count": 4
        },
        "3DBall.Policy.Beta.sum": {
            "value": 0.0025669136799999995,
            "min": 0.0025669136799999995,
            "max": 0.00395406452,
            "count": 4
        },
        "3DBall.IsTraining.mean": {
            "value": 1.0,
            "min": 1.0,
            "max": 1.0,
            "count": 4
        },
        "3DBall.IsTraining.sum": {
            "value": 1.0,
            "min": 1.0,
            "max": 1.0,
            "count": 4
        }
    },
    "metadata": {
        "timer_format_version": "0.1.0",
        "start_time_seconds": "1764650802",
        "python_version": "3.10.11 (tags/v3.10.11:7d4cc5a, Apr  5 2023, 00:38:17) [MSC v.1929 64 bit (AMD64)]",
        "command_line_arguments": "C:\\Users\\moebn\\Documents\\University\\Project 2-1\\project_2_1_group_7\\venv\\Scripts\\mlagents-learn Config/training_config.yaml --run-id=run_batch_size1_buffer_size4900_learning_rate0.0002_beta0.0014_epsilon0.15 --time-scale=20 --env=3DBall_environment/UnityEnvironment.exe --no-graphics",
        "mlagents_version": "1.0.0",
        "mlagents_envs_version": "1.0.0",
        "communication_protocol_version": "1.5.0",
        "pytorch_version": "2.9.1+cpu",
        "numpy_version": "1.23.5",
        "end_time_seconds": "1764651099"
    },
    "total": 296.4626062000025,
    "count": 1,
    "self": 0.19450309999956517,
    "children": {
        "run_training.setup": {
            "total": 0.06289249999827007,
            "count": 1,
            "self": 0.06289249999827007
        },
        "TrainerController.start_learning": {
            "total": 296.20521060000465,
            "count": 1,
            "self": 0.04602730044280179,
            "children": {
                "TrainerController._reset_env": {
                    "total": 9.188323700000183,
                    "count": 1,
                    "self": 9.188323700000183
                },
                "TrainerController.advance": {
                    "total": 286.9642318995611,
                    "count": 5337,
                    "self": 0.04464679987722775,
                    "children": {
                        "env_step": {
                            "total": 13.884133999883488,
                            "count": 5337,
                            "self": 12.199575599915988,
                            "children": {
                                "SubprocessEnvManager._take_step": {
                                    "total": 1.6520436997598154,
                                    "count": 5337,
                                    "self": 0.12543639985233312,
                                    "children": {
                                        "TorchPolicy.evaluate": {
                                            "total": 1.5266072999074822,
                                            "count": 4341,
                                            "self": 1.5266072999074822
                                        }
                                    }
                                },
                                "workers": {
                                    "total": 0.032514700207684655,
                                    "count": 5337,
                                    "self": 0.0,
                                    "children": {
                                        "worker_root": {
                                            "total": 287.5330551001025,
                                            "count": 5337,
                                            "is_parallel": true,
                                            "self": 278.21903599990765,
                                            "children": {
                                                "steps_from_proto": {
                                                    "total": 0.0003060999952140264,
                                                    "count": 1,