{
    "name": "root",
    "gauges": {
        "3DBall.Policy.Entropy.mean": {
            "value": 1.4047468900680542,
            "min": 1.4047468900680542,
            "max": 1.4189382791519165,
            "count": 4
        },
        "3DBall.Policy.Entropy.sum": {
            "value": 16924.390625,
            "min": 16924.390625,
            "max": 17265.640625,
            "count": 4
        },
        "3DBall.Environment.EpisodeLength.mean": {
            "value": 25.275109170305676,
            "min": 21.658490566037734,
            "max": 25.275109170305676,
            "count": 4
        },
        "3DBall.Environment.EpisodeLength.sum": {
            "value": 11576.0,
            "min": 11479.0,
            "max": 11576.0,
            "count": 4
        },
        "3DBall.Step.mean": {
            "value": 47997.0,
            "min": 11987.0,
            "max": 47997.0,
            "count": 4
        },
        "3DBall.Step.sum": {
            "value": 47997.0,
            "min": 11987.0,
            "max": 47997.0,
            "count": 4
        },
        "3DBall.Policy.ExtrinsicValueEstimate.mean": {
            "value": 0.2426445484161377,
            "min": -0.21348214149475098,
            "max": 0.2426445484161377,
            "count": 4
        },
        "3DBall.Policy.ExtrinsicValueEstimate.sum": {
            "value": 111.1312026977539,
            "min": -112.93205261230469,
            "max": 111.1312026977539,
            "count": 4
        },
        "3DBall.Environment.CumulativeReward.mean": {
            "value": 1.5246724314564701,
            "min": 1.1659735005158782,
            "max": 1.5246724314564701,
            "count": 4
        },
        "3DBall.Environment.CumulativeReward.sum": {
            "value": 698.2999736070633,
            "min": 616.7999817728996,
            "max": 698.2999736070633,
            "count": 4
        },
        "3DBall.Policy.ExtrinsicReward.mean": {
            "value": 1.5246724314564701,
            "min": 1.1659735005158782,
            "max": 1.5246724314564701,
            "count": 4
        },
        "3DBall.Policy.ExtrinsicReward.sum": {
            "value": 698.2999736070633,
            "min": 616.7999817728996,
            "max": 698.2999736070633,
            "count": 4
        },
        "3DBall.IsTraining.mean": {
            "value": 1.0,
            "min": 1.0,
            "max": 1.0,
            "count": 4
        },
        "3DBall.IsTraining.sum": {
            "value": 1.0,
            "min": 1.0,
            "max": 1.0,
            "count": 4
        },
        "3DBall.Losses.PolicyLoss.mean": {
            "value": 0.20117269947025332,
            "min": 0.19717053343292054,
            "max": 0.20117269947025332,
            "count": 2
        },
        "3DBall.Losses.PolicyLoss.sum": {
            "value": 0.20117269947025332,
            "min": 0.19717053343292054,
            "max": 0.20117269947025332,
            "count": 2
        },
        "3DBall.Losses.ValueLoss.mean": {
            "value": 0.18185605886050388,
            "min": 0.18185605886050388,
            "max": 0.18855477113004138,
            "count": 2
        },
        "3DBall.Losses.ValueLoss.sum": {
            "value": 0.18185605886050388,
            "min": 0.18185605886050388,
            "max": 0.18855477113004138,
            "count": 2
        },
        "3DBall.Policy.LearningRate.mean": {
            "value": 0.0003435000656499999,
            "min": 0.0003435000656499999,
            "max": 0.0006720000327999998,
            "count": 2
        },
        "3DBall.Policy.LearningRate.sum": {
            "value": 0.0003435000656499999,
            "min": 0.0003435000656499999,
            "max": 0.0006720000327999998,
            "count": 2
        },
        "3DBall.Policy.Epsilon.mean": {
            "value": 0.13434999999999997,
            "min": 0.13434999999999997,
            "max": 0.16720000000000004,
            "count": 2
        },
        "3DBall.Policy.Epsilon.sum": {
            "value": 0.13434999999999997,
            "min": 0.13434999999999997,
            "max": 0.16720000000000004,
            "count": 2
        },
        "3DBall.Policy.Beta.mean": {
            "value": 0.00035006500000000004,
            "min": 0.00035006500000000004,
            "max": 0.0006752800000000003,
            "count": 2
        },
        "3DBall.Policy.Beta.sum": {
            "value": 0.00035006500000000004,
            "min": 0.00035006500000000004,
            "max": 0.0006752800000000003,
            "count": 2
        }
    },
    "metadata": {
        "timer_format_version": "0.1.0",
        "start_time_seconds": "1767786313",
        "python_version": "3.10.11 (tags/v3.10.11:7d4cc5a, Apr  5 2023, 00:38:17) [MSC v.1929 64 bit (AMD64)]",
        "command_line_arguments": "C:\\Users\\atoz\\Documents\\01_2025_2026_year_2\\semester_1\\project_2_1\\code\\project_2_1_group_7\\venv\\Scripts\\mlagents-learn Config/training_config.yaml --run-id=omar-run343 --time-scale=20 --env=3DBall_environment/UnityEnvironment.exe --no-graphics",
        "mlagents_version": "1.0.0",
        "mlagents_envs_version": "1.0.0",
        "communication_protocol_version": "1.5.0",
        "pytorch_version": "1.13.1+cpu",
        "numpy_version": "1.23.5",
        "end_time_seconds": "1767786360"
    },
    "total": 46.28363530000206,
    "count": 1,
    "self": 0.29515429999446496,
    "children": {
        "run_training.setup": {
            "total": 0.088941199996043,
            "count": 1,
            "self": 0.088941199996043
        },
        "TrainerController.start_learning": {
            "total": 45.89953980001155,
            "count": 1,
            "self": 0.09576780122006312,
            "children": {
                "TrainerController._reset_env": {
                    "total": 2.89784290001262,
                    "count": 1,
                    "self": 2.89784290001262
                },
                "TrainerController.advance": {
                    "total": 42.86732339882292,
                    "count": 5747,
                    "self": 0.08010959677631035,
                    "children": {
                        "env_step": {
                            "total": 19.33049749926431,
                            "count": 5747,
                            "self": 16.8575728997821,
                            "children": {
                                "SubprocessEnvManager._take_step": {
                                    "total": 2.420809899282176,
                                    "count": 5747,
                                    "self": 0.19762689812341705,
                                    "children": {
                                        "TorchPolicy.evaluate": {
                                            "total": 2.223183001158759,
                                            "count": 4188,
                                            "self": 2.223183001158759
                                        }
                                    }
                                },
                                "workers": {
                                    "total": 0.05211470020003617,
                                    "count": 5747,
                                    "self": 0.0,
                                    "children": {
                                        "worker_root": {
                                            "total": 42.82154239912052,
                                            "count": 5747,
                                            "is_parallel": true,
                                            "self": 30.472563400748186,
                                            "children": {
                                                "steps_from_proto": {
                                                    "total": 0.000285700021777302,
                                                    "count": 1,