{
    "name": "root",
    "gauges": {
        "3DBall.Policy.Entropy.mean": {
            "value": 1.4196205139160156,
            "min": 1.4189382791519165,
            "max": 1.4206907749176025,
            "count": 4
        },
        "3DBall.Policy.Entropy.sum": {
            "value": 16967.3046875,
            "min": 16967.3046875,
            "max": 17265.640625,
            "count": 4
        },
        "3DBall.Environment.EpisodeLength.mean": {
            "value": 23.41869918699187,
            "min": 21.14022140221402,
            "max": 23.41869918699187,
            "count": 4
        },
        "3DBall.Environment.EpisodeLength.sum": {
            "value": 11522.0,
            "min": 11458.0,
            "max": 11522.0,
            "count": 4
        },
        "3DBall.Step.mean": {
            "value": 47991.0,
            "min": 11984.0,
            "max": 47991.0,
            "count": 4
        },
        "3DBall.Step.sum": {
            "value": 47991.0,
            "min": 11984.0,
            "max": 47991.0,
            "count": 4
        },
        "3DBall.Policy.ExtrinsicValueEstimate.mean": {
            "value": 0.22027385234832764,
            "min": -0.24891462922096252,
            "max": 0.22027385234832764,
            "count": 4
        },
        "3DBall.Policy.ExtrinsicValueEstimate.sum": {
            "value": 108.3747329711914,
            "min": -134.66281127929688,
            "max": 108.3747329711914,
            "count": 4
        },
        "3DBall.Environment.CumulativeReward.mean": {
            "value": 1.339634106895788,
            "min": 1.115157084191793,
            "max": 1.339634106895788,
            "count": 4
        },
        "3DBall.Environment.CumulativeReward.sum": {
            "value": 659.0999805927277,
            "min": 603.29998254776,
            "max": 659.0999805927277,
            "count": 4
        },
        "3DBall.Policy.ExtrinsicReward.mean": {
            "value": 1.339634106895788,
            "min": 1.115157084191793,
            "max": 1.339634106895788,
            "count": 4
        },
        "3DBall.Policy.ExtrinsicReward.sum": {
            "value": 659.0999805927277,
            "min": 603.29998254776,
            "max": 659.0999805927277,
            "count": 4
        },
        "3DBall.IsTraining.mean": {
            "value": 1.0,
            "min": 1.0,
            "max": 1.0,
            "count": 4
        },
        "3DBall.IsTraining.sum": {
            "value": 1.0,
            "min": 1.0,
            "max": 1.0,
            "count": 4
        },
        "3DBall.Losses.PolicyLoss.mean": {
            "value": 0.12228382383931614,
            "min": 0.12228382383931614,
            "max": 0.12274192772966507,
            "count": 2
        },
        "3DBall.Losses.PolicyLoss.sum": {
            "value": 0.12228382383931614,
            "min": 0.12228382383931614,
            "max": 0.12274192772966507,
            "count": 2
        },
        "3DBall.Losses.ValueLoss.mean": {
            "value": 0.18153159995967932,
            "min": 0.18153159995967932,
            "max": 0.2515762312450777,
            "count": 2
        },
        "3DBall.Losses.ValueLoss.sum": {
            "value": 0.18153159995967932,
            "min": 0.18153159995967932,
            "max": 0.2515762312450777,
            "count": 2
        },
        "3DBall.Policy.LearningRate.mean": {
            "value": 0.00018646560676720004,
            "min": 0.00018646560676720004,
            "max": 0.00019323040338479997,
            "count": 2
        },
        "3DBall.Policy.LearningRate.sum": {
            "value": 0.00018646560676720004,
            "min": 0.00018646560676720004,
            "max": 0.00019323040338479997,
            "count": 2
        },
        "3DBall.Policy.Epsilon.mean": {
            "value": 0.09999999999999998,
            "min": 0.09999999999999998,
            "max": 0.09999999999999998,
            "count": 2
        },
        "3DBall.Policy.Epsilon.sum": {
            "value": 0.09999999999999998,
            "min": 0.09999999999999998,
            "max": 0.09999999999999998,
            "count": 2
        },
        "3DBall.Policy.Beta.mean": {
            "value": 0.0009330047200000001,
            "min": 0.0009330047200000001,
            "max": 0.00096649048,
            "count": 2
        },
        "3DBall.Policy.Beta.sum": {
            "value": 0.0009330047200000001,
            "min": 0.0009330047200000001,
            "max": 0.00096649048,
            "count": 2
        }
    },
    "metadata": {
        "timer_format_version": "0.1.0",
        "start_time_seconds": "1765115266",
        "python_version": "3.10.11 (tags/v3.10.11:7d4cc5a, Apr  5 2023, 00:38:17) [MSC v.1929 64 bit (AMD64)]",
        "command_line_arguments": "C:\\Users\\moebn\\Documents\\University\\Project 2-1\\project_2_1_group_7\\venv\\Scripts\\mlagents-learn Config/training_config.yaml --run-id=run_batch_size40_buffer_size16900_learning_rate0.0002_beta0.001_epsilon0.1 --time-scale=20 --env=3DBall_environment/UnityEnvironment.exe --no-graphics",
        "mlagents_version": "1.0.0",
        "mlagents_envs_version": "1.0.0",
        "communication_protocol_version": "1.5.0",
        "pytorch_version": "2.9.1+cpu",
        "numpy_version": "1.23.5",
        "end_time_seconds": "1765115293"
    },
    "total": 27.547363199992105,
    "count": 1,
    "self": 0.14956059999531135,
    "children": {
        "run_training.setup": {
            "total": 0.07415890000993386,
            "count": 1,
            "self": 0.07415890000993386
        },
        "TrainerController.start_learning": {
            "total": 27.32364369998686,
            "count": 1,
            "self": 0.05034749920014292,
            "children": {
                "TrainerController._reset_env": {
                    "total": 3.391747799993027,
                    "count": 1,
                    "self": 3.391747799993027
                },
                "TrainerController.advance": {
                    "total": 23.875351100810803,
                    "count": 5821,
                    "self": 0.048456202959641814,
                    "children": {
                        "env_step": {
                            "total": 14.392442599433707,
                            "count": 5821,
                            "self": 12.738053900655359,
                            "children": {
                                "SubprocessEnvManager._take_step": {
                                    "total": 1.6199803003109992,
                                    "count": 5821,
                                    "self": 0.12056660035159439,
                                    "children": {
                                        "TorchPolicy.evaluate": {
                                            "total": 1.4994136999594048,
                                            "count": 4178,
                                            "self": 1.4994136999594048
                                        }
                                    }
                                },
                                "workers": {
                                    "total": 0.03440839846734889,
                                    "count": 5821,
                                    "self": 0.0,
                                    "children": {
                                        "worker_root": {
                                            "total": 24.45410840018303,
                                            "count": 5821,
                                            "is_parallel": true,
                                            "self": 14.729819099331507,
                                            "children": {
                                                "steps_from_proto": {
                                                    "total": 0.0002764000091701746,
                                                    "count": 1,