{
    "name": "root",
    "gauges": {
        "3DBall.Policy.Entropy.mean": {
            "value": 1.2842602729797363,
            "min": 1.281367301940918,
            "max": 1.4205511808395386,
            "count": 41
        },
        "3DBall.Policy.Entropy.sum": {
            "value": 15411.123046875,
            "min": 14801.046875,
            "max": 17760.173828125,
            "count": 41
        },
        "3DBall.Environment.EpisodeLength.mean": {
            "value": 999.0,
            "min": 22.29980657640232,
            "max": 999.0,
            "count": 41
        },
        "3DBall.Environment.EpisodeLength.sum": {
            "value": 11988.0,
            "min": 11362.0,
            "max": 12624.0,
            "count": 41
        },
        "3DBall.Step.mean": {
            "value": 491611.0,
            "min": 11998.0,
            "max": 491611.0,
            "count": 41
        },
        "3DBall.Step.sum": {
            "value": 491611.0,
            "min": 11998.0,
            "max": 491611.0,
            "count": 41
        },
        "3DBall.Policy.ExtrinsicValueEstimate.mean": {
            "value": 9.961830139160156,
            "min": 0.020076481625437737,
            "max": 9.963027000427246,
            "count": 41
        },
        "3DBall.Policy.ExtrinsicValueEstimate.sum": {
            "value": 119.54196166992188,
            "min": 10.339387893676758,
            "max": 330.0677185058594,
            "count": 41
        },
        "3DBall.Environment.CumulativeReward.mean": {
            "value": 100.00001525878906,
            "min": 1.22970870328181,
            "max": 100.00001525878906,
            "count": 41
        },
        "3DBall.Environment.CumulativeReward.sum": {
            "value": 1200.0001831054688,
            "min": 633.2999821901321,
            "max": 1259.600187778473,
            "count": 41
        },
        "3DBall.Policy.ExtrinsicReward.mean": {
            "value": 100.00001525878906,
            "min": 1.22970870328181,
            "max": 100.00001525878906,
            "count": 41
        },
        "3DBall.Policy.ExtrinsicReward.sum": {
            "value": 1200.0001831054688,
            "min": 633.2999821901321,
            "max": 1259.600187778473,
            "count": 41
        },
        "3DBall.IsTraining.mean": {
            "value": 1.0,
            "min": 1.0,
            "max": 1.0,
            "count": 41
        },
        "3DBall.IsTraining.sum": {
            "value": 1.0,
            "min": 1.0,
            "max": 1.0,
            "count": 41
        },
        "3DBall.Losses.PolicyLoss.mean": {
            "value": 0.13196156326354136,
            "min": 0.13196156326354136,
            "max": 0.2034752614545899,
            "count": 29
        },
        "3DBall.Losses.PolicyLoss.sum": {
            "value": 0.13196156326354136,
            "min": 0.13196156326354136,
            "max": 0.2034752614545899,
            "count": 29
        },
        "3DBall.Losses.ValueLoss.mean": {
            "value": 0.14455975820171132,
            "min": 0.007460459628045513,
            "max": 3.49870577837534,
            "count": 29
        },
        "3DBall.Losses.ValueLoss.sum": {
            "value": 0.14455975820171132,
            "min": 0.007460459628045513,
            "max": 3.49870577837534,
            "count": 29
        },
        "3DBall.Policy.LearningRate.mean": {
            "value": 3.4778096522199967e-05,
            "min": 3.4778096522199967e-05,
            "max": 0.0009672040032795999,
            "count": 29
        },
        "3DBall.Policy.LearningRate.sum": {
            "value": 3.4778096522199967e-05,
            "min": 3.4778096522199967e-05,
            "max": 0.0009672040032795999,
            "count": 29
        },
        "3DBall.Policy.Epsilon.mean": {
            "value": 0.0982611,
            "min": 0.051639800000000007,
            "max": 0.0982611,
            "count": 29
        },
        "3DBall.Policy.Epsilon.sum": {
            "value": 0.0982611,
            "min": 0.051639800000000007,
            "max": 0.0982611,
            "count": 29
        },
        "3DBall.Policy.Beta.mean": {
            "value": 4.4430219999999975e-05,
            "min": 4.4430219999999975e-05,
            "max": 0.0009675319600000002,
            "count": 29
        },
        "3DBall.Policy.Beta.sum": {
            "value": 4.4430219999999975e-05,
            "min": 4.4430219999999975e-05,
            "max": 0.0009675319600000002,
            "count": 29
        }
    },
    "metadata": {
        "timer_format_version": "0.1.0",
        "start_time_seconds": "1767676322",
        "python_version": "3.10.11 (tags/v3.10.11:7d4cc5a, Apr  5 2023, 00:38:17) [MSC v.1929 64 bit (AMD64)]",
        "command_line_arguments": "C:\\Users\\atoz\\Documents\\01_2025_2026_year_2\\semester_1\\project_2_1\\code\\project_2_1_group_7\\venv\\Scripts\\mlagents-learn Config/training_config.yaml --run-id=omar-run195 --time-scale=20 --env=3DBall_environment/UnityEnvironment.exe --no-graphics",
        "mlagents_version": "1.0.0",
        "mlagents_envs_version": "1.0.0",
        "communication_protocol_version": "1.5.0",
        "pytorch_version": "1.13.1+cpu",
        "numpy_version": "1.23.5",
        "end_time_seconds": "1767676713"
    },
    "total": 391.1135619000124,
    "count": 1,
    "self": 0.20200600000680424,
    "children": {
        "run_training.setup": {
            "total": 0.06980270001804456,
            "count": 1,
            "self": 0.06980270001804456
        },
        "TrainerController.start_learning": {
            "total": 390.8417531999876,
            "count": 1,
            "self": 0.6996349978144281,
            "children": {
                "TrainerController._reset_env": {
                    "total": 2.942569100006949,
                    "count": 1,
                    "self": 2.942569100006949
                },
                "TrainerController.advance": {
                    "total": 387.16306800217717,
                    "count": 47723,
                    "self": 0.629784503224073,
                    "children": {
                        "env_step": {
                            "total": 172.3989500013122,
                            "count": 47723,
                            "self": 145.57871320232516,
                            "children": {
                                "SubprocessEnvManager._take_step": {
                                    "total": 26.393564101163065,
                                    "count": 47723,
                                    "self": 1.923817202274222,
                                    "children": {
                                        "TorchPolicy.evaluate": {
                                            "total": 24.469746898888843,
                                            "count": 42203,
                                            "self": 24.469746898888843
                                        }
                                    }
                                },
                                "workers": {
                                    "total": 0.42667269782396033,
                                    "count": 47723,
                                    "self": 0.0,
                                    "children": {
                                        "worker_root": {
                                            "total": 386.99263310074457,
                                            "count": 47723,
                                            "is_parallel": true,
                                            "self": 281.49423920107074,
                                            "children": {
                                                "steps_from_proto": {
                                                    "total": 0.00018809997709468007,
                                                    "count": 1,