{
    "name": "root",
    "gauges": {
        "3DBall.Policy.Entropy.mean": {
            "value": 1.4073021411895752,
            "min": 1.4073021411895752,
            "max": 1.4189382791519165,
            "count": 4
        },
        "3DBall.Policy.Entropy.sum": {
            "value": 16904.513671875,
            "min": 16904.513671875,
            "max": 17299.6953125,
            "count": 4
        },
        "3DBall.Environment.EpisodeLength.mean": {
            "value": 24.052301255230127,
            "min": 21.348880597014926,
            "max": 24.052301255230127,
            "count": 4
        },
        "3DBall.Environment.EpisodeLength.sum": {
            "value": 11497.0,
            "min": 11443.0,
            "max": 11514.0,
            "count": 4
        },
        "3DBall.Step.mean": {
            "value": 47979.0,
            "min": 11998.0,
            "max": 47979.0,
            "count": 4
        },
        "3DBall.Step.sum": {
            "value": 47979.0,
            "min": 11998.0,
            "max": 47979.0,
            "count": 4
        },
        "3DBall.Policy.ExtrinsicValueEstimate.mean": {
            "value": 0.2245885282754898,
            "min": -0.12708356976509094,
            "max": 0.2245885282754898,
            "count": 4
        },
        "3DBall.Policy.ExtrinsicValueEstimate.sum": {
            "value": 107.35331726074219,
            "min": -67.35429382324219,
            "max": 107.35331726074219,
            "count": 4
        },
        "3DBall.Environment.CumulativeReward.mean": {
            "value": 1.406694521714454,
            "min": 1.1335820615736407,
            "max": 1.406694521714454,
            "count": 4
        },
        "3DBall.Environment.CumulativeReward.sum": {
            "value": 672.399981379509,
            "min": 607.5999850034714,
            "max": 672.399981379509,
            "count": 4
        },
        "3DBall.Policy.ExtrinsicReward.mean": {
            "value": 1.406694521714454,
            "min": 1.1335820615736407,
            "max": 1.406694521714454,
            "count": 4
        },
        "3DBall.Policy.ExtrinsicReward.sum": {
            "value": 672.399981379509,
            "min": 607.5999850034714,
            "max": 672.399981379509,
            "count": 4
        },
        "3DBall.IsTraining.mean": {
            "value": 1.0,
            "min": 1.0,
            "max": 1.0,
            "count": 4
        },
        "3DBall.IsTraining.sum": {
            "value": 1.0,
            "min": 1.0,
            "max": 1.0,
            "count": 4
        },
        "3DBall.Losses.PolicyLoss.mean": {
            "value": 0.10935908441224797,
            "min": 0.10561822716129345,
            "max": 0.10935908441224797,
            "count": 2
        },
        "3DBall.Losses.PolicyLoss.sum": {
            "value": 0.10935908441224797,
            "min": 0.10561822716129345,
            "max": 0.10935908441224797,
            "count": 2
        },
        "3DBall.Losses.ValueLoss.mean": {
            "value": 0.16497467226290372,
            "min": 0.16497467226290372,
            "max": 0.1812278136805295,
            "count": 2
        },
        "3DBall.Losses.ValueLoss.sum": {
            "value": 0.16497467226290372,
            "min": 0.16497467226290372,
            "max": 0.1812278136805295,
            "count": 2
        },
        "3DBall.Policy.LearningRate.mean": {
            "value": 0.00045657700868459986,
            "min": 0.00045657700868459986,
            "max": 0.0004782810043438001,
            "count": 2
        },
        "3DBall.Policy.LearningRate.sum": {
            "value": 0.00045657700868459986,
            "min": 0.00045657700868459986,
            "max": 0.0004782810043438001,
            "count": 2
        },
        "3DBall.Policy.Epsilon.mean": {
            "value": 0.23697309999999996,
            "min": 0.23697309999999996,
            "max": 0.24348430000000004,
            "count": 2
        },
        "3DBall.Policy.Epsilon.sum": {
            "value": 0.23697309999999996,
            "min": 0.23697309999999996,
            "max": 0.24348430000000004,
            "count": 2
        },
        "3DBall.Policy.Beta.mean": {
            "value": 0.00118796866,
            "min": 0.00118796866,
            "max": 0.00124396498,
            "count": 2
        },
        "3DBall.Policy.Beta.sum": {
            "value": 0.00118796866,
            "min": 0.00118796866,
            "max": 0.00124396498,
            "count": 2
        }
    },
    "metadata": {
        "timer_format_version": "0.1.0",
        "start_time_seconds": "1765171993",
        "python_version": "3.10.11 (tags/v3.10.11:7d4cc5a, Apr  5 2023, 00:38:17) [MSC v.1929 64 bit (AMD64)]",
        "command_line_arguments": "C:\\Users\\moebn\\Documents\\University\\Project 2-1\\project_2_1_group_7\\venv\\Scripts\\mlagents-learn Config/training_config.yaml --run-id=run_batch_size53_buffer_size21700_learning_rate0.0005_beta0.0013_epsilon0.25 --time-scale=20 --env=3DBall_environment/UnityEnvironment.exe --no-graphics",
        "mlagents_version": "1.0.0",
        "mlagents_envs_version": "1.0.0",
        "communication_protocol_version": "1.5.0",
        "pytorch_version": "2.9.1+cpu",
        "numpy_version": "1.23.5",
        "end_time_seconds": "1765172023"
    },
    "total": 30.59242840000661,
    "count": 1,
    "self": 0.17987870002980344,
    "children": {
        "run_training.setup": {
            "total": 0.07657019997714087,
            "count": 1,
            "self": 0.07657019997714087
        },
        "TrainerController.start_learning": {
            "total": 30.335979499999667,
            "count": 1,
            "self": 0.05074400134617463,
            "children": {
                "TrainerController._reset_env": {
                    "total": 5.668817400000989,
                    "count": 1,
                    "self": 5.668817400000989
                },
                "TrainerController.advance": {
                    "total": 24.60974029864883,
                    "count": 5761,
                    "self": 0.048187298176344484,
                    "children": {
                        "env_step": {
                            "total": 14.458399399882182,
                            "count": 5761,
                            "self": 12.868413499905728,
                            "children": {
                                "SubprocessEnvManager._take_step": {
                                    "total": 1.5554620995535515,
                                    "count": 5761,
                                    "self": 0.18810640051378869,
                                    "children": {
                                        "TorchPolicy.evaluate": {
                                            "total": 1.3673556990397628,
                                            "count": 4180,
                                            "self": 1.3673556990397628
                                        }
                                    }
                                },
                                "workers": {
                                    "total": 0.03452380042290315,
                                    "count": 5761,
                                    "self": 0.0,
                                    "children": {
                                        "worker_root": {
                                            "total": 25.200300900207367,
                                            "count": 5761,
                                            "is_parallel": true,
                                            "self": 15.416131199599477,
                                            "children": {
                                                "steps_from_proto": {
                                                    "total": 0.0002948000037577003,
                                                    "count": 1,