{
    "name": "root",
    "gauges": {
        "3DBall.Policy.Entropy.mean": {
            "value": 1.3710408210754395,
            "min": 1.3710408210754395,
            "max": 1.4150480031967163,
            "count": 4
        },
        "3DBall.Policy.Entropy.sum": {
            "value": 17242.208984375,
            "min": 17242.208984375,
            "max": 20934.412109375,
            "count": 4
        },
        "3DBall.Environment.EpisodeLength.mean": {
            "value": 767.3333333333334,
            "min": 24.614893617021277,
            "max": 767.3333333333334,
            "count": 4
        },
        "3DBall.Environment.EpisodeLength.sum": {
            "value": 11510.0,
            "min": 11510.0,
            "max": 12725.0,
            "count": 4
        },
        "3DBall.Step.mean": {
            "value": 47316.0,
            "min": 11996.0,
            "max": 47316.0,
            "count": 4
        },
        "3DBall.Step.sum": {
            "value": 47316.0,
            "min": 11996.0,
            "max": 47316.0,
            "count": 4
        },
        "3DBall.Policy.ExtrinsicValueEstimate.mean": {
            "value": 8.919173240661621,
            "min": 0.2106298804283142,
            "max": 8.919173240661621,
            "count": 4
        },
        "3DBall.Policy.ExtrinsicValueEstimate.sum": {
            "value": 133.78759765625,
            "min": 98.78541564941406,
            "max": 264.93035888671875,
            "count": 4
        },
        "3DBall.Environment.CumulativeReward.mean": {
            "value": 76.46667798360188,
            "min": 1.4577824703411761,
            "max": 76.46667798360188,
            "count": 4
        },
        "3DBall.Environment.CumulativeReward.sum": {
            "value": 1147.0001697540283,
            "min": 683.6999785900116,
            "max": 1149.7001832723618,
            "count": 4
        },
        "3DBall.Policy.ExtrinsicReward.mean": {
            "value": 76.46667798360188,
            "min": 1.4577824703411761,
            "max": 76.46667798360188,
            "count": 4
        },
        "3DBall.Policy.ExtrinsicReward.sum": {
            "value": 1147.0001697540283,
            "min": 683.6999785900116,
            "max": 1149.7001832723618,
            "count": 4
        },
        "3DBall.Losses.PolicyLoss.mean": {
            "value": 0.20973097011614256,
            "min": 0.19873639166106086,
            "max": 0.20973097011614256,
            "count": 4
        },
        "3DBall.Losses.PolicyLoss.sum": {
            "value": 2.936233581625996,
            "min": 2.936233581625996,
            "max": 20.469848341089268,
            "count": 4
        },
        "3DBall.Losses.ValueLoss.mean": {
            "value": 2.3965134739283007,
            "min": 0.5613210171951702,
            "max": 4.407119988204646,
            "count": 4
        },
        "3DBall.Losses.ValueLoss.sum": {
            "value": 33.55118863499621,
            "min": 33.55118863499621,
            "max": 173.14821168378094,
            "count": 4
        },
        "3DBall.Policy.LearningRate.mean": {
            "value": 9.170159401269997e-05,
            "min": 9.170159401269997e-05,
            "max": 9.880651575659226e-05,
            "count": 4
        },
        "3DBall.Policy.LearningRate.sum": {
            "value": 0.0012838223161777997,
            "min": 0.0012838223161777997,
            "max": 0.010177071122929003,
            "count": 4
        },
        "3DBall.Policy.Epsilon.mean": {
            "value": 0.10000000000000002,
            "min": 0.09999999999999999,
            "max": 0.10000000000000003,
            "count": 4
        },
        "3DBall.Policy.Epsilon.sum": {
            "value": 1.4000000000000004,
            "min": 1.4000000000000004,
            "max": 10.299999999999999,
            "count": 4
        },
        "3DBall.Policy.Beta.mean": {
            "value": 0.0012846520414285714,
            "min": 0.0012846520414285714,
            "max": 0.0013834105524271846,
            "count": 4
        },
        "3DBall.Policy.Beta.sum": {
            "value": 0.01798512858,
            "min": 0.01798512858,
            "max": 0.1424912869,
            "count": 4
        },
        "3DBall.IsTraining.mean": {
            "value": 1.0,
            "min": 1.0,
            "max": 1.0,
            "count": 4
        },
        "3DBall.IsTraining.sum": {
            "value": 1.0,
            "min": 1.0,
            "max": 1.0,
            "count": 4
        }
    },
    "metadata": {
        "timer_format_version": "0.1.0",
        "start_time_seconds": "1764904555",
        "python_version": "3.10.11 (tags/v3.10.11:7d4cc5a, Apr  5 2023, 00:38:17) [MSC v.1929 64 bit (AMD64)]",
        "command_line_arguments": "C:\\Users\\moebn\\Documents\\University\\Project 2-1\\project_2_1_group_7\\venv\\Scripts\\mlagents-learn Config/training_config.yaml --run-id=run_batch_size14_buffer_size100_learning_rate0.0001_beta0.0014_epsilon0.1 --time-scale=20 --env=3DBall_environment/UnityEnvironment.exe --no-graphics",
        "mlagents_version": "1.0.0",
        "mlagents_envs_version": "1.0.0",
        "communication_protocol_version": "1.5.0",
        "pytorch_version": "2.9.1+cpu",
        "numpy_version": "1.23.5",
        "end_time_seconds": "1764904600"
    },
    "total": 44.42477119999239,
    "count": 1,
    "self": 0.1909668000007514,
    "children": {
        "run_training.setup": {
            "total": 0.06835019998834468,
            "count": 1,
            "self": 0.06835019998834468
        },
        "TrainerController.start_learning": {
            "total": 44.165454200003296,
            "count": 1,
            "self": 0.04324059955251869,
            "children": {
                "TrainerController._reset_env": {
                    "total": 6.013128299993696,
                    "count": 1,
                    "self": 6.013128299993696
                },
                "TrainerController.advance": {
                    "total": 38.10236280046229,
                    "count": 5124,
                    "self": 0.04342690021439921,
                    "children": {
                        "env_step": {
                            "total": 14.367971500352724,
                            "count": 5124,
                            "self": 12.641971199394902,
                            "children": {
                                "SubprocessEnvManager._take_step": {
                                    "total": 1.6945078004791867,
                                    "count": 5124,
                                    "self": 0.12954509984410834,
                                    "children": {
                                        "TorchPolicy.evaluate": {
                                            "total": 1.5649627006350784,
                                            "count": 4554,
                                            "self": 1.5649627006350784
                                        }
                                    }
                                },
                                "workers": {
                                    "total": 0.03149250047863461,
                                    "count": 5124,
                                    "self": 0.0,
                                    "children": {
                                        "worker_root": {
                                            "total": 38.6135850999417,
                                            "count": 5124,
                                            "is_parallel": true,
                                            "self": 28.822385399922496,
                                            "children": {
                                                "steps_from_proto": {
                                                    "total": 0.00021569999807979912,
                                                    "count": 1,