{
    "name": "root",
    "gauges": {
        "3DBall.Policy.Entropy.mean": {
            "value": 1.416407585144043,
            "min": 1.416407585144043,
            "max": 1.418938159942627,
            "count": 4
        },
        "3DBall.Policy.Entropy.sum": {
            "value": 17081.875,
            "min": 16955.521484375,
            "max": 17180.50390625,
            "count": 4
        },
        "3DBall.Environment.EpisodeLength.mean": {
            "value": 26.741339491916857,
            "min": 22.9601593625498,
            "max": 26.741339491916857,
            "count": 4
        },
        "3DBall.Environment.EpisodeLength.sum": {
            "value": 11579.0,
            "min": 11478.0,
            "max": 11579.0,
            "count": 4
        },
        "3DBall.Step.mean": {
            "value": 47984.0,
            "min": 11980.0,
            "max": 47984.0,
            "count": 4
        },
        "3DBall.Step.sum": {
            "value": 47984.0,
            "min": 11980.0,
            "max": 47984.0,
            "count": 4
        },
        "3DBall.Policy.ExtrinsicValueEstimate.mean": {
            "value": 0.3012242019176483,
            "min": -0.12345440685749054,
            "max": 0.3012242019176483,
            "count": 4
        },
        "3DBall.Policy.ExtrinsicValueEstimate.sum": {
            "value": 130.43008422851562,
            "min": -61.727203369140625,
            "max": 130.43008422851562,
            "count": 4
        },
        "3DBall.Environment.CumulativeReward.mean": {
            "value": 1.672286295450312,
            "min": 1.295999965429306,
            "max": 1.672286295450312,
            "count": 4
        },
        "3DBall.Environment.CumulativeReward.sum": {
            "value": 724.099965929985,
            "min": 647.999982714653,
            "max": 724.099965929985,
            "count": 4
        },
        "3DBall.Policy.ExtrinsicReward.mean": {
            "value": 1.672286295450312,
            "min": 1.295999965429306,
            "max": 1.672286295450312,
            "count": 4
        },
        "3DBall.Policy.ExtrinsicReward.sum": {
            "value": 724.099965929985,
            "min": 647.999982714653,
            "max": 724.099965929985,
            "count": 4
        },
        "3DBall.IsTraining.mean": {
            "value": 1.0,
            "min": 1.0,
            "max": 1.0,
            "count": 4
        },
        "3DBall.IsTraining.sum": {
            "value": 1.0,
            "min": 1.0,
            "max": 1.0,
            "count": 4
        },
        "3DBall.Losses.PolicyLoss.mean": {
            "value": 0.1123414386281488,
            "min": 0.11101282045993568,
            "max": 0.1123414386281488,
            "count": 2
        },
        "3DBall.Losses.PolicyLoss.sum": {
            "value": 0.1123414386281488,
            "min": 0.11101282045993568,
            "max": 0.1123414386281488,
            "count": 2
        },
        "3DBall.Losses.ValueLoss.mean": {
            "value": 0.3212101733784124,
            "min": 0.3212101733784124,
            "max": 0.5485451239682643,
            "count": 2
        },
        "3DBall.Losses.ValueLoss.sum": {
            "value": 0.3212101733784124,
            "min": 0.3212101733784124,
            "max": 0.5485451239682643,
            "count": 2
        },
        "3DBall.Policy.LearningRate.mean": {
            "value": 9.131660868340003e-05,
            "min": 9.131660868340003e-05,
            "max": 9.56578043422e-05,
            "count": 2
        },
        "3DBall.Policy.LearningRate.sum": {
            "value": 9.131660868340003e-05,
            "min": 9.131660868340003e-05,
            "max": 9.56578043422e-05,
            "count": 2
        },
        "3DBall.Policy.Epsilon.mean": {
            "value": 0.2369749,
            "min": 0.2369749,
            "max": 0.24348669999999997,
            "count": 2
        },
        "3DBall.Policy.Epsilon.sum": {
            "value": 0.2369749,
            "min": 0.2369749,
            "max": 0.24348669999999997,
            "count": 2
        },
        "3DBall.Policy.Beta.mean": {
            "value": 0.0009140343399999999,
            "min": 0.0009140343399999999,
            "max": 0.00095701222,
            "count": 2
        },
        "3DBall.Policy.Beta.sum": {
            "value": 0.0009140343399999999,
            "min": 0.0009140343399999999,
            "max": 0.00095701222,
            "count": 2
        }
    },
    "metadata": {
        "timer_format_version": "0.1.0",
        "start_time_seconds": "1765167636",
        "python_version": "3.10.11 (tags/v3.10.11:7d4cc5a, Apr  5 2023, 00:38:17) [MSC v.1929 64 bit (AMD64)]",
        "command_line_arguments": "C:\\Users\\moebn\\Documents\\University\\Project 2-1\\project_2_1_group_7\\venv\\Scripts\\mlagents-learn Config/training_config.yaml --run-id=run_batch_size53_buffer_size21700_learning_rate0.0001_beta0.001_epsilon0.25 --time-scale=20 --env=3DBall_environment/UnityEnvironment.exe --no-graphics",
        "mlagents_version": "1.0.0",
        "mlagents_envs_version": "1.0.0",
        "communication_protocol_version": "1.5.0",
        "pytorch_version": "2.9.1+cpu",
        "numpy_version": "1.23.5",
        "end_time_seconds": "1765167665"
    },
    "total": 28.432666900014738,
    "count": 1,
    "self": 0.21268209998379461,
    "children": {
        "run_training.setup": {
            "total": 0.07614390001981519,
            "count": 1,
            "self": 0.07614390001981519
        },
        "TrainerController.start_learning": {
            "total": 28.143840900011128,
            "count": 1,
            "self": 0.04887019892339595,
            "children": {
                "TrainerController._reset_env": {
                    "total": 3.6702456999919377,
                    "count": 1,
                    "self": 3.6702456999919377
                },
                "TrainerController.advance": {
                    "total": 24.418303201091476,
                    "count": 5679,
                    "self": 0.04700230245362036,
                    "children": {
                        "env_step": {
                            "total": 14.232432299701031,
                            "count": 5679,
                            "self": 12.710027698980412,
                            "children": {
                                "SubprocessEnvManager._take_step": {
                                    "total": 1.488113199971849,
                                    "count": 5679,
                                    "self": 0.12005359985050745,
                                    "children": {
                                        "TorchPolicy.evaluate": {
                                            "total": 1.3680596001213416,
                                            "count": 4192,
                                            "self": 1.3680596001213416
                                        }
                                    }
                                },
                                "workers": {
                                    "total": 0.034291400748770684,
                                    "count": 5679,
                                    "self": 0.0,
                                    "children": {
                                        "worker_root": {
                                            "total": 25.071672500256682,
                                            "count": 5679,
                                            "is_parallel": true,
                                            "self": 15.351489299384411,
                                            "children": {
                                                "steps_from_proto": {
                                                    "total": 0.0002530000056140125,
                                                    "count": 1,
                                                    "is_parallel": true,