{
    "name": "root",
    "gauges": {
        "3DBall.Policy.Entropy.mean": {
            "value": 1.4070374965667725,
            "min": 1.4070374965667725,
            "max": 1.4178717136383057,
            "count": 4
        },
        "3DBall.Policy.Entropy.sum": {
            "value": 16833.796875,
            "min": 16833.796875,
            "max": 17184.60546875,
            "count": 4
        },
        "3DBall.Environment.EpisodeLength.mean": {
            "value": 27.750599520383695,
            "min": 22.310679611650485,
            "max": 27.750599520383695,
            "count": 4
        },
        "3DBall.Environment.EpisodeLength.sum": {
            "value": 11572.0,
            "min": 11490.0,
            "max": 11572.0,
            "count": 4
        },
        "3DBall.Step.mean": {
            "value": 47990.0,
            "min": 11978.0,
            "max": 47990.0,
            "count": 4
        },
        "3DBall.Step.sum": {
            "value": 47990.0,
            "min": 11978.0,
            "max": 47990.0,
            "count": 4
        },
        "3DBall.Policy.ExtrinsicValueEstimate.mean": {
            "value": 0.36621445417404175,
            "min": 0.03394525125622749,
            "max": 0.36621445417404175,
            "count": 4
        },
        "3DBall.Policy.ExtrinsicValueEstimate.sum": {
            "value": 152.71142578125,
            "min": 17.447858810424805,
            "max": 152.71142578125,
            "count": 4
        },
        "3DBall.Environment.CumulativeReward.mean": {
            "value": 1.7805754609531064,
            "min": 1.2303501550789473,
            "max": 1.7805754609531064,
            "count": 4
        },
        "3DBall.Environment.CumulativeReward.sum": {
            "value": 742.4999672174454,
            "min": 632.3999797105789,
            "max": 742.4999672174454,
            "count": 4
        },
        "3DBall.Policy.ExtrinsicReward.mean": {
            "value": 1.7805754609531064,
            "min": 1.2303501550789473,
            "max": 1.7805754609531064,
            "count": 4
        },
        "3DBall.Policy.ExtrinsicReward.sum": {
            "value": 742.4999672174454,
            "min": 632.3999797105789,
            "max": 742.4999672174454,
            "count": 4
        },
        "3DBall.Losses.PolicyLoss.mean": {
            "value": 0.1494562112690161,
            "min": 0.14873649877845038,
            "max": 0.16490570477799338,
            "count": 4
        },
        "3DBall.Losses.PolicyLoss.sum": {
            "value": 0.1494562112690161,
            "min": 0.14873649877845038,
            "max": 0.16490570477799338,
            "count": 4
        },
        "3DBall.Losses.ValueLoss.mean": {
            "value": 0.31769559038458045,
            "min": 0.2223236738393704,
            "max": 0.4078500445001692,
            "count": 4
        },
        "3DBall.Losses.ValueLoss.sum": {
            "value": 0.31769559038458045,
            "min": 0.2223236738393704,
            "max": 0.4078500445001692,
            "count": 4
        },
        "3DBall.Policy.LearningRate.mean": {
            "value": 9.22288077712e-05,
            "min": 9.22288077712e-05,
            "max": 9.805960194040002e-05,
            "count": 4
        },
        "3DBall.Policy.LearningRate.sum": {
            "value": 9.22288077712e-05,
            "min": 9.22288077712e-05,
            "max": 9.805960194040002e-05,
            "count": 4
        },
        "3DBall.Policy.Epsilon.mean": {
            "value": 0.09999999999999999,
            "min": 0.09999999999999999,
            "max": 0.09999999999999999,
            "count": 4
        },
        "3DBall.Policy.Epsilon.sum": {
            "value": 0.09999999999999999,
            "min": 0.09999999999999999,
            "max": 0.09999999999999999,
            "count": 4
        },
        "3DBall.Policy.Beta.mean": {
            "value": 0.00129198032,
            "min": 0.00129198032,
            "max": 0.00137302844,
            "count": 4
        },
        "3DBall.Policy.Beta.sum": {
            "value": 0.00129198032,
            "min": 0.00129198032,
            "max": 0.00137302844,
            "count": 4
        },
        "3DBall.IsTraining.mean": {
            "value": 1.0,
            "min": 1.0,
            "max": 1.0,
            "count": 4
        },
        "3DBall.IsTraining.sum": {
            "value": 1.0,
            "min": 1.0,
            "max": 1.0,
            "count": 4
        }
    },
    "metadata": {
        "timer_format_version": "0.1.0",
        "start_time_seconds": "1765052870",
        "python_version": "3.10.11 (tags/v3.10.11:7d4cc5a, Apr  5 2023, 00:38:17) [MSC v.1929 64 bit (AMD64)]",
        "command_line_arguments": "C:\\Users\\moebn\\Documents\\University\\Project 2-1\\project_2_1_group_7\\venv\\Scripts\\mlagents-learn Config/training_config.yaml --run-id=run_batch_size27_buffer_size9700_learning_rate0.0001_beta0.0014_epsilon0.1 --time-scale=20 --env=3DBall_environment/UnityEnvironment.exe --no-graphics",
        "mlagents_version": "1.0.0",
        "mlagents_envs_version": "1.0.0",
        "communication_protocol_version": "1.5.0",
        "pytorch_version": "2.9.1+cpu",
        "numpy_version": "1.23.5",
        "end_time_seconds": "1765052911"
    },
    "total": 41.00924240000313,
    "count": 1,
    "self": 0.18801630000234582,
    "children": {
        "run_training.setup": {
            "total": 0.07043880000128411,
            "count": 1,
            "self": 0.07043880000128411
        },
        "TrainerController.start_learning": {
            "total": 40.7507872999995,
            "count": 1,
            "self": 0.050545299527584575,
            "children": {
                "TrainerController._reset_env": {
                    "total": 10.123972900008084,
                    "count": 1,
                    "self": 10.123972900008084
                },
                "TrainerController.advance": {
                    "total": 30.570056400465546,
                    "count": 5721,
                    "self": 0.04808789990784135,
                    "children": {
                        "env_step": {
                            "total": 14.478480300545925,
                            "count": 5721,
                            "self": 12.951279500775854,
                            "children": {
                                "SubprocessEnvManager._take_step": {
                                    "total": 1.4927507002139464,
                                    "count": 5721,
                                    "self": 0.12077020021388307,
                                    "children": {
                                        "TorchPolicy.evaluate": {
                                            "total": 1.3719805000000633,
                                            "count": 4191,
                                            "self": 1.3719805000000633
                                        }
                                    }
                                },
                                "workers": {
                                    "total": 0.03445009955612477,
                                    "count": 5721,
                                    "self": 0.0,
                                    "children": {
                                        "worker_root": {
                                            "total": 31.17418219980027,
                                            "count": 5721,
                                            "is_parallel": true,
                                            "self": 21.28685020026751,
                                            "children": {
                                                "steps_from_proto": {
                                                    "total": 0.0002472000051056966,
                                                    "count": 1,