{
    "name": "root",
    "gauges": {
        "3DBall.Policy.Entropy.mean": {
            "value": 1.335591197013855,
            "min": 1.335591197013855,
            "max": 1.4091205596923828,
            "count": 4
        },
        "3DBall.Policy.Entropy.sum": {
            "value": 16251.4736328125,
            "min": 16251.4736328125,
            "max": 22526.875,
            "count": 4
        },
        "3DBall.Environment.EpisodeLength.mean": {
            "value": 933.6923076923077,
            "min": 24.271008403361346,
            "max": 933.6923076923077,
            "count": 4
        },
        "3DBall.Environment.EpisodeLength.sum": {
            "value": 12138.0,
            "min": 11553.0,
            "max": 12138.0,
            "count": 4
        },
        "3DBall.Step.mean": {
            "value": 47249.0,
            "min": 11968.0,
            "max": 47249.0,
            "count": 4
        },
        "3DBall.Step.sum": {
            "value": 47249.0,
            "min": 11968.0,
            "max": 47249.0,
            "count": 4
        },
        "3DBall.Policy.ExtrinsicValueEstimate.mean": {
            "value": 9.237281799316406,
            "min": 0.06240861490368843,
            "max": 9.237281799316406,
            "count": 4
        },
        "3DBall.Policy.ExtrinsicValueEstimate.sum": {
            "value": 120.08466339111328,
            "min": 29.644092559814453,
            "max": 244.49313354492188,
            "count": 4
        },
        "3DBall.Environment.CumulativeReward.mean": {
            "value": 93.384629543011,
            "min": 1.419578887286939,
            "max": 93.384629543011,
            "count": 4
        },
        "3DBall.Environment.CumulativeReward.sum": {
            "value": 1214.000184059143,
            "min": 674.2999714612961,
            "max": 1214.000184059143,
            "count": 4
        },
        "3DBall.Policy.ExtrinsicReward.mean": {
            "value": 93.384629543011,
            "min": 1.419578887286939,
            "max": 93.384629543011,
            "count": 4
        },
        "3DBall.Policy.ExtrinsicReward.sum": {
            "value": 1214.000184059143,
            "min": 674.2999714612961,
            "max": 1214.000184059143,
            "count": 4
        },
        "3DBall.Losses.PolicyLoss.mean": {
            "value": 0.0998102211526023,
            "min": 0.09654344214661015,
            "max": 0.0998102211526023,
            "count": 4
        },
        "3DBall.Losses.PolicyLoss.sum": {
            "value": 0.3992408846104092,
            "min": 0.3861737685864406,
            "max": 0.48327709021510545,
            "count": 4
        },
        "3DBall.Losses.ValueLoss.mean": {
            "value": 0.4262928293667106,
            "min": 0.37714933701771,
            "max": 2.7086797112674144,
            "count": 4
        },
        "3DBall.Losses.ValueLoss.sum": {
            "value": 1.7051713174668424,
            "min": 1.50859734807084,
            "max": 10.834718845069657,
            "count": 4
        },
        "3DBall.Policy.LearningRate.mean": {
            "value": 0.00027497325834224996,
            "min": 0.00027497325834224996,
            "max": 0.0002962344012551999,
            "count": 4
        },
        "3DBall.Policy.LearningRate.sum": {
            "value": 0.0010998930333689998,
            "min": 0.0010998930333689998,
            "max": 0.0014471778176074,
            "count": 4
        },
        "3DBall.Policy.Epsilon.mean": {
            "value": 0.237486625,
            "min": 0.237486625,
            "max": 0.24811719999999998,
            "count": 4
        },
        "3DBall.Policy.Epsilon.sum": {
            "value": 0.9499465,
            "min": 0.9499465,
            "max": 1.2235888999999998,
            "count": 4
        },
        "3DBall.Policy.Beta.mean": {
            "value": 0.0011007272249999997,
            "min": 0.0011007272249999997,
            "max": 0.0011850631199999998,
            "count": 4
        },
        "3DBall.Policy.Beta.sum": {
            "value": 0.004402908899999999,
            "min": 0.004402908899999999,
            "max": 0.005790471940000001,
            "count": 4
        },
        "3DBall.IsTraining.mean": {
            "value": 1.0,
            "min": 1.0,
            "max": 1.0,
            "count": 4
        },
        "3DBall.IsTraining.sum": {
            "value": 1.0,
            "min": 1.0,
            "max": 1.0,
            "count": 4
        }
    },
    "metadata": {
        "timer_format_version": "0.1.0",
        "start_time_seconds": "1765196043",
        "python_version": "3.10.11 (tags/v3.10.11:7d4cc5a, Apr  5 2023, 00:38:17) [MSC v.1929 64 bit (AMD64)]",
        "command_line_arguments": "C:\\Users\\moebn\\Documents\\University\\Project 2-1\\project_2_1_group_7\\venv\\Scripts\\mlagents-learn Config/training_config.yaml --run-id=run_batch_size66_buffer_size2500_learning_rate0.0003_beta0.0012_epsilon0.25 --time-scale=20 --env=3DBall_environment/UnityEnvironment.exe --no-graphics",
        "mlagents_version": "1.0.0",
        "mlagents_envs_version": "1.0.0",
        "communication_protocol_version": "1.5.0",
        "pytorch_version": "2.9.1+cpu",
        "numpy_version": "1.23.5",
        "end_time_seconds": "1765196071"
    },
    "total": 27.988534800009802,
    "count": 1,
    "self": 0.16027430002577603,
    "children": {
        "run_training.setup": {
            "total": 0.08432590001029894,
            "count": 1,
            "self": 0.08432590001029894
        },
        "TrainerController.start_learning": {
            "total": 27.743934599973727,
            "count": 1,
            "self": 0.04185430021607317,
            "children": {
                "TrainerController._reset_env": {
                    "total": 3.5154677999962587,
                    "count": 1,
                    "self": 3.5154677999962587
                },
                "TrainerController.advance": {
                    "total": 24.179971799778286,
                    "count": 5141,
                    "self": 0.04179629904683679,
                    "children": {
                        "env_step": {
                            "total": 14.604540401167469,
                            "count": 5141,
                            "self": 12.83453240050585,
                            "children": {
                                "SubprocessEnvManager._take_step": {
                                    "total": 1.7398377000936307,
                                    "count": 5141,
                                    "self": 0.12580469902604818,
                                    "children": {
                                        "TorchPolicy.evaluate": {
                                            "total": 1.6140330010675825,
                                            "count": 4556,
                                            "self": 1.6140330010675825
                                        }
                                    }
                                },
                                "workers": {
                                    "total": 0.030170300567988306,
                                    "count": 5141,
                                    "self": 0.0,
                                    "children": {
                                        "worker_root": {
                                            "total": 24.767718400456943,
                                            "count": 5141,
                                            "is_parallel": true,
                                            "self": 14.768318701826502,
                                            "children": {
                                                "steps_from_proto": {
                                                    "total": 0.0003175000019837171,
                                                    "count": 1,