{
    "name": "root",
    "gauges": {
        "3DBall.Policy.Entropy.mean": {
            "value": 1.414318323135376,
            "min": 1.414318323135376,
            "max": 1.4189382791519165,
            "count": 4
        },
        "3DBall.Policy.Entropy.sum": {
            "value": 17124.56640625,
            "min": 16934.0,
            "max": 17299.6953125,
            "count": 4
        },
        "3DBall.Environment.EpisodeLength.mean": {
            "value": 25.139433551198255,
            "min": 21.44569288389513,
            "max": 25.139433551198255,
            "count": 4
        },
        "3DBall.Environment.EpisodeLength.sum": {
            "value": 11539.0,
            "min": 11452.0,
            "max": 11539.0,
            "count": 4
        },
        "3DBall.Step.mean": {
            "value": 47981.0,
            "min": 11990.0,
            "max": 47981.0,
            "count": 4
        },
        "3DBall.Step.sum": {
            "value": 47981.0,
            "min": 11990.0,
            "max": 47981.0,
            "count": 4
        },
        "3DBall.Policy.ExtrinsicValueEstimate.mean": {
            "value": 0.26705947518348694,
            "min": 0.18456563353538513,
            "max": 0.5901276469230652,
            "count": 4
        },
        "3DBall.Policy.ExtrinsicValueEstimate.sum": {
            "value": 122.5802993774414,
            "min": 93.7138671875,
            "max": 314.53802490234375,
            "count": 4
        },
        "3DBall.Environment.CumulativeReward.mean": {
            "value": 1.5139433070205655,
            "min": 1.1455055861437364,
            "max": 1.5139433070205655,
            "count": 4
        },
        "3DBall.Environment.CumulativeReward.sum": {
            "value": 694.8999779224396,
            "min": 611.6999830007553,
            "max": 694.8999779224396,
            "count": 4
        },
        "3DBall.Policy.ExtrinsicReward.mean": {
            "value": 1.5139433070205655,
            "min": 1.1455055861437364,
            "max": 1.5139433070205655,
            "count": 4
        },
        "3DBall.Policy.ExtrinsicReward.sum": {
            "value": 694.8999779224396,
            "min": 611.6999830007553,
            "max": 694.8999779224396,
            "count": 4
        },
        "3DBall.IsTraining.mean": {
            "value": 1.0,
            "min": 1.0,
            "max": 1.0,
            "count": 4
        },
        "3DBall.IsTraining.sum": {
            "value": 1.0,
            "min": 1.0,
            "max": 1.0,
            "count": 4
        },
        "3DBall.Losses.PolicyLoss.mean": {
            "value": 0.1146265130095695,
            "min": 0.10948070764827303,
            "max": 0.1146265130095695,
            "count": 3
        },
        "3DBall.Losses.PolicyLoss.sum": {
            "value": 0.1146265130095695,
            "min": 0.10948070764827303,
            "max": 0.1146265130095695,
            "count": 3
        },
        "3DBall.Losses.ValueLoss.mean": {
            "value": 0.28986984517490655,
            "min": 0.26291966538505945,
            "max": 0.6935186569322969,
            "count": 3
        },
        "3DBall.Losses.ValueLoss.sum": {
            "value": 0.28986984517490655,
            "min": 0.26291966538505945,
            "max": 0.6935186569322969,
            "count": 3
        },
        "3DBall.Policy.LearningRate.mean": {
            "value": 9.273280726719998e-05,
            "min": 9.273280726719998e-05,
            "max": 9.757740242259998e-05,
            "count": 3
        },
        "3DBall.Policy.LearningRate.sum": {
            "value": 9.273280726719998e-05,
            "min": 9.273280726719998e-05,
            "max": 9.757740242259998e-05,
            "count": 3
        },
        "3DBall.Policy.Epsilon.mean": {
            "value": 0.1463664,
            "min": 0.1463664,
            "max": 0.14878869999999997,
            "count": 3
        },
        "3DBall.Policy.Epsilon.sum": {
            "value": 0.1463664,
            "min": 0.1463664,
            "max": 0.14878869999999997,
            "count": 3
        },
        "3DBall.Policy.Beta.mean": {
            "value": 0.0012062531200000002,
            "min": 0.0012062531200000002,
            "max": 0.00126874846,
            "count": 3
        },
        "3DBall.Policy.Beta.sum": {
            "value": 0.0012062531200000002,
            "min": 0.0012062531200000002,
            "max": 0.00126874846,
            "count": 3
        }
    },
    "metadata": {
        "timer_format_version": "0.1.0",
        "start_time_seconds": "1765149631",
        "python_version": "3.10.11 (tags/v3.10.11:7d4cc5a, Apr  5 2023, 00:38:17) [MSC v.1929 64 bit (AMD64)]",
        "command_line_arguments": "C:\\Users\\moebn\\Documents\\University\\Project 2-1\\project_2_1_group_7\\venv\\Scripts\\mlagents-learn Config/training_config.yaml --run-id=run_batch_size53_buffer_size12100_learning_rate0.0001_beta0.0013_epsilon0.15 --time-scale=20 --env=3DBall_environment/UnityEnvironment.exe --no-graphics",
        "mlagents_version": "1.0.0",
        "mlagents_envs_version": "1.0.0",
        "communication_protocol_version": "1.5.0",
        "pytorch_version": "2.9.1+cpu",
        "numpy_version": "1.23.5",
        "end_time_seconds": "1765149660"
    },
    "total": 29.521199499984505,
    "count": 1,
    "self": 0.19483989998116158,
    "children": {
        "run_training.setup": {
            "total": 0.07401690000551753,
            "count": 1,
            "self": 0.07401690000551753
        },
        "TrainerController.start_learning": {
            "total": 29.252342699997826,
            "count": 1,
            "self": 0.04996079910779372,
            "children": {
                "TrainerController._reset_env": {
                    "total": 3.4220975000062026,
                    "count": 1,
                    "self": 3.4220975000062026
                },
                "TrainerController.advance": {
                    "total": 25.773880600900156,
                    "count": 5757,
                    "self": 0.0502325005363673,
                    "children": {
                        "env_step": {
                            "total": 14.160652699880302,
                            "count": 5757,
                            "self": 12.586323898256524,
                            "children": {
                                "SubprocessEnvManager._take_step": {
                                    "total": 1.5403178008273244,
                                    "count": 5757,
                                    "self": 0.12000280019128695,
                                    "children": {
                                        "TorchPolicy.evaluate": {
                                            "total": 1.4203150006360374,
                                            "count": 4178,
                                            "self": 1.4203150006360374
                                        }
                                    }
                                },
                                "workers": {
                                    "total": 0.03401100079645403,
                                    "count": 5757,
                                    "self": 0.0,
                                    "children": {
                                        "worker_root": {
                                            "total": 26.355140601255698,
                                            "count": 5757,
                                            "is_parallel": true,
                                            "self": 16.749317402078304,
                                            "children": {
                                                "steps_from_proto": {
                                                    "total": 0.00030380001408047974,
                                                    "count": 1,