{
    "name": "root",
    "gauges": {
        "3DBall.Policy.Entropy.mean": {
            "value": 1.3943949937820435,
            "min": 1.3943949937820435,
            "max": 1.417540431022644,
            "count": 4
        },
        "3DBall.Policy.Entropy.sum": {
            "value": 16649.076171875,
            "min": 16649.076171875,
            "max": 17180.58984375,
            "count": 4
        },
        "3DBall.Environment.EpisodeLength.mean": {
            "value": 29.536895674300254,
            "min": 21.30983302411874,
            "max": 29.536895674300254,
            "count": 4
        },
        "3DBall.Environment.EpisodeLength.sum": {
            "value": 11608.0,
            "min": 11457.0,
            "max": 11608.0,
            "count": 4
        },
        "3DBall.Step.mean": {
            "value": 47999.0,
            "min": 11988.0,
            "max": 47999.0,
            "count": 4
        },
        "3DBall.Step.sum": {
            "value": 47999.0,
            "min": 11988.0,
            "max": 47999.0,
            "count": 4
        },
        "3DBall.Policy.ExtrinsicValueEstimate.mean": {
            "value": 0.4632600247859955,
            "min": -0.2747471034526825,
            "max": 0.4632600247859955,
            "count": 4
        },
        "3DBall.Policy.ExtrinsicValueEstimate.sum": {
            "value": 182.06118774414062,
            "min": -147.81393432617188,
            "max": 182.06118774414062,
            "count": 4
        },
        "3DBall.Environment.CumulativeReward.mean": {
            "value": 1.9623408724030162,
            "min": 1.1282527632872854,
            "max": 1.9623408724030162,
            "count": 4
        },
        "3DBall.Environment.CumulativeReward.sum": {
            "value": 771.1999628543854,
            "min": 606.9999866485596,
            "max": 771.1999628543854,
            "count": 4
        },
        "3DBall.Policy.ExtrinsicReward.mean": {
            "value": 1.9623408724030162,
            "min": 1.1282527632872854,
            "max": 1.9623408724030162,
            "count": 4
        },
        "3DBall.Policy.ExtrinsicReward.sum": {
            "value": 771.1999628543854,
            "min": 606.9999866485596,
            "max": 771.1999628543854,
            "count": 4
        },
        "3DBall.Losses.PolicyLoss.mean": {
            "value": 0.21154917374327734,
            "min": 0.20870155021741768,
            "max": 0.2159902386508804,
            "count": 4
        },
        "3DBall.Losses.PolicyLoss.sum": {
            "value": 0.42309834748655467,
            "min": 0.21160608438835826,
            "max": 0.42309834748655467,
            "count": 4
        },
        "3DBall.Losses.ValueLoss.mean": {
            "value": 0.3195189713165201,
            "min": 0.16918129358758216,
            "max": 0.3195189713165201,
            "count": 4
        },
        "3DBall.Losses.ValueLoss.sum": {
            "value": 0.6390379426330401,
            "min": 0.1899959122545608,
            "max": 0.6390379426330401,
            "count": 4
        },
        "3DBall.Policy.LearningRate.mean": {
            "value": 0.00018391580804210002,
            "min": 0.00018391580804210002,
            "max": 0.00019707840146080004,
            "count": 4
        },
        "3DBall.Policy.LearningRate.sum": {
            "value": 0.00036783161608420004,
            "min": 0.00018830360584820005,
            "max": 0.0003853836073082001,
            "count": 4
        },
        "3DBall.Policy.Epsilon.mean": {
            "value": 0.1,
            "min": 0.09999999999999999,
            "max": 0.1,
            "count": 4
        },
        "3DBall.Policy.Epsilon.sum": {
            "value": 0.2,
            "min": 0.09999999999999999,
            "max": 0.2,
            "count": 4
        },
        "3DBall.Policy.Beta.mean": {
            "value": 0.0011042990100000002,
            "min": 0.0011042990100000002,
            "max": 0.0011826164799999996,
            "count": 4
        },
        "3DBall.Policy.Beta.sum": {
            "value": 0.0022085980200000003,
            "min": 0.00113040642,
            "max": 0.0023130324199999996,
            "count": 4
        },
        "3DBall.IsTraining.mean": {
            "value": 1.0,
            "min": 1.0,
            "max": 1.0,
            "count": 4
        },
        "3DBall.IsTraining.sum": {
            "value": 1.0,
            "min": 1.0,
            "max": 1.0,
            "count": 4
        }
    },
    "metadata": {
        "timer_format_version": "0.1.0",
        "start_time_seconds": "1764924078",
        "python_version": "3.10.11 (tags/v3.10.11:7d4cc5a, Apr  5 2023, 00:38:17) [MSC v.1929 64 bit (AMD64)]",
        "command_line_arguments": "C:\\Users\\moebn\\Documents\\University\\Project 2-1\\project_2_1_group_7\\venv\\Scripts\\mlagents-learn Config/training_config.yaml --run-id=run_batch_size14_buffer_size7300_learning_rate0.0002_beta0.0012_epsilon0.1 --time-scale=20 --env=3DBall_environment/UnityEnvironment.exe --no-graphics",
        "mlagents_version": "1.0.0",
        "mlagents_envs_version": "1.0.0",
        "communication_protocol_version": "1.5.0",
        "pytorch_version": "2.9.1+cpu",
        "numpy_version": "1.23.5",
        "end_time_seconds": "1764924120"
    },
    "total": 41.967087099998025,
    "count": 1,
    "self": 0.16052699998544995,
    "children": {
        "run_training.setup": {
            "total": 0.06865220000327099,
            "count": 1,
            "self": 0.06865220000327099
        },
        "TrainerController.start_learning": {
            "total": 41.737907900009304,
            "count": 1,
            "self": 0.05040359927807003,
            "children": {
                "TrainerController._reset_env": {
                    "total": 3.3477516999992076,
                    "count": 1,
                    "self": 3.3477516999992076
                },
                "TrainerController.advance": {
                    "total": 38.33296780072851,
                    "count": 5758,
                    "self": 0.04813800078409258,
                    "children": {
                        "env_step": {
                            "total": 13.988396200045827,
                            "count": 5758,
                            "self": 12.502818700057105,
                            "children": {
                                "SubprocessEnvManager._take_step": {
                                    "total": 1.4509208002709784,
                                    "count": 5758,
                                    "self": 0.12300330064317677,
                                    "children": {
                                        "TorchPolicy.evaluate": {
                                            "total": 1.3279174996278016,
                                            "count": 4187,
                                            "self": 1.3279174996278016
                                        }
                                    }
                                },
                                "workers": {
                                    "total": 0.03465669971774332,
                                    "count": 5758,
                                    "self": 0.0,
                                    "children": {
                                        "worker_root": {
                                            "total": 38.8872067998891,
                                            "count": 5758,
                                            "is_parallel": true,
                                            "self": 29.395490599330515,
                                            "children": {
                                                "steps_from_proto": {
                                                    "total": 0.0002535999956307933,
                                                    "count": 1,