{
    "name": "root",
    "gauges": {
        "3DBall.Policy.Entropy.mean": {
            "value": 1.3570032119750977,
            "min": 1.3570032119750977,
            "max": 1.4189382791519165,
            "count": 8
        },
        "3DBall.Policy.Entropy.sum": {
            "value": 17993.86328125,
            "min": 16817.921875,
            "max": 17993.86328125,
            "count": 8
        },
        "3DBall.Environment.EpisodeLength.mean": {
            "value": 404.2,
            "min": 21.916030534351144,
            "max": 404.2,
            "count": 8
        },
        "3DBall.Environment.EpisodeLength.sum": {
            "value": 12126.0,
            "min": 11484.0,
            "max": 12214.0,
            "count": 8
        },
        "3DBall.Step.mean": {
            "value": 95385.0,
            "min": 11991.0,
            "max": 95385.0,
            "count": 8
        },
        "3DBall.Step.sum": {
            "value": 95385.0,
            "min": 11991.0,
            "max": 95385.0,
            "count": 8
        },
        "3DBall.Policy.ExtrinsicValueEstimate.mean": {
            "value": 4.511287212371826,
            "min": -0.033338237553834915,
            "max": 4.511287212371826,
            "count": 8
        },
        "3DBall.Policy.ExtrinsicValueEstimate.sum": {
            "value": 135.338623046875,
            "min": -17.435897827148438,
            "max": 256.8720397949219,
            "count": 8
        },
        "3DBall.Environment.CumulativeReward.mean": {
            "value": 38.03667262395223,
            "min": 1.192734192479865,
            "max": 38.03667262395223,
            "count": 8
        },
        "3DBall.Environment.CumulativeReward.sum": {
            "value": 1141.100178718567,
            "min": 623.7999826669693,
            "max": 1141.100178718567,
            "count": 8
        },
        "3DBall.Policy.ExtrinsicReward.mean": {
            "value": 38.03667262395223,
            "min": 1.192734192479865,
            "max": 38.03667262395223,
            "count": 8
        },
        "3DBall.Policy.ExtrinsicReward.sum": {
            "value": 1141.100178718567,
            "min": 623.7999826669693,
            "max": 1141.100178718567,
            "count": 8
        },
        "3DBall.IsTraining.mean": {
            "value": 1.0,
            "min": 1.0,
            "max": 1.0,
            "count": 8
        },
        "3DBall.IsTraining.sum": {
            "value": 1.0,
            "min": 1.0,
            "max": 1.0,
            "count": 8
        },
        "3DBall.Losses.PolicyLoss.mean": {
            "value": 0.10051811716836342,
            "min": 0.09551722058983197,
            "max": 0.10147663085911598,
            "count": 7
        },
        "3DBall.Losses.PolicyLoss.sum": {
            "value": 0.10051811716836342,
            "min": 0.09551722058983197,
            "max": 0.10147663085911598,
            "count": 7
        },
        "3DBall.Losses.ValueLoss.mean": {
            "value": 3.0757053788249373,
            "min": 0.161411260253021,
            "max": 3.0757053788249373,
            "count": 7
        },
        "3DBall.Losses.ValueLoss.sum": {
            "value": 3.0757053788249373,
            "min": 0.161411260253021,
            "max": 3.0757053788249373,
            "count": 7
        },
        "3DBall.Policy.LearningRate.mean": {
            "value": 4.6794084402e-05,
            "min": 4.6794084402e-05,
            "max": 0.000263976012008,
            "count": 7
        },
        "3DBall.Policy.LearningRate.sum": {
            "value": 4.6794084402e-05,
            "min": 4.6794084402e-05,
            "max": 0.000263976012008,
            "count": 7
        },
        "3DBall.Policy.Epsilon.mean": {
            "value": 0.11559799999999999,
            "min": 0.11559799999999999,
            "max": 0.187992,
            "count": 7
        },
        "3DBall.Policy.Epsilon.sum": {
            "value": 0.11559799999999999,
            "min": 0.11559799999999999,
            "max": 0.187992,
            "count": 7
        },
        "3DBall.Policy.Beta.mean": {
            "value": 0.0001644202,
            "min": 0.0001644202,
            "max": 0.0008811208000000002,
            "count": 7
        },
        "3DBall.Policy.Beta.sum": {
            "value": 0.0001644202,
            "min": 0.0001644202,
            "max": 0.0008811208000000002,
            "count": 7
        }
    },
    "metadata": {
        "timer_format_version": "0.1.0",
        "start_time_seconds": "1764372517",
        "python_version": "3.10.11 (main, May  7 2023, 18:05:05) [MSC v.1929 64 bit (AMD64)]",
        "command_line_arguments": "C:\\Users\\maxim\\OneDrive\\Desktop\\maastricht\\Year 2\\project_2_1\\project_2_1_group_7\\.venv\\Scripts\\mlagents-learn UserSettings/random_config_2.yaml --run-id=max-hiddenunits128-config2-1 --env=3DBall_environment/UnityEnvironment --no-graphics --force",
        "mlagents_version": "1.0.0",
        "mlagents_envs_version": "1.0.0",
        "communication_protocol_version": "1.5.0",
        "pytorch_version": "2.9.0+cpu",
        "numpy_version": "1.23.5",
        "end_time_seconds": "1764372657"
    },
    "total": 140.28329130006023,
    "count": 1,
    "self": 0.42972540005575866,
    "children": {
        "run_training.setup": {
            "total": 0.12679960008244962,
            "count": 1,
            "self": 0.12679960008244962
        },
        "TrainerController.start_learning": {
            "total": 139.72676629992202,
            "count": 1,
            "self": 0.28134120302274823,
            "children": {
                "TrainerController._reset_env": {
                    "total": 5.334854200016707,
                    "count": 1,
                    "self": 5.334854200016707
                },
                "TrainerController.advance": {
                    "total": 132.93362679693382,
                    "count": 10614,
                    "self": 0.27902479062322527,
                    "children": {
                        "env_step": {
                            "total": 81.06929220666643,
                            "count": 10614,
                            "self": 64.44096099876333,
                            "children": {
                                "SubprocessEnvManager._take_step": {
                                    "total": 16.454000609111972,
                                    "count": 10614,
                                    "self": 0.829628013074398,
                                    "children": {
                                        "TorchPolicy.evaluate": {
                                            "total": 15.624372596037574,
                                            "count": 8934,
                                            "self": 15.624372596037574
                                        }
                                    }
                                },
                                "workers": {
                                    "total": 0.1743305987911299,
                                    "count": 10614,
                                    "self": 0.0,
                                    "children": {
                                        "worker_root": {
                                            "total": 132.9463840095559,
                                            "count": 10614,
                                            "is_parallel": true,
                                            "self": 86.57508551259525,
                                            "children": {
                                                "steps_from_proto": {
                                                    "total": 0.0003562000347301364,
                                                    "count": 1,
                                                    "is_parallel": true,
                                                    "self": 0.00015480001457035542,