{
    "name": "root",
    "gauges": {
        "3DBall.Policy.Entropy.mean": {
            "value": 1.3750497102737427,
            "min": 1.3750497102737427,
            "max": 1.4189382791519165,
            "count": 4
        },
        "3DBall.Policy.Entropy.sum": {
            "value": 16632.6015625,
            "min": 16632.6015625,
            "max": 17197.53125,
            "count": 4
        },
        "3DBall.Environment.EpisodeLength.mean": {
            "value": 29.28463476070529,
            "min": 22.792079207920793,
            "max": 29.28463476070529,
            "count": 4
        },
        "3DBall.Environment.EpisodeLength.sum": {
            "value": 11626.0,
            "min": 11499.0,
            "max": 11626.0,
            "count": 4
        },
        "3DBall.Step.mean": {
            "value": 47998.0,
            "min": 11999.0,
            "max": 47998.0,
            "count": 4
        },
        "3DBall.Step.sum": {
            "value": 47998.0,
            "min": 11999.0,
            "max": 47998.0,
            "count": 4
        },
        "3DBall.Policy.ExtrinsicValueEstimate.mean": {
            "value": 0.4112192392349243,
            "min": 0.04164035618305206,
            "max": 0.4112192392349243,
            "count": 4
        },
        "3DBall.Policy.ExtrinsicValueEstimate.sum": {
            "value": 163.25404357910156,
            "min": 20.986740112304688,
            "max": 163.25404357910156,
            "count": 4
        },
        "3DBall.Environment.CumulativeReward.mean": {
            "value": 1.925944541203285,
            "min": 1.2807539332480657,
            "max": 1.925944541203285,
            "count": 4
        },
        "3DBall.Environment.CumulativeReward.sum": {
            "value": 764.5999828577042,
            "min": 645.4999823570251,
            "max": 764.5999828577042,
            "count": 4
        },
        "3DBall.Policy.ExtrinsicReward.mean": {
            "value": 1.925944541203285,
            "min": 1.2807539332480657,
            "max": 1.925944541203285,
            "count": 4
        },
        "3DBall.Policy.ExtrinsicReward.sum": {
            "value": 764.5999828577042,
            "min": 645.4999823570251,
            "max": 764.5999828577042,
            "count": 4
        },
        "3DBall.IsTraining.mean": {
            "value": 1.0,
            "min": 1.0,
            "max": 1.0,
            "count": 4
        },
        "3DBall.IsTraining.sum": {
            "value": 1.0,
            "min": 1.0,
            "max": 1.0,
            "count": 4
        },
        "3DBall.Losses.PolicyLoss.mean": {
            "value": 0.6893112575832273,
            "min": 0.6893112575832273,
            "max": 0.7830454175036428,
            "count": 3
        },
        "3DBall.Losses.PolicyLoss.sum": {
            "value": 0.6893112575832273,
            "min": 0.6893112575832273,
            "max": 0.7830454175036428,
            "count": 3
        },
        "3DBall.Losses.ValueLoss.mean": {
            "value": 0.2763174025554129,
            "min": 0.17624981638289325,
            "max": 0.2763174025554129,
            "count": 3
        },
        "3DBall.Losses.ValueLoss.sum": {
            "value": 0.2763174025554129,
            "min": 0.17624981638289325,
            "max": 0.2763174025554129,
            "count": 3
        },
        "3DBall.Policy.LearningRate.mean": {
            "value": 0.0002738022087325999,
            "min": 0.0002738022087325999,
            "max": 0.0002912544029151999,
            "count": 3
        },
        "3DBall.Policy.LearningRate.sum": {
            "value": 0.0002738022087325999,
            "min": 0.0002738022087325999,
            "max": 0.0002912544029151999,
            "count": 3
        },
        "3DBall.Policy.Epsilon.mean": {
            "value": 0.1912674000000001,
            "min": 0.1912674000000001,
            "max": 0.19708479999999998,
            "count": 3
        },
        "3DBall.Policy.Epsilon.sum": {
            "value": 0.1912674000000001,
            "min": 0.1912674000000001,
            "max": 0.19708479999999998,
            "count": 3
        },
        "3DBall.Policy.Beta.mean": {
            "value": 0.0011873494600000004,
            "min": 0.0011873494600000004,
            "max": 0.0012623939200000003,
            "count": 3
        },
        "3DBall.Policy.Beta.sum": {
            "value": 0.0011873494600000004,
            "min": 0.0011873494600000004,
            "max": 0.0012623939200000003,
            "count": 3
        }
    },
    "metadata": {
        "timer_format_version": "0.1.0",
        "start_time_seconds": "1764794001",
        "python_version": "3.10.11 (tags/v3.10.11:7d4cc5a, Apr  5 2023, 00:38:17) [MSC v.1929 64 bit (AMD64)]",
        "command_line_arguments": "C:\\Users\\moebn\\Documents\\University\\Project 2-1\\project_2_1_group_7\\venv\\Scripts\\mlagents-learn Config/training_config.yaml --run-id=run_batch_size1_buffer_size14500_learning_rate0.0003_beta0.0013_epsilon0.2 --time-scale=20 --env=3DBall_environment/UnityEnvironment.exe --no-graphics",
        "mlagents_version": "1.0.0",
        "mlagents_envs_version": "1.0.0",
        "communication_protocol_version": "1.5.0",
        "pytorch_version": "2.9.1+cpu",
        "numpy_version": "1.23.5",
        "end_time_seconds": "1764794250"
    },
    "total": 248.95954080001684,
    "count": 1,
    "self": 0.1502139999938663,
    "children": {
        "run_training.setup": {
            "total": 0.06669800000963733,
            "count": 1,
            "self": 0.06669800000963733
        },
        "TrainerController.start_learning": {
            "total": 248.74262880001334,
            "count": 1,
            "self": 0.049909500987268984,
            "children": {
                "TrainerController._reset_env": {
                    "total": 3.3322931999864522,
                    "count": 1,
                    "self": 3.3322931999864522
                },
                "TrainerController.advance": {
                    "total": 245.35473589904723,
                    "count": 5639,
                    "self": 0.046970101131591946,
                    "children": {
                        "env_step": {
                            "total": 13.930876498983707,
                            "count": 5639,
                            "self": 12.445294300239766,
                            "children": {
                                "SubprocessEnvManager._take_step": {
                                    "total": 1.4519904005574062,
                                    "count": 5639,
                                    "self": 0.1184399003686849,
                                    "children": {
                                        "TorchPolicy.evaluate": {
                                            "total": 1.3335505001887213,
                                            "count": 4188,
                                            "self": 1.3335505001887213
                                        }
                                    }
                                },
                                "workers": {
                                    "total": 0.033591798186535016,
                                    "count": 5639,
                                    "self": 0.0,
                                    "children": {
                                        "worker_root": {
                                            "total": 245.9218137008429,
                                            "count": 5639,
                                            "is_parallel": true,
                                            "self": 236.4421246999409,
                                            "children": {
                                                "steps_from_proto": {
                                                    "total": 0.0002580000145826489,
                                                    "count": 1,