{
    "name": "root",
    "gauges": {
        "3DBall.Policy.Entropy.mean": {
            "value": 1.3550368547439575,
            "min": 1.3550368547439575,
            "max": 1.4183000326156616,
            "count": 4
        },
        "3DBall.Policy.Entropy.sum": {
            "value": 21219.876953125,
            "min": 16893.7109375,
            "max": 21219.876953125,
            "count": 4
        },
        "3DBall.Environment.EpisodeLength.mean": {
            "value": 511.875,
            "min": 22.23597678916828,
            "max": 511.875,
            "count": 4
        },
        "3DBall.Environment.EpisodeLength.sum": {
            "value": 12285.0,
            "min": 11496.0,
            "max": 12285.0,
            "count": 4
        },
        "3DBall.Step.mean": {
            "value": 47341.0,
            "min": 11964.0,
            "max": 47341.0,
            "count": 4
        },
        "3DBall.Step.sum": {
            "value": 47341.0,
            "min": 11964.0,
            "max": 47341.0,
            "count": 4
        },
        "3DBall.Policy.ExtrinsicValueEstimate.mean": {
            "value": 4.910764217376709,
            "min": 0.1946558654308319,
            "max": 4.910764217376709,
            "count": 4
        },
        "3DBall.Policy.ExtrinsicValueEstimate.sum": {
            "value": 117.85833740234375,
            "min": 100.44242858886719,
            "max": 249.22500610351562,
            "count": 4
        },
        "3DBall.Environment.CumulativeReward.mean": {
            "value": 46.70834106206894,
            "min": 1.2186046120270277,
            "max": 46.70834106206894,
            "count": 4
        },
        "3DBall.Environment.CumulativeReward.sum": {
            "value": 1121.0001854896545,
            "min": 628.7999798059464,
            "max": 1121.0001854896545,
            "count": 4
        },
        "3DBall.Policy.ExtrinsicReward.mean": {
            "value": 46.70834106206894,
            "min": 1.2186046120270277,
            "max": 46.70834106206894,
            "count": 4
        },
        "3DBall.Policy.ExtrinsicReward.sum": {
            "value": 1121.0001854896545,
            "min": 628.7999798059464,
            "max": 1121.0001854896545,
            "count": 4
        },
        "3DBall.Losses.PolicyLoss.mean": {
            "value": 0.21189063683738885,
            "min": 0.21189063683738885,
            "max": 0.22163057872730685,
            "count": 4
        },
        "3DBall.Losses.PolicyLoss.sum": {
            "value": 0.4237812736747777,
            "min": 0.4237812736747777,
            "max": 0.6397285448779801,
            "count": 4
        },
        "3DBall.Losses.ValueLoss.mean": {
            "value": 2.3063840966819757,
            "min": 0.27229145698160645,
            "max": 2.3063840966819757,
            "count": 4
        },
        "3DBall.Losses.ValueLoss.sum": {
            "value": 4.6127681933639515,
            "min": 0.5445829139632129,
            "max": 5.3169219132662935,
            "count": 4
        },
        "3DBall.Policy.LearningRate.mean": {
            "value": 0.0001830042084979,
            "min": 0.0001830042084979,
            "max": 0.00019705660147169995,
            "count": 4
        },
        "3DBall.Policy.LearningRate.sum": {
            "value": 0.0003660084169958,
            "min": 0.0003660084169958,
            "max": 0.0005644856177572,
            "count": 4
        },
        "3DBall.Policy.Epsilon.mean": {
            "value": 0.23725315000000002,
            "min": 0.23725315000000002,
            "max": 0.24779244999999997,
            "count": 4
        },
        "3DBall.Policy.Epsilon.sum": {
            "value": 0.47450630000000005,
            "min": 0.47450630000000005,
            "max": 0.7233642,
            "count": 4
        },
        "3DBall.Policy.Beta.mean": {
            "value": 0.0012818791900000002,
            "min": 0.0012818791900000002,
            "max": 0.0013795433699999998,
            "count": 4
        },
        "3DBall.Policy.Beta.sum": {
            "value": 0.0025637583800000004,
            "min": 0.0025637583800000004,
            "max": 0.00395317492,
            "count": 4
        },
        "3DBall.IsTraining.mean": {
            "value": 1.0,
            "min": 1.0,
            "max": 1.0,
            "count": 4
        },
        "3DBall.IsTraining.sum": {
            "value": 1.0,
            "min": 1.0,
            "max": 1.0,
            "count": 4
        }
    },
    "metadata": {
        "timer_format_version": "0.1.0",
        "start_time_seconds": "1764918704",
        "python_version": "3.10.11 (tags/v3.10.11:7d4cc5a, Apr  5 2023, 00:38:17) [MSC v.1929 64 bit (AMD64)]",
        "command_line_arguments": "C:\\Users\\moebn\\Documents\\University\\Project 2-1\\project_2_1_group_7\\venv\\Scripts\\mlagents-learn Config/training_config.yaml --run-id=run_batch_size14_buffer_size4900_learning_rate0.0002_beta0.0014_epsilon0.25 --time-scale=20 --env=3DBall_environment/UnityEnvironment.exe --no-graphics",
        "mlagents_version": "1.0.0",
        "mlagents_envs_version": "1.0.0",
        "communication_protocol_version": "1.5.0",
        "pytorch_version": "2.9.1+cpu",
        "numpy_version": "1.23.5",
        "end_time_seconds": "1764918748"
    },
    "total": 44.30219400000351,
    "count": 1,
    "self": 0.2003026000020327,
    "children": {
        "run_training.setup": {
            "total": 0.07027709999238141,
            "count": 1,
            "self": 0.07027709999238141
        },
        "TrainerController.start_learning": {
            "total": 44.031614300009096,
            "count": 1,
            "self": 0.04990320044453256,
            "children": {
                "TrainerController._reset_env": {
                    "total": 6.3371131000021705,
                    "count": 1,
                    "self": 6.3371131000021705
                },
                "TrainerController.advance": {
                    "total": 37.63810339955671,
                    "count": 5642,
                    "self": 0.046262399933766574,
                    "children": {
                        "env_step": {
                            "total": 15.35722979948332,
                            "count": 5642,
                            "self": 13.596638798961067,
                            "children": {
                                "SubprocessEnvManager._take_step": {
                                    "total": 1.7266691002732841,
                                    "count": 5642,
                                    "self": 0.13702970046142582,
                                    "children": {
                                        "TorchPolicy.evaluate": {
                                            "total": 1.5896393998118583,
                                            "count": 4812,
                                            "self": 1.5896393998118583
                                        }
                                    }
                                },
                                "workers": {
                                    "total": 0.033921900248969905,
                                    "count": 5642,
                                    "self": 0.0,
                                    "children": {
                                        "worker_root": {
                                            "total": 38.24061719959718,
                                            "count": 5642,
                                            "is_parallel": true,
                                            "self": 27.742076400114456,
                                            "children": {
                                                "steps_from_proto": {
                                                    "total": 0.00022029998945072293,
                                                    "count": 1,