{
    "name": "root",
    "gauges": {
        "3DBall.Policy.Entropy.mean": {
            "value": 1.4093319177627563,
            "min": 1.4093319177627563,
            "max": 1.4202454090118408,
            "count": 4
        },
        "3DBall.Policy.Entropy.sum": {
            "value": 16996.54296875,
            "min": 16996.54296875,
            "max": 17203.08203125,
            "count": 4
        },
        "3DBall.Environment.EpisodeLength.mean": {
            "value": 28.16788321167883,
            "min": 22.275193798449614,
            "max": 28.16788321167883,
            "count": 4
        },
        "3DBall.Environment.EpisodeLength.sum": {
            "value": 11577.0,
            "min": 11491.0,
            "max": 11577.0,
            "count": 4
        },
        "3DBall.Step.mean": {
            "value": 47985.0,
            "min": 11979.0,
            "max": 47985.0,
            "count": 4
        },
        "3DBall.Step.sum": {
            "value": 47985.0,
            "min": 11979.0,
            "max": 47985.0,
            "count": 4
        },
        "3DBall.Policy.ExtrinsicValueEstimate.mean": {
            "value": 0.40015196800231934,
            "min": -0.24415288865566254,
            "max": 0.40015196800231934,
            "count": 4
        },
        "3DBall.Policy.ExtrinsicValueEstimate.sum": {
            "value": 164.46246337890625,
            "min": -125.73873901367188,
            "max": 164.46246337890625,
            "count": 4
        },
        "3DBall.Environment.CumulativeReward.mean": {
            "value": 1.8175181797241062,
            "min": 1.2260193758797877,
            "max": 1.8175181797241062,
            "count": 4
        },
        "3DBall.Environment.CumulativeReward.sum": {
            "value": 746.9999718666077,
            "min": 631.3999785780907,
            "max": 746.9999718666077,
            "count": 4
        },
        "3DBall.Policy.ExtrinsicReward.mean": {
            "value": 1.8175181797241062,
            "min": 1.2260193758797877,
            "max": 1.8175181797241062,
            "count": 4
        },
        "3DBall.Policy.ExtrinsicReward.sum": {
            "value": 746.9999718666077,
            "min": 631.3999785780907,
            "max": 746.9999718666077,
            "count": 4
        },
        "3DBall.Losses.PolicyLoss.mean": {
            "value": 0.15235402379410334,
            "min": 0.15235402379410334,
            "max": 0.15657832803338317,
            "count": 4
        },
        "3DBall.Losses.PolicyLoss.sum": {
            "value": 0.15235402379410334,
            "min": 0.15235402379410334,
            "max": 0.15657832803338317,
            "count": 4
        },
        "3DBall.Losses.ValueLoss.mean": {
            "value": 0.3294945933139202,
            "min": 0.17980021823581546,
            "max": 0.3294945933139202,
            "count": 4
        },
        "3DBall.Losses.ValueLoss.sum": {
            "value": 0.3294945933139202,
            "min": 0.17980021823581546,
            "max": 0.3294945933139202,
            "count": 4
        },
        "3DBall.Policy.LearningRate.mean": {
            "value": 0.00036893600776599997,
            "min": 0.00036893600776599997,
            "max": 0.000392224001944,
            "count": 4
        },
        "3DBall.Policy.LearningRate.sum": {
            "value": 0.00036893600776599997,
            "min": 0.00036893600776599997,
            "max": 0.000392224001944,
            "count": 4
        },
        "3DBall.Policy.Epsilon.mean": {
            "value": 0.09999999999999999,
            "min": 0.09999999999999999,
            "max": 0.09999999999999999,
            "count": 4
        },
        "3DBall.Policy.Epsilon.sum": {
            "value": 0.09999999999999999,
            "min": 0.09999999999999999,
            "max": 0.09999999999999999,
            "count": 4
        },
        "3DBall.Policy.Beta.mean": {
            "value": 0.0012920525999999997,
            "min": 0.0012920525999999997,
            "max": 0.0013729784000000003,
            "count": 4
        },
        "3DBall.Policy.Beta.sum": {
            "value": 0.0012920525999999997,
            "min": 0.0012920525999999997,
            "max": 0.0013729784000000003,
            "count": 4
        },
        "3DBall.IsTraining.mean": {
            "value": 1.0,
            "min": 1.0,
            "max": 1.0,
            "count": 4
        },
        "3DBall.IsTraining.sum": {
            "value": 1.0,
            "min": 1.0,
            "max": 1.0,
            "count": 4
        }
    },
    "metadata": {
        "timer_format_version": "0.1.0",
        "start_time_seconds": "1765056042",
        "python_version": "3.10.11 (tags/v3.10.11:7d4cc5a, Apr  5 2023, 00:38:17) [MSC v.1929 64 bit (AMD64)]",
        "command_line_arguments": "C:\\Users\\moebn\\Documents\\University\\Project 2-1\\project_2_1_group_7\\venv\\Scripts\\mlagents-learn Config/training_config.yaml --run-id=run_batch_size27_buffer_size9700_learning_rate0.0004_beta0.0014_epsilon0.1 --time-scale=20 --env=3DBall_environment/UnityEnvironment.exe --no-graphics",
        "mlagents_version": "1.0.0",
        "mlagents_envs_version": "1.0.0",
        "communication_protocol_version": "1.5.0",
        "pytorch_version": "2.9.1+cpu",
        "numpy_version": "1.23.5",
        "end_time_seconds": "1765056079"
    },
    "total": 37.08193999998912,
    "count": 1,
    "self": 0.20928499998990446,
    "children": {
        "run_training.setup": {
            "total": 0.0654112000047462,
            "count": 1,
            "self": 0.0654112000047462
        },
        "TrainerController.start_learning": {
            "total": 36.80724379999447,
            "count": 1,
            "self": 0.04974719992605969,
            "children": {
                "TrainerController._reset_env": {
                    "total": 6.497158199999831,
                    "count": 1,
                    "self": 6.497158199999831
                },
                "TrainerController.advance": {
                    "total": 30.254054100063513,
                    "count": 5719,
                    "self": 0.047786100694793276,
                    "children": {
                        "env_step": {
                            "total": 14.395158699422609,
                            "count": 5719,
                            "self": 12.819146199268289,
                            "children": {
                                "SubprocessEnvManager._take_step": {
                                    "total": 1.5415254997496959,
                                    "count": 5719,
                                    "self": 0.12126210013229866,
                                    "children": {
                                        "TorchPolicy.evaluate": {
                                            "total": 1.4202633996173972,
                                            "count": 4188,
                                            "self": 1.4202633996173972
                                        }
                                    }
                                },
                                "workers": {
                                    "total": 0.03448700040462427,
                                    "count": 5719,
                                    "self": 0.0,
                                    "children": {
                                        "worker_root": {
                                            "total": 30.84675349992176,
                                            "count": 5719,
                                            "is_parallel": true,
                                            "self": 21.084003399664653,
                                            "children": {
                                                "steps_from_proto": {
                                                    "total": 0.00022780000290367752,