{
    "name": "root",
    "gauges": {
        "3DBall.Policy.Entropy.mean": {
            "value": 1.403863787651062,
            "min": 1.403863787651062,
            "max": 1.4189382791519165,
            "count": 4
        },
        "3DBall.Policy.Entropy.sum": {
            "value": 16677.90234375,
            "min": 16677.90234375,
            "max": 17248.61328125,
            "count": 4
        },
        "3DBall.Environment.EpisodeLength.mean": {
            "value": 28.897755610972567,
            "min": 21.12707182320442,
            "max": 28.897755610972567,
            "count": 4
        },
        "3DBall.Environment.EpisodeLength.sum": {
            "value": 11588.0,
            "min": 11472.0,
            "max": 11588.0,
            "count": 4
        },
        "3DBall.Step.mean": {
            "value": 47986.0,
            "min": 11996.0,
            "max": 47986.0,
            "count": 4
        },
        "3DBall.Step.sum": {
            "value": 47986.0,
            "min": 11996.0,
            "max": 47986.0,
            "count": 4
        },
        "3DBall.Policy.ExtrinsicValueEstimate.mean": {
            "value": 0.35352110862731934,
            "min": 0.10323022305965424,
            "max": 0.35352110862731934,
            "count": 4
        },
        "3DBall.Policy.ExtrinsicValueEstimate.sum": {
            "value": 141.761962890625,
            "min": 55.95077896118164,
            "max": 141.761962890625,
            "count": 4
        },
        "3DBall.Environment.CumulativeReward.mean": {
            "value": 1.8895261124185196,
            "min": 1.1132841066240824,
            "max": 1.8895261124185196,
            "count": 4
        },
        "3DBall.Environment.CumulativeReward.sum": {
            "value": 757.6999710798264,
            "min": 603.3999857902527,
            "max": 757.6999710798264,
            "count": 4
        },
        "3DBall.Policy.ExtrinsicReward.mean": {
            "value": 1.8895261124185196,
            "min": 1.1132841066240824,
            "max": 1.8895261124185196,
            "count": 4
        },
        "3DBall.Policy.ExtrinsicReward.sum": {
            "value": 757.6999710798264,
            "min": 603.3999857902527,
            "max": 757.6999710798264,
            "count": 4
        },
        "3DBall.IsTraining.mean": {
            "value": 1.0,
            "min": 1.0,
            "max": 1.0,
            "count": 4
        },
        "3DBall.IsTraining.sum": {
            "value": 1.0,
            "min": 1.0,
            "max": 1.0,
            "count": 4
        },
        "3DBall.Losses.PolicyLoss.mean": {
            "value": 0.1109341557583942,
            "min": 0.10708700334316602,
            "max": 0.1109341557583942,
            "count": 2
        },
        "3DBall.Losses.PolicyLoss.sum": {
            "value": 0.1109341557583942,
            "min": 0.10708700334316602,
            "max": 0.1109341557583942,
            "count": 2
        },
        "3DBall.Losses.ValueLoss.mean": {
            "value": 0.20285273786311114,
            "min": 0.18727273755982254,
            "max": 0.20285273786311114,
            "count": 2
        },
        "3DBall.Losses.ValueLoss.sum": {
            "value": 0.20285273786311114,
            "min": 0.18727273755982254,
            "max": 0.20285273786311114,
            "count": 2
        },
        "3DBall.Policy.LearningRate.mean": {
            "value": 0.0004661600067679998,
            "min": 0.0004661600067679998,
            "max": 0.00048308600338279993,
            "count": 2
        },
        "3DBall.Policy.LearningRate.sum": {
            "value": 0.0004661600067679998,
            "min": 0.0004661600067679998,
            "max": 0.00048308600338279993,
            "count": 2
        },
        "3DBall.Policy.Epsilon.mean": {
            "value": 0.19323200000000001,
            "min": 0.19323200000000001,
            "max": 0.19661719999999994,
            "count": 2
        },
        "3DBall.Policy.Epsilon.sum": {
            "value": 0.19323200000000001,
            "min": 0.19323200000000001,
            "max": 0.19661719999999994,
            "count": 2
        },
        "3DBall.Policy.Beta.mean": {
            "value": 0.0013059248,
            "min": 0.0013059248,
            "max": 0.0013529790800000001,
            "count": 2
        },
        "3DBall.Policy.Beta.sum": {
            "value": 0.0013059248,
            "min": 0.0013059248,
            "max": 0.0013529790800000001,
            "count": 2
        }
    },
    "metadata": {
        "timer_format_version": "0.1.0",
        "start_time_seconds": "1765162901",
        "python_version": "3.10.11 (tags/v3.10.11:7d4cc5a, Apr  5 2023, 00:38:17) [MSC v.1929 64 bit (AMD64)]",
        "command_line_arguments": "C:\\Users\\moebn\\Documents\\University\\Project 2-1\\project_2_1_group_7\\venv\\Scripts\\mlagents-learn Config/training_config.yaml --run-id=run_batch_size53_buffer_size16900_learning_rate0.0005_beta0.0014_epsilon0.2 --time-scale=20 --env=3DBall_environment/UnityEnvironment.exe --no-graphics",
        "mlagents_version": "1.0.0",
        "mlagents_envs_version": "1.0.0",
        "communication_protocol_version": "1.5.0",
        "pytorch_version": "2.9.1+cpu",
        "numpy_version": "1.23.5",
        "end_time_seconds": "1765162930"
    },
    "total": 28.851826700003585,
    "count": 1,
    "self": 0.1871036000084132,
    "children": {
        "run_training.setup": {
            "total": 0.07235560001572594,
            "count": 1,
            "self": 0.07235560001572594
        },
        "TrainerController.start_learning": {
            "total": 28.592367499979446,
            "count": 1,
            "self": 0.050325100135523826,
            "children": {
                "TrainerController._reset_env": {
                    "total": 5.789013599976897,
                    "count": 1,
                    "self": 5.789013599976897
                },
                "TrainerController.advance": {
                    "total": 22.746971599874087,
                    "count": 5686,
                    "self": 0.04980960179818794,
                    "children": {
                        "env_step": {
                            "total": 13.90346269935253,
                            "count": 5686,
                            "self": 12.30300889807404,
                            "children": {
                                "SubprocessEnvManager._take_step": {
                                    "total": 1.5660968006122857,
                                    "count": 5686,
                                    "self": 0.12099130096612498,
                                    "children": {
                                        "TorchPolicy.evaluate": {
                                            "total": 1.4451054996461608,
                                            "count": 4180,
                                            "self": 1.4451054996461608
                                        }
                                    }
                                },
                                "workers": {
                                    "total": 0.03435700066620484,
                                    "count": 5686,
                                    "self": 0.0,
                                    "children": {
                                        "worker_root": {
                                            "total": 23.38562289919355,
                                            "count": 5686,
                                            "is_parallel": true,
                                            "self": 14.037770799564896,
                                            "children": {
                                                "steps_from_proto": {
                                                    "total": 0.00022360001457855105,
                                                    "count": 1,