{
    "name": "root",
    "gauges": {
        "3DBall.Policy.Entropy.mean": {
            "value": 1.3366564512252808,
            "min": 1.3366564512252808,
            "max": 1.3881199359893799,
            "count": 4
        },
        "3DBall.Policy.Entropy.sum": {
            "value": 16071.95703125,
            "min": 16071.95703125,
            "max": 21140.8046875,
            "count": 4
        },
        "3DBall.Environment.EpisodeLength.mean": {
            "value": 819.1333333333333,
            "min": 39.049668874172184,
            "max": 819.1333333333333,
            "count": 4
        },
        "3DBall.Environment.EpisodeLength.sum": {
            "value": 12287.0,
            "min": 11793.0,
            "max": 12287.0,
            "count": 4
        },
        "3DBall.Step.mean": {
            "value": 47734.0,
            "min": 11950.0,
            "max": 47734.0,
            "count": 4
        },
        "3DBall.Step.sum": {
            "value": 47734.0,
            "min": 11950.0,
            "max": 47734.0,
            "count": 4
        },
        "3DBall.Policy.ExtrinsicValueEstimate.mean": {
            "value": 9.32047176361084,
            "min": 0.911409318447113,
            "max": 9.336028099060059,
            "count": 4
        },
        "3DBall.Policy.ExtrinsicValueEstimate.sum": {
            "value": 139.8070831298828,
            "min": 139.8070831298828,
            "max": 274.3341979980469,
            "count": 4
        },
        "3DBall.Environment.CumulativeReward.mean": {
            "value": 81.57334620157877,
            "min": 2.870099881558719,
            "max": 81.57334620157877,
            "count": 4
        },
        "3DBall.Environment.CumulativeReward.sum": {
            "value": 1223.6001930236816,
            "min": 863.9000643491745,
            "max": 1223.6001930236816,
            "count": 4
        },
        "3DBall.Policy.ExtrinsicReward.mean": {
            "value": 81.57334620157877,
            "min": 2.870099881558719,
            "max": 81.57334620157877,
            "count": 4
        },
        "3DBall.Policy.ExtrinsicReward.sum": {
            "value": 1223.6001930236816,
            "min": 863.9000643491745,
            "max": 1223.6001930236816,
            "count": 4
        },
        "3DBall.Losses.PolicyLoss.mean": {
            "value": 0.21469092775146967,
            "min": 0.19947357499682322,
            "max": 0.21469092775146967,
            "count": 4
        },
        "3DBall.Losses.PolicyLoss.sum": {
            "value": 3.0056729885205753,
            "min": 2.994170154147896,
            "max": 18.351568899707736,
            "count": 4
        },
        "3DBall.Losses.ValueLoss.mean": {
            "value": 1.0418170173675627,
            "min": 1.0418170173675627,
            "max": 3.259316503402704,
            "count": 4
        },
        "3DBall.Losses.ValueLoss.sum": {
            "value": 14.585438243145878,
            "min": 14.585438243145878,
            "max": 110.85347549749284,
            "count": 4
        },
        "3DBall.Policy.LearningRate.mean": {
            "value": 0.0004579009369912428,
            "min": 0.0004579009369912428,
            "max": 0.0004943850228621261,
            "count": 4
        },
        "3DBall.Policy.LearningRate.sum": {
            "value": 0.0064106131178774,
            "min": 0.0064106131178774,
            "max": 0.0454834221033156,
            "count": 4
        },
        "3DBall.Policy.Epsilon.mean": {
            "value": 0.09999999999999999,
            "min": 0.09999999999999999,
            "max": 0.10000000000000002,
            "count": 4
        },
        "3DBall.Policy.Epsilon.sum": {
            "value": 1.4,
            "min": 1.4,
            "max": 9.2,
            "count": 4
        },
        "3DBall.Policy.Beta.mean": {
            "value": 0.0012829645814285715,
            "min": 0.0012829645814285715,
            "max": 0.0013843903604347826,
            "count": 4
        },
        "3DBall.Policy.Beta.sum": {
            "value": 0.01796150414,
            "min": 0.01796150414,
            "max": 0.12736391316,
            "count": 4
        },
        "3DBall.IsTraining.mean": {
            "value": 1.0,
            "min": 1.0,
            "max": 1.0,
            "count": 4
        },
        "3DBall.IsTraining.sum": {
            "value": 1.0,
            "min": 1.0,
            "max": 1.0,
            "count": 4
        }
    },
    "metadata": {
        "timer_format_version": "0.1.0",
        "start_time_seconds": "1764909641",
        "python_version": "3.10.11 (tags/v3.10.11:7d4cc5a, Apr  5 2023, 00:38:17) [MSC v.1929 64 bit (AMD64)]",
        "command_line_arguments": "C:\\Users\\moebn\\Documents\\University\\Project 2-1\\project_2_1_group_7\\venv\\Scripts\\mlagents-learn Config/training_config.yaml --run-id=run_batch_size14_buffer_size100_learning_rate0.0005_beta0.0014_epsilon0.1 --time-scale=20 --env=3DBall_environment/UnityEnvironment.exe --no-graphics",
        "mlagents_version": "1.0.0",
        "mlagents_envs_version": "1.0.0",
        "communication_protocol_version": "1.5.0",
        "pytorch_version": "2.9.1+cpu",
        "numpy_version": "1.23.5",
        "end_time_seconds": "1764909684"
    },
    "total": 42.43771879999258,
    "count": 1,
    "self": 0.18923240000731312,
    "children": {
        "run_training.setup": {
            "total": 0.06727099999261554,
            "count": 1,
            "self": 0.06727099999261554
        },
        "TrainerController.start_learning": {
            "total": 42.18121539999265,
            "count": 1,
            "self": 0.04101340056513436,
            "children": {
                "TrainerController._reset_env": {
                    "total": 3.6486650000006193,
                    "count": 1,
                    "self": 3.6486650000006193
                },
                "TrainerController.advance": {
                    "total": 38.48436719943129,
                    "count": 4830,
                    "self": 0.0408358985587256,
                    "children": {
                        "env_step": {
                            "total": 13.857301900337916,
                            "count": 4830,
                            "self": 12.208976400390384,
                            "children": {
                                "SubprocessEnvManager._take_step": {
                                    "total": 1.6197827000869438,
                                    "count": 4830,
                                    "self": 0.1267047001310857,
                                    "children": {
                                        "TorchPolicy.evaluate": {
                                            "total": 1.493077999955858,
                                            "count": 4541,
                                            "self": 1.493077999955858
                                        }
                                    }
                                },
                                "workers": {
                                    "total": 0.028542799860588275,
                                    "count": 4830,
                                    "self": 0.0,
                                    "children": {
                                        "worker_root": {
                                            "total": 39.20873389924236,
                                            "count": 4830,
                                            "is_parallel": true,
                                            "self": 29.698953699786216,
                                            "children": {
                                                "steps_from_proto": {
                                                    "total": 0.0002609999937703833,
                                                    "count": 1,
                                                    "is_parallel": true,