{
    "name": "root",
    "gauges": {
        "3DBall.Policy.Entropy.mean": {
            "value": 1.401395559310913,
            "min": 1.401395559310913,
            "max": 1.4253336191177368,
            "count": 4
        },
        "3DBall.Policy.Entropy.sum": {
            "value": 19288.80859375,
            "min": 17140.322265625,
            "max": 19288.80859375,
            "count": 4
        },
        "3DBall.Environment.EpisodeLength.mean": {
            "value": 87.80740740740741,
            "min": 21.714555765595463,
            "max": 87.80740740740741,
            "count": 4
        },
        "3DBall.Environment.EpisodeLength.sum": {
            "value": 11854.0,
            "min": 11487.0,
            "max": 11854.0,
            "count": 4
        },
        "3DBall.Step.mean": {
            "value": 47819.0,
            "min": 11979.0,
            "max": 47819.0,
            "count": 4
        },
        "3DBall.Step.sum": {
            "value": 47819.0,
            "min": 11979.0,
            "max": 47819.0,
            "count": 4
        },
        "3DBall.Policy.ExtrinsicValueEstimate.mean": {
            "value": 1.6586062908172607,
            "min": 0.1842493861913681,
            "max": 1.6586062908172607,
            "count": 4
        },
        "3DBall.Policy.ExtrinsicValueEstimate.sum": {
            "value": 223.91184997558594,
            "min": 97.28367614746094,
            "max": 223.91184997558594,
            "count": 4
        },
        "3DBall.Environment.CumulativeReward.mean": {
            "value": 7.669630730593646,
            "min": 1.168749972049034,
            "max": 7.669630730593646,
            "count": 4
        },
        "3DBall.Environment.CumulativeReward.sum": {
            "value": 1035.4001486301422,
            "min": 617.09998524189,
            "max": 1035.4001486301422,
            "count": 4
        },
        "3DBall.Policy.ExtrinsicReward.mean": {
            "value": 7.669630730593646,
            "min": 1.168749972049034,
            "max": 7.669630730593646,
            "count": 4
        },
        "3DBall.Policy.ExtrinsicReward.sum": {
            "value": 1035.4001486301422,
            "min": 617.09998524189,
            "max": 1035.4001486301422,
            "count": 4
        },
        "3DBall.Losses.PolicyLoss.mean": {
            "value": 0.0994665821913703,
            "min": 0.09504119932182331,
            "max": 0.10129043137968631,
            "count": 4
        },
        "3DBall.Losses.PolicyLoss.sum": {
            "value": 0.1989331643827406,
            "min": 0.09504119932182331,
            "max": 0.1989331643827406,
            "count": 4
        },
        "3DBall.Losses.ValueLoss.mean": {
            "value": 2.0011360067106354,
            "min": 0.3445016784649907,
            "max": 2.0011360067106354,
            "count": 4
        },
        "3DBall.Losses.ValueLoss.sum": {
            "value": 4.002272013421271,
            "min": 0.42432935481721706,
            "max": 4.002272013421271,
            "count": 4
        },
        "3DBall.Policy.LearningRate.mean": {
            "value": 0.00018391500804250003,
            "min": 0.00018391500804250003,
            "max": 0.00019707840146080001,
            "count": 4
        },
        "3DBall.Policy.LearningRate.sum": {
            "value": 0.00036783001608500007,
            "min": 0.0001883088058456,
            "max": 0.00038538320730840004,
            "count": 4
        },
        "3DBall.Policy.Epsilon.mean": {
            "value": 0.28391500000000003,
            "min": 0.28391500000000003,
            "max": 0.2970784,
            "count": 4
        },
        "3DBall.Policy.Epsilon.sum": {
            "value": 0.5678300000000001,
            "min": 0.2883088000000001,
            "max": 0.5853832,
            "count": 4
        },
        "3DBall.Policy.Beta.mean": {
            "value": 0.0011042942499999997,
            "min": 0.0011042942499999997,
            "max": 0.0011826164799999996,
            "count": 4
        },
        "3DBall.Policy.Beta.sum": {
            "value": 0.0022085884999999993,
            "min": 0.00113043736,
            "max": 0.0023130300399999996,
            "count": 4
        },
        "3DBall.IsTraining.mean": {
            "value": 1.0,
            "min": 1.0,
            "max": 1.0,
            "count": 4
        },
        "3DBall.IsTraining.sum": {
            "value": 1.0,
            "min": 1.0,
            "max": 1.0,
            "count": 4
        }
    },
    "metadata": {
        "timer_format_version": "0.1.0",
        "start_time_seconds": "1765203917",
        "python_version": "3.10.11 (tags/v3.10.11:7d4cc5a, Apr  5 2023, 00:38:17) [MSC v.1929 64 bit (AMD64)]",
        "command_line_arguments": "C:\\Users\\moebn\\Documents\\University\\Project 2-1\\project_2_1_group_7\\venv\\Scripts\\mlagents-learn Config/training_config.yaml --run-id=run_batch_size66_buffer_size7300_learning_rate0.0002_beta0.0012_epsilon0.3 --time-scale=20 --env=3DBall_environment/UnityEnvironment.exe --no-graphics",
        "mlagents_version": "1.0.0",
        "mlagents_envs_version": "1.0.0",
        "communication_protocol_version": "1.5.0",
        "pytorch_version": "2.9.1+cpu",
        "numpy_version": "1.23.5",
        "end_time_seconds": "1765203945"
    },
    "total": 27.566138199996203,
    "count": 1,
    "self": 0.2185784000030253,
    "children": {
        "run_training.setup": {
            "total": 0.08421839997754432,
            "count": 1,
            "self": 0.08421839997754432
        },
        "TrainerController.start_learning": {
            "total": 27.263341400015634,
            "count": 1,
            "self": 0.048292699560988694,
            "children": {
                "TrainerController._reset_env": {
                    "total": 3.545766299997922,
                    "count": 1,
                    "self": 3.545766299997922
                },
                "TrainerController.advance": {
                    "total": 23.662079100467963,
                    "count": 5478,
                    "self": 0.04770470128278248,
                    "children": {
                        "env_step": {
                            "total": 14.319190199516015,
                            "count": 5478,
                            "self": 12.695714197936468,
                            "children": {
                                "SubprocessEnvManager._take_step": {
                                    "total": 1.5897612010594457,
                                    "count": 5478,
                                    "self": 0.1280237016035244,
                                    "children": {
                                        "TorchPolicy.evaluate": {
                                            "total": 1.4617374994559214,
                                            "count": 4394,
                                            "self": 1.4617374994559214
                                        }
                                    }
                                },
                                "workers": {
                                    "total": 0.03371480052010156,
                                    "count": 5478,
                                    "self": 0.0,
                                    "children": {
                                        "worker_root": {
                                            "total": 24.20305470059975,
                                            "count": 5478,
                                            "is_parallel": true,
                                            "self": 14.505887300736504,
                                            "children": {
                                                "steps_from_proto": {
                                                    "total": 0.000281400018138811,
                                                    "count": 1,