{
    "name": "root",
    "gauges": {
        "3DBall.Policy.Entropy.mean": {
            "value": 1.4086780548095703,
            "min": 1.4086780548095703,
            "max": 1.4189382791519165,
            "count": 4
        },
        "3DBall.Policy.Entropy.sum": {
            "value": 16870.328125,
            "min": 16870.328125,
            "max": 17231.5859375,
            "count": 4
        },
        "3DBall.Environment.EpisodeLength.mean": {
            "value": 26.801385681293304,
            "min": 21.904580152671755,
            "max": 26.801385681293304,
            "count": 4
        },
        "3DBall.Environment.EpisodeLength.sum": {
            "value": 11605.0,
            "min": 11478.0,
            "max": 11605.0,
            "count": 4
        },
        "3DBall.Step.mean": {
            "value": 47979.0,
            "min": 11970.0,
            "max": 47979.0,
            "count": 4
        },
        "3DBall.Step.sum": {
            "value": 47979.0,
            "min": 11970.0,
            "max": 47979.0,
            "count": 4
        },
        "3DBall.Policy.ExtrinsicValueEstimate.mean": {
            "value": 0.34068790078163147,
            "min": 0.278812438249588,
            "max": 0.4228077530860901,
            "count": 4
        },
        "3DBall.Policy.ExtrinsicValueEstimate.sum": {
            "value": 147.1771697998047,
            "min": 130.76303100585938,
            "max": 221.12844848632812,
            "count": 4
        },
        "3DBall.Environment.CumulativeReward.mean": {
            "value": 1.6773147621640452,
            "min": 1.1887188934459285,
            "max": 1.6773147621640452,
            "count": 4
        },
        "3DBall.Environment.CumulativeReward.sum": {
            "value": 724.5999772548676,
            "min": 621.6999812722206,
            "max": 724.5999772548676,
            "count": 4
        },
        "3DBall.Policy.ExtrinsicReward.mean": {
            "value": 1.6773147621640452,
            "min": 1.1887188934459285,
            "max": 1.6773147621640452,
            "count": 4
        },
        "3DBall.Policy.ExtrinsicReward.sum": {
            "value": 724.5999772548676,
            "min": 621.6999812722206,
            "max": 724.5999772548676,
            "count": 4
        },
        "3DBall.IsTraining.mean": {
            "value": 1.0,
            "min": 1.0,
            "max": 1.0,
            "count": 4
        },
        "3DBall.IsTraining.sum": {
            "value": 1.0,
            "min": 1.0,
            "max": 1.0,
            "count": 4
        },
        "3DBall.Losses.PolicyLoss.mean": {
            "value": 0.09832507835218171,
            "min": 0.09832507835218171,
            "max": 0.10951168707061411,
            "count": 3
        },
        "3DBall.Losses.PolicyLoss.sum": {
            "value": 0.09832507835218171,
            "min": 0.09832507835218171,
            "max": 0.10951168707061411,
            "count": 3
        },
        "3DBall.Losses.ValueLoss.mean": {
            "value": 0.32184232791809186,
            "min": 0.2149833792783717,
            "max": 0.32184232791809186,
            "count": 3
        },
        "3DBall.Losses.ValueLoss.sum": {
            "value": 0.32184232791809186,
            "min": 0.2149833792783717,
            "max": 0.32184232791809186,
            "count": 3
        },
        "3DBall.Policy.LearningRate.mean": {
            "value": 0.0004564660087067999,
            "min": 0.0004564660087067999,
            "max": 0.0004854880029023999,
            "count": 3
        },
        "3DBall.Policy.LearningRate.sum": {
            "value": 0.0004564660087067999,
            "min": 0.0004564660087067999,
            "max": 0.0004854880029023999,
            "count": 3
        },
        "3DBall.Policy.Epsilon.mean": {
            "value": 0.1456466,
            "min": 0.1456466,
            "max": 0.14854879999999993,
            "count": 3
        },
        "3DBall.Policy.Epsilon.sum": {
            "value": 0.1456466,
            "min": 0.1456466,
            "max": 0.14854879999999993,
            "count": 3
        },
        "3DBall.Policy.Beta.mean": {
            "value": 0.0010050958800000003,
            "min": 0.0010050958800000003,
            "max": 0.0010683638399999998,
            "count": 3
        },
        "3DBall.Policy.Beta.sum": {
            "value": 0.0010050958800000003,
            "min": 0.0010050958800000003,
            "max": 0.0010683638399999998,
            "count": 3
        }
    },
    "metadata": {
        "timer_format_version": "0.1.0",
        "start_time_seconds": "1765219994",
        "python_version": "3.10.11 (tags/v3.10.11:7d4cc5a, Apr  5 2023, 00:38:17) [MSC v.1929 64 bit (AMD64)]",
        "command_line_arguments": "C:\\Users\\moebn\\Documents\\University\\Project 2-1\\project_2_1_group_7\\venv\\Scripts\\mlagents-learn Config/training_config.yaml --run-id=run_batch_size66_buffer_size14500_learning_rate0.0005_beta0.0011_epsilon0.15 --time-scale=20 --env=3DBall_environment/UnityEnvironment.exe --no-graphics",
        "mlagents_version": "1.0.0",
        "mlagents_envs_version": "1.0.0",
        "communication_protocol_version": "1.5.0",
        "pytorch_version": "2.9.1+cpu",
        "numpy_version": "1.23.5",
        "end_time_seconds": "1765220021"
    },
    "total": 27.763373100024182,
    "count": 1,
    "self": 0.22286910002003424,
    "children": {
        "run_training.setup": {
            "total": 0.08700470000621863,
            "count": 1,
            "self": 0.08700470000621863
        },
        "TrainerController.start_learning": {
            "total": 27.45349929999793,
            "count": 1,
            "self": 0.05023850061115809,
            "children": {
                "TrainerController._reset_env": {
                    "total": 3.492770799988648,
                    "count": 1,
                    "self": 3.492770799988648
                },
                "TrainerController.advance": {
                    "total": 23.90419089939678,
                    "count": 5725,
                    "self": 0.0487998969911132,
                    "children": {
                        "env_step": {
                            "total": 14.050456300523365,
                            "count": 5725,
                            "self": 12.513335299998289,
                            "children": {
                                "SubprocessEnvManager._take_step": {
                                    "total": 1.5022664013959002,
                                    "count": 5725,
                                    "self": 0.1208663003926631,
                                    "children": {
                                        "TorchPolicy.evaluate": {
                                            "total": 1.381400101003237,
                                            "count": 4185,
                                            "self": 1.381400101003237
                                        }
                                    }
                                },
                                "workers": {
                                    "total": 0.03485459912917577,
                                    "count": 5725,
                                    "self": 0.0,
                                    "children": {
                                        "worker_root": {
                                            "total": 24.511908099375432,
                                            "count": 5725,
                                            "is_parallel": true,
                                            "self": 15.024359798582736,
                                            "children": {
                                                "steps_from_proto": {
                                                    "total": 0.00024309998843818903,
                                                    "count": 1,