{
    "name": "root",
    "gauges": {
        "3DBall.Policy.Entropy.mean": {
            "value": 1.4149481058120728,
            "min": 1.4149481058120728,
            "max": 1.4189382791519165,
            "count": 4
        },
        "3DBall.Policy.Entropy.sum": {
            "value": 17013.3359375,
            "min": 17005.615234375,
            "max": 17214.55859375,
            "count": 4
        },
        "3DBall.Environment.EpisodeLength.mean": {
            "value": 24.33473684210526,
            "min": 22.00574712643678,
            "max": 24.33473684210526,
            "count": 4
        },
        "3DBall.Environment.EpisodeLength.sum": {
            "value": 11559.0,
            "min": 11483.0,
            "max": 11559.0,
            "count": 4
        },
        "3DBall.Step.mean": {
            "value": 47991.0,
            "min": 11987.0,
            "max": 47991.0,
            "count": 4
        },
        "3DBall.Step.sum": {
            "value": 47991.0,
            "min": 11987.0,
            "max": 47991.0,
            "count": 4
        },
        "3DBall.Policy.ExtrinsicValueEstimate.mean": {
            "value": 0.22678744792938232,
            "min": -0.029914410784840584,
            "max": 0.22678744792938232,
            "count": 4
        },
        "3DBall.Policy.ExtrinsicValueEstimate.sum": {
            "value": 107.72403717041016,
            "min": -15.585408210754395,
            "max": 107.72403717041016,
            "count": 4
        },
        "3DBall.Environment.CumulativeReward.mean": {
            "value": 1.4282104843541195,
            "min": 1.2007677202718958,
            "max": 1.4282104843541195,
            "count": 4
        },
        "3DBall.Environment.CumulativeReward.sum": {
            "value": 678.3999800682068,
            "min": 625.5999822616577,
            "max": 678.3999800682068,
            "count": 4
        },
        "3DBall.Policy.ExtrinsicReward.mean": {
            "value": 1.4282104843541195,
            "min": 1.2007677202718958,
            "max": 1.4282104843541195,
            "count": 4
        },
        "3DBall.Policy.ExtrinsicReward.sum": {
            "value": 678.3999800682068,
            "min": 625.5999822616577,
            "max": 678.3999800682068,
            "count": 4
        },
        "3DBall.IsTraining.mean": {
            "value": 1.0,
            "min": 1.0,
            "max": 1.0,
            "count": 4
        },
        "3DBall.IsTraining.sum": {
            "value": 1.0,
            "min": 1.0,
            "max": 1.0,
            "count": 4
        },
        "3DBall.Losses.PolicyLoss.mean": {
            "value": 0.1261723522354896,
            "min": 0.1261723522354896,
            "max": 0.12624824580390856,
            "count": 2
        },
        "3DBall.Losses.PolicyLoss.sum": {
            "value": 0.1261723522354896,
            "min": 0.1261723522354896,
            "max": 0.12624824580390856,
            "count": 2
        },
        "3DBall.Losses.ValueLoss.mean": {
            "value": 0.21321163335207938,
            "min": 0.21321163335207938,
            "max": 0.30863992403792484,
            "count": 2
        },
        "3DBall.Losses.ValueLoss.sum": {
            "value": 0.21321163335207938,
            "min": 0.21321163335207938,
            "max": 0.30863992403792484,
            "count": 2
        },
        "3DBall.Policy.LearningRate.mean": {
            "value": 0.000182622008689,
            "min": 0.000182622008689,
            "max": 0.00019130480434760002,
            "count": 2
        },
        "3DBall.Policy.LearningRate.sum": {
            "value": 0.000182622008689,
            "min": 0.000182622008689,
            "max": 0.00019130480434760002,
            "count": 2
        },
        "3DBall.Policy.Epsilon.mean": {
            "value": 0.191311,
            "min": 0.191311,
            "max": 0.1956524,
            "count": 2
        },
        "3DBall.Policy.Epsilon.sum": {
            "value": 0.191311,
            "min": 0.191311,
            "max": 0.1956524,
            "count": 2
        },
        "3DBall.Policy.Beta.mean": {
            "value": 0.0010052898999999998,
            "min": 0.0010052898999999998,
            "max": 0.0010526111599999997,
            "count": 2
        },
        "3DBall.Policy.Beta.sum": {
            "value": 0.0010052898999999998,
            "min": 0.0010052898999999998,
            "max": 0.0010526111599999997,
            "count": 2
        }
    },
    "metadata": {
        "timer_format_version": "0.1.0",
        "start_time_seconds": "1765123601",
        "python_version": "3.10.11 (tags/v3.10.11:7d4cc5a, Apr  5 2023, 00:38:17) [MSC v.1929 64 bit (AMD64)]",
        "command_line_arguments": "C:\\Users\\moebn\\Documents\\University\\Project 2-1\\project_2_1_group_7\\venv\\Scripts\\mlagents-learn Config/training_config.yaml --run-id=run_batch_size40_buffer_size21700_learning_rate0.0002_beta0.0011_epsilon0.2 --time-scale=20 --env=3DBall_environment/UnityEnvironment.exe --no-graphics",
        "mlagents_version": "1.0.0",
        "mlagents_envs_version": "1.0.0",
        "communication_protocol_version": "1.5.0",
        "pytorch_version": "2.9.1+cpu",
        "numpy_version": "1.23.5",
        "end_time_seconds": "1765123631"
    },
    "total": 29.617488000018056,
    "count": 1,
    "self": 0.1601978000253439,
    "children": {
        "run_training.setup": {
            "total": 0.07433970001875423,
            "count": 1,
            "self": 0.07433970001875423
        },
        "TrainerController.start_learning": {
            "total": 29.38295049997396,
            "count": 1,
            "self": 0.051192799262935296,
            "children": {
                "TrainerController._reset_env": {
                    "total": 3.45124009999563,
                    "count": 1,
                    "self": 3.45124009999563
                },
                "TrainerController.advance": {
                    "total": 25.87429490071372,
                    "count": 5780,
                    "self": 0.04778400284703821,
                    "children": {
                        "env_step": {
                            "total": 14.393511998612667,
                            "count": 5780,
                            "self": 12.748201098351274,
                            "children": {
                                "SubprocessEnvManager._take_step": {
                                    "total": 1.610953001276357,
                                    "count": 5780,
                                    "self": 0.11922600126126781,
                                    "children": {
                                        "TorchPolicy.evaluate": {
                                            "total": 1.4917270000150893,
                                            "count": 4182,
                                            "self": 1.4917270000150893
                                        }
                                    }
                                },
                                "workers": {
                                    "total": 0.03435789898503572,
                                    "count": 5780,
                                    "self": 0.0,
                                    "children": {
                                        "worker_root": {
                                            "total": 26.471758198691532,
                                            "count": 5780,
                                            "is_parallel": true,
                                            "self": 16.73498459820985,
                                            "children": {
                                                "steps_from_proto": {
                                                    "total": 0.0003603999793995172,
                                                    "count": 1,
                                                    "is_parallel": true,