{
    "name": "root",
    "gauges": {
        "3DBall.Policy.Entropy.mean": {
            "value": 1.3806424140930176,
            "min": 1.3806424140930176,
            "max": 1.417014718055725,
            "count": 4
        },
        "3DBall.Policy.Entropy.sum": {
            "value": 16451.734375,
            "min": 16451.734375,
            "max": 17208.2265625,
            "count": 4
        },
        "3DBall.Environment.EpisodeLength.mean": {
            "value": 30.46456692913386,
            "min": 21.810246679316887,
            "max": 30.46456692913386,
            "count": 4
        },
        "3DBall.Environment.EpisodeLength.sum": {
            "value": 11607.0,
            "min": 11493.0,
            "max": 11607.0,
            "count": 4
        },
        "3DBall.Step.mean": {
            "value": 47975.0,
            "min": 11996.0,
            "max": 47975.0,
            "count": 4
        },
        "3DBall.Step.sum": {
            "value": 47975.0,
            "min": 11996.0,
            "max": 47975.0,
            "count": 4
        },
        "3DBall.Policy.ExtrinsicValueEstimate.mean": {
            "value": 0.4668753743171692,
            "min": -0.4137999713420868,
            "max": 0.4668753743171692,
            "count": 4
        },
        "3DBall.Policy.ExtrinsicValueEstimate.sum": {
            "value": 177.8795166015625,
            "min": -217.65878295898438,
            "max": 177.8795166015625,
            "count": 4
        },
        "3DBall.Environment.CumulativeReward.mean": {
            "value": 2.044094435186211,
            "min": 1.180608337596342,
            "max": 2.044094435186211,
            "count": 4
        },
        "3DBall.Environment.CumulativeReward.sum": {
            "value": 778.7999798059464,
            "min": 620.999985575676,
            "max": 778.7999798059464,
            "count": 4
        },
        "3DBall.Policy.ExtrinsicReward.mean": {
            "value": 2.044094435186211,
            "min": 1.180608337596342,
            "max": 2.044094435186211,
            "count": 4
        },
        "3DBall.Policy.ExtrinsicReward.sum": {
            "value": 778.7999798059464,
            "min": 620.999985575676,
            "max": 778.7999798059464,
            "count": 4
        },
        "3DBall.Losses.PolicyLoss.mean": {
            "value": 0.6595427057958674,
            "min": 0.6595427057958674,
            "max": 0.7651744819105069,
            "count": 4
        },
        "3DBall.Losses.PolicyLoss.sum": {
            "value": 0.6595427057958674,
            "min": 0.6595427057958674,
            "max": 0.7651744819105069,
            "count": 4
        },
        "3DBall.Losses.ValueLoss.mean": {
            "value": 0.36509658633547243,
            "min": 0.1511448709234239,
            "max": 0.36509658633547243,
            "count": 4
        },
        "3DBall.Losses.ValueLoss.sum": {
            "value": 0.36509658633547243,
            "min": 0.1511448709234239,
            "max": 0.36509658633547243,
            "count": 4
        },
        "3DBall.Policy.LearningRate.mean": {
            "value": 0.0002766834077722,
            "min": 0.0002766834077722,
            "max": 0.00029417460194179997,
            "count": 4
        },
        "3DBall.Policy.LearningRate.sum": {
            "value": 0.0002766834077722,
            "min": 0.0002766834077722,
            "max": 0.00029417460194179997,
            "count": 4
        },
        "3DBall.Policy.Epsilon.mean": {
            "value": 0.1461139,
            "min": 0.1461139,
            "max": 0.14902909999999997,
            "count": 4
        },
        "3DBall.Policy.Epsilon.sum": {
            "value": 0.1461139,
            "min": 0.1461139,
            "max": 0.14902909999999997,
            "count": 4
        },
        "3DBall.Policy.Beta.mean": {
            "value": 0.00092305522,
            "min": 0.00092305522,
            "max": 0.00098077618,
            "count": 4
        },
        "3DBall.Policy.Beta.sum": {
            "value": 0.00092305522,
            "min": 0.00092305522,
            "max": 0.00098077618,
            "count": 4
        },
        "3DBall.IsTraining.mean": {
            "value": 1.0,
            "min": 1.0,
            "max": 1.0,
            "count": 4
        },
        "3DBall.IsTraining.sum": {
            "value": 1.0,
            "min": 1.0,
            "max": 1.0,
            "count": 4
        }
    },
    "metadata": {
        "timer_format_version": "0.1.0",
        "start_time_seconds": "1764721188",
        "python_version": "3.10.11 (tags/v3.10.11:7d4cc5a, Apr  5 2023, 00:38:17) [MSC v.1929 64 bit (AMD64)]",
        "command_line_arguments": "C:\\Users\\moebn\\Documents\\University\\Project 2-1\\project_2_1_group_7\\venv\\Scripts\\mlagents-learn Config/training_config.yaml --run-id=run_batch_size1_buffer_size9700_learning_rate0.0003_beta0.001_epsilon0.15 --time-scale=20 --env=3DBall_environment/UnityEnvironment.exe --no-graphics",
        "mlagents_version": "1.0.0",
        "mlagents_envs_version": "1.0.0",
        "communication_protocol_version": "1.5.0",
        "pytorch_version": "2.9.1+cpu",
        "numpy_version": "1.23.5",
        "end_time_seconds": "1764721477"
    },
    "total": 288.0388799000066,
    "count": 1,
    "self": 0.17606769999838434,
    "children": {
        "run_training.setup": {
            "total": 0.06532510000397451,
            "count": 1,
            "self": 0.06532510000397451
        },
        "TrainerController.start_learning": {
            "total": 287.7974871000042,
            "count": 1,
            "self": 0.05013140024675522,
            "children": {
                "TrainerController._reset_env": {
                    "total": 8.425562200005515,
                    "count": 1,
                    "self": 8.425562200005515
                },
                "TrainerController.advance": {
                    "total": 279.31548539975483,
                    "count": 5686,
                    "self": 0.04916209925431758,
                    "children": {
                        "env_step": {
                            "total": 14.24951450122171,
                            "count": 5686,
                            "self": 12.552703501351061,
                            "children": {
                                "SubprocessEnvManager._take_step": {
                                    "total": 1.6617889002809534,
                                    "count": 5686,
                                    "self": 0.12261570064583793,
                                    "children": {
                                        "TorchPolicy.evaluate": {
                                            "total": 1.5391731996351155,
                                            "count": 4204,
                                            "self": 1.5391731996351155
                                        }
                                    }
                                },
                                "workers": {
                                    "total": 0.035022099589696154,
                                    "count": 5686,
                                    "self": 0.0,
                                    "children": {
                                        "worker_root": {
                                            "total": 279.96261689988023,
                                            "count": 5686,
                                            "is_parallel": true,
                                            "self": 270.4045104997058,
                                            "children": {
                                                "steps_from_proto": {
                                                    "total": 0.000225800002226606,
                                                    "count": 1,
                                                    "is_parallel": true,