{
    "name": "root",
    "gauges": {
        "3DBall.Policy.Entropy.mean": {
            "value": 1.4113932847976685,
            "min": 1.4113932847976685,
            "max": 1.4189503192901611,
            "count": 4
        },
        "3DBall.Policy.Entropy.sum": {
            "value": 16919.783203125,
            "min": 16919.783203125,
            "max": 17265.640625,
            "count": 4
        },
        "3DBall.Environment.EpisodeLength.mean": {
            "value": 24.898488120950326,
            "min": 22.506849315068493,
            "max": 24.898488120950326,
            "count": 4
        },
        "3DBall.Environment.EpisodeLength.sum": {
            "value": 11528.0,
            "min": 11501.0,
            "max": 11528.0,
            "count": 4
        },
        "3DBall.Step.mean": {
            "value": 47982.0,
            "min": 11989.0,
            "max": 47982.0,
            "count": 4
        },
        "3DBall.Step.sum": {
            "value": 47982.0,
            "min": 11989.0,
            "max": 47982.0,
            "count": 4
        },
        "3DBall.Policy.ExtrinsicValueEstimate.mean": {
            "value": 0.30000463128089905,
            "min": -0.3661406934261322,
            "max": 0.30000463128089905,
            "count": 4
        },
        "3DBall.Policy.ExtrinsicValueEstimate.sum": {
            "value": 138.9021453857422,
            "min": -186.73175048828125,
            "max": 138.9021453857422,
            "count": 4
        },
        "3DBall.Environment.CumulativeReward.mean": {
            "value": 1.4898487638448794,
            "min": 1.2507842718386182,
            "max": 1.4898487638448794,
            "count": 4
        },
        "3DBall.Environment.CumulativeReward.sum": {
            "value": 689.7999776601791,
            "min": 637.8999786376953,
            "max": 689.7999776601791,
            "count": 4
        },
        "3DBall.Policy.ExtrinsicReward.mean": {
            "value": 1.4898487638448794,
            "min": 1.2507842718386182,
            "max": 1.4898487638448794,
            "count": 4
        },
        "3DBall.Policy.ExtrinsicReward.sum": {
            "value": 689.7999776601791,
            "min": 637.8999786376953,
            "max": 689.7999776601791,
            "count": 4
        },
        "3DBall.IsTraining.mean": {
            "value": 1.0,
            "min": 1.0,
            "max": 1.0,
            "count": 4
        },
        "3DBall.IsTraining.sum": {
            "value": 1.0,
            "min": 1.0,
            "max": 1.0,
            "count": 4
        },
        "3DBall.Losses.PolicyLoss.mean": {
            "value": 0.1293603695034456,
            "min": 0.12331582765282743,
            "max": 0.1293603695034456,
            "count": 3
        },
        "3DBall.Losses.PolicyLoss.sum": {
            "value": 0.1293603695034456,
            "min": 0.12331582765282743,
            "max": 0.1293603695034456,
            "count": 3
        },
        "3DBall.Losses.ValueLoss.mean": {
            "value": 0.22172789363461523,
            "min": 0.2098542958786145,
            "max": 0.24922537825260702,
            "count": 3
        },
        "3DBall.Losses.ValueLoss.sum": {
            "value": 0.22172789363461523,
            "min": 0.2098542958786145,
            "max": 0.24922537825260702,
            "count": 3
        },
        "3DBall.Policy.LearningRate.mean": {
            "value": 0.00027387900870699995,
            "min": 0.00027387900870699995,
            "max": 0.0002912934029022001,
            "count": 3
        },
        "3DBall.Policy.LearningRate.sum": {
            "value": 0.00027387900870699995,
            "min": 0.00027387900870699995,
            "max": 0.0002912934029022001,
            "count": 3
        },
        "3DBall.Policy.Epsilon.mean": {
            "value": 0.09999999999999998,
            "min": 0.09999999999999998,
            "max": 0.09999999999999998,
            "count": 3
        },
        "3DBall.Policy.Epsilon.sum": {
            "value": 0.09999999999999998,
            "min": 0.09999999999999998,
            "max": 0.09999999999999998,
            "count": 3
        },
        "3DBall.Policy.Beta.mean": {
            "value": 0.0009138007,
            "min": 0.0009138007,
            "max": 0.00097126822,
            "count": 3
        },
        "3DBall.Policy.Beta.sum": {
            "value": 0.0009138007,
            "min": 0.0009138007,
            "max": 0.00097126822,
            "count": 3
        }
    },
    "metadata": {
        "timer_format_version": "0.1.0",
        "start_time_seconds": "1765111960",
        "python_version": "3.10.11 (tags/v3.10.11:7d4cc5a, Apr  5 2023, 00:38:17) [MSC v.1929 64 bit (AMD64)]",
        "command_line_arguments": "C:\\Users\\moebn\\Documents\\University\\Project 2-1\\project_2_1_group_7\\venv\\Scripts\\mlagents-learn Config/training_config.yaml --run-id=run_batch_size40_buffer_size14500_learning_rate0.0003_beta0.001_epsilon0.1 --time-scale=20 --env=3DBall_environment/UnityEnvironment.exe --no-graphics",
        "mlagents_version": "1.0.0",
        "mlagents_envs_version": "1.0.0",
        "communication_protocol_version": "1.5.0",
        "pytorch_version": "2.9.1+cpu",
        "numpy_version": "1.23.5",
        "end_time_seconds": "1765111989"
    },
    "total": 29.485681399994064,
    "count": 1,
    "self": 0.15444389995536767,
    "children": {
        "run_training.setup": {
            "total": 0.07128510001348332,
            "count": 1,
            "self": 0.07128510001348332
        },
        "TrainerController.start_learning": {
            "total": 29.259952400025213,
            "count": 1,
            "self": 0.049418598937336355,
            "children": {
                "TrainerController._reset_env": {
                    "total": 3.469328700011829,
                    "count": 1,
                    "self": 3.469328700011829
                },
                "TrainerController.advance": {
                    "total": 25.734705901093548,
                    "count": 5711,
                    "self": 0.046481503697577864,
                    "children": {
                        "env_step": {
                            "total": 14.142633199662669,
                            "count": 5711,
                            "self": 12.622182997729396,
                            "children": {
                                "SubprocessEnvManager._take_step": {
                                    "total": 1.48672230145894,
                                    "count": 5711,
                                    "self": 0.11950330098625273,
                                    "children": {
                                        "TorchPolicy.evaluate": {
                                            "total": 1.3672190004726872,
                                            "count": 4183,
                                            "self": 1.3672190004726872
                                        }
                                    }
                                },
                                "workers": {
                                    "total": 0.03372790047433227,
                                    "count": 5711,
                                    "self": 0.0,
                                    "children": {
                                        "worker_root": {
                                            "total": 26.356103499652818,
                                            "count": 5711,
                                            "is_parallel": true,
                                            "self": 16.70270100008929,
                                            "children": {
                                                "steps_from_proto": {
                                                    "total": 0.00039679999463260174,
                                                    "count": 1,