{
    "name": "root",
    "gauges": {
        "3DBall.Policy.Entropy.mean": {
            "value": 1.4110068082809448,
            "min": 1.4110068082809448,
            "max": 1.4189382791519165,
            "count": 4
        },
        "3DBall.Policy.Entropy.sum": {
            "value": 17016.7421875,
            "min": 16959.599609375,
            "max": 17197.53125,
            "count": 4
        },
        "3DBall.Environment.EpisodeLength.mean": {
            "value": 27.56294536817102,
            "min": 22.281007751937985,
            "max": 27.56294536817102,
            "count": 4
        },
        "3DBall.Environment.EpisodeLength.sum": {
            "value": 11604.0,
            "min": 11497.0,
            "max": 11604.0,
            "count": 4
        },
        "3DBall.Step.mean": {
            "value": 47970.0,
            "min": 11990.0,
            "max": 47970.0,
            "count": 4
        },
        "3DBall.Step.sum": {
            "value": 47970.0,
            "min": 11990.0,
            "max": 47970.0,
            "count": 4
        },
        "3DBall.Policy.ExtrinsicValueEstimate.mean": {
            "value": 0.3301858901977539,
            "min": 0.024141978472471237,
            "max": 0.3301858901977539,
            "count": 4
        },
        "3DBall.Policy.ExtrinsicValueEstimate.sum": {
            "value": 139.0082550048828,
            "min": 12.360692977905273,
            "max": 139.0082550048828,
            "count": 4
        },
        "3DBall.Environment.CumulativeReward.mean": {
            "value": 1.7532065919912343,
            "min": 1.2232557687648506,
            "max": 1.7532065919912343,
            "count": 4
        },
        "3DBall.Environment.CumulativeReward.sum": {
            "value": 738.0999752283096,
            "min": 631.199976682663,
            "max": 738.0999752283096,
            "count": 4
        },
        "3DBall.Policy.ExtrinsicReward.mean": {
            "value": 1.7532065919912343,
            "min": 1.2232557687648506,
            "max": 1.7532065919912343,
            "count": 4
        },
        "3DBall.Policy.ExtrinsicReward.sum": {
            "value": 738.0999752283096,
            "min": 631.199976682663,
            "max": 738.0999752283096,
            "count": 4
        },
        "3DBall.IsTraining.mean": {
            "value": 1.0,
            "min": 1.0,
            "max": 1.0,
            "count": 4
        },
        "3DBall.IsTraining.sum": {
            "value": 1.0,
            "min": 1.0,
            "max": 1.0,
            "count": 4
        },
        "3DBall.Losses.PolicyLoss.mean": {
            "value": 0.15733091430504978,
            "min": 0.15504677301052402,
            "max": 0.15733091430504978,
            "count": 3
        },
        "3DBall.Losses.PolicyLoss.sum": {
            "value": 0.15733091430504978,
            "min": 0.15504677301052402,
            "max": 0.15733091430504978,
            "count": 3
        },
        "3DBall.Losses.ValueLoss.mean": {
            "value": 0.3026996694648584,
            "min": 0.17816303326551178,
            "max": 0.3026996694648584,
            "count": 3
        },
        "3DBall.Losses.ValueLoss.sum": {
            "value": 0.3026996694648584,
            "min": 0.17816303326551178,
            "max": 0.3026996694648584,
            "count": 3
        },
        "3DBall.Policy.LearningRate.mean": {
            "value": 0.0002738760087079999,
            "min": 0.0002738760087079999,
            "max": 0.00029128800290399986,
            "count": 3
        },
        "3DBall.Policy.LearningRate.sum": {
            "value": 0.0002738760087079999,
            "min": 0.0002738760087079999,
            "max": 0.00029128800290399986,
            "count": 3
        },
        "3DBall.Policy.Epsilon.mean": {
            "value": 0.14564599999999994,
            "min": 0.14564599999999994,
            "max": 0.14854799999999999,
            "count": 3
        },
        "3DBall.Policy.Epsilon.sum": {
            "value": 0.14564599999999994,
            "min": 0.14564599999999994,
            "max": 0.14854799999999999,
            "count": 3
        },
        "3DBall.Policy.Beta.mean": {
            "value": 0.0010050827999999999,
            "min": 0.0010050827999999999,
            "max": 0.0010683463999999999,
            "count": 3
        },
        "3DBall.Policy.Beta.sum": {
            "value": 0.0010050827999999999,
            "min": 0.0010050827999999999,
            "max": 0.0010683463999999999,
            "count": 3
        }
    },
    "metadata": {
        "timer_format_version": "0.1.0",
        "start_time_seconds": "1765065088",
        "python_version": "3.10.11 (tags/v3.10.11:7d4cc5a, Apr  5 2023, 00:38:17) [MSC v.1929 64 bit (AMD64)]",
        "command_line_arguments": "C:\\Users\\moebn\\Documents\\University\\Project 2-1\\project_2_1_group_7\\venv\\Scripts\\mlagents-learn Config/training_config.yaml --run-id=run_batch_size27_buffer_size14500_learning_rate0.0003_beta0.0011_epsilon0.15 --time-scale=20 --env=3DBall_environment/UnityEnvironment.exe --no-graphics",
        "mlagents_version": "1.0.0",
        "mlagents_envs_version": "1.0.0",
        "communication_protocol_version": "1.5.0",
        "pytorch_version": "2.9.1+cpu",
        "numpy_version": "1.23.5",
        "end_time_seconds": "1765065120"
    },
    "total": 32.74081410000508,
    "count": 1,
    "self": 0.20414710001205094,
    "children": {
        "run_training.setup": {
            "total": 0.06672809999145102,
            "count": 1,
            "self": 0.06672809999145102
        },
        "TrainerController.start_learning": {
            "total": 32.46993890000158,
            "count": 1,
            "self": 0.04885490017477423,
            "children": {
                "TrainerController._reset_env": {
                    "total": 3.8135334000107832,
                    "count": 1,
                    "self": 3.8135334000107832
                },
                "TrainerController.advance": {
                    "total": 28.601190999819664,
                    "count": 5703,
                    "self": 0.04746559981140308,
                    "children": {
                        "env_step": {
                            "total": 14.272694499552017,
                            "count": 5703,
                            "self": 12.731904399144696,
                            "children": {
                                "SubprocessEnvManager._take_step": {
                                    "total": 1.5064754004270071,
                                    "count": 5703,
                                    "self": 0.12104619928868487,
                                    "children": {
                                        "TorchPolicy.evaluate": {
                                            "total": 1.3854292011383222,
                                            "count": 4187,
                                            "self": 1.3854292011383222
                                        }
                                    }
                                },
                                "workers": {
                                    "total": 0.03431469998031389,
                                    "count": 5703,
                                    "self": 0.0,
                                    "children": {
                                        "worker_root": {
                                            "total": 29.167415100702783,
                                            "count": 5703,
                                            "is_parallel": true,
                                            "self": 19.434809601065353,
                                            "children": {
                                                "steps_from_proto": {
                                                    "total": 0.0002865999995265156,