{
    "name": "root",
    "gauges": {
        "3DBall.Policy.Entropy.mean": {
            "value": 1.16939377784729,
            "min": 1.16939377784729,
            "max": 1.4161912202835083,
            "count": 41
        },
        "3DBall.Policy.Entropy.sum": {
            "value": 14032.7255859375,
            "min": 13660.1396484375,
            "max": 17938.69140625,
            "count": 41
        },
        "3DBall.Environment.EpisodeLength.mean": {
            "value": 999.0,
            "min": 22.16988416988417,
            "max": 999.0,
            "count": 41
        },
        "3DBall.Environment.EpisodeLength.sum": {
            "value": 11988.0,
            "min": 11425.0,
            "max": 12595.0,
            "count": 41
        },
        "3DBall.Step.mean": {
            "value": 491334.0,
            "min": 11985.0,
            "max": 491334.0,
            "count": 41
        },
        "3DBall.Step.sum": {
            "value": 491334.0,
            "min": 11985.0,
            "max": 491334.0,
            "count": 41
        },
        "3DBall.Policy.ExtrinsicValueEstimate.mean": {
            "value": 9.99869441986084,
            "min": 0.11307355016469955,
            "max": 10.008428573608398,
            "count": 41
        },
        "3DBall.Policy.ExtrinsicValueEstimate.sum": {
            "value": 119.98432922363281,
            "min": 58.45902633666992,
            "max": 369.1473388671875,
            "count": 41
        },
        "3DBall.Environment.CumulativeReward.mean": {
            "value": 100.00001525878906,
            "min": 1.2181817883449089,
            "max": 100.00001525878906,
            "count": 41
        },
        "3DBall.Environment.CumulativeReward.sum": {
            "value": 1200.0001831054688,
            "min": 629.7999845743179,
            "max": 1253.7001953125,
            "count": 41
        },
        "3DBall.Policy.ExtrinsicReward.mean": {
            "value": 100.00001525878906,
            "min": 1.2181817883449089,
            "max": 100.00001525878906,
            "count": 41
        },
        "3DBall.Policy.ExtrinsicReward.sum": {
            "value": 1200.0001831054688,
            "min": 629.7999845743179,
            "max": 1253.7001953125,
            "count": 41
        },
        "3DBall.Losses.PolicyLoss.mean": {
            "value": 0.19335949605004465,
            "min": 0.1775841513740776,
            "max": 0.20300829900340608,
            "count": 41
        },
        "3DBall.Losses.PolicyLoss.sum": {
            "value": 0.3867189921000893,
            "min": 0.36235058752015936,
            "max": 0.6090248970102182,
            "count": 41
        },
        "3DBall.Losses.ValueLoss.mean": {
            "value": 0.005186062595369464,
            "min": 0.0007850761557297391,
            "max": 3.7592238878396915,
            "count": 41
        },
        "3DBall.Losses.ValueLoss.sum": {
            "value": 0.010372125190738928,
            "min": 0.0015701523114594782,
            "max": 11.277671663519074,
            "count": 41
        },
        "3DBall.Policy.LearningRate.mean": {
            "value": 2.633209736680002e-05,
            "min": 2.633209736680002e-05,
            "max": 0.0009876730012327002,
            "count": 41
        },
        "3DBall.Policy.LearningRate.sum": {
            "value": 5.266419473360004e-05,
            "min": 5.266419473360004e-05,
            "max": 0.0029013060098694006,
            "count": 41
        },
        "3DBall.Policy.Epsilon.mean": {
            "value": 0.09868339999999999,
            "min": 0.050616349999999984,
            "max": 0.09868339999999999,
            "count": 41
        },
        "3DBall.Policy.Epsilon.sum": {
            "value": 0.19736679999999998,
            "min": 0.10123269999999997,
            "max": 0.2922967000000001,
            "count": 41
        },
        "3DBall.Policy.Beta.mean": {
            "value": 3.6068680000000015e-05,
            "min": 3.6068680000000015e-05,
            "max": 0.0009877962700000002,
            "count": 41
        },
        "3DBall.Policy.Beta.sum": {
            "value": 7.213736000000003e-05,
            "min": 7.213736000000003e-05,
            "max": 0.0029022929400000005,
            "count": 41
        },
        "3DBall.IsTraining.mean": {
            "value": 1.0,
            "min": 1.0,
            "max": 1.0,
            "count": 41
        },
        "3DBall.IsTraining.sum": {
            "value": 1.0,
            "min": 1.0,
            "max": 1.0,
            "count": 41
        }
    },
    "metadata": {
        "timer_format_version": "0.1.0",
        "start_time_seconds": "1767646837",
        "python_version": "3.10.11 (tags/v3.10.11:7d4cc5a, Apr  5 2023, 00:38:17) [MSC v.1929 64 bit (AMD64)]",
        "command_line_arguments": "C:\\Users\\atoz\\Documents\\01_2025_2026_year_2\\semester_1\\project_2_1\\code\\project_2_1_group_7\\venv\\Scripts\\mlagents-learn Config/training_config.yaml --run-id=omar-run115 --time-scale=20 --env=3DBall_environment/UnityEnvironment.exe --no-graphics",
        "mlagents_version": "1.0.0",
        "mlagents_envs_version": "1.0.0",
        "communication_protocol_version": "1.5.0",
        "pytorch_version": "1.13.1+cpu",
        "numpy_version": "1.23.5",
        "end_time_seconds": "1767647160"
    },
    "total": 323.6680959999794,
    "count": 1,
    "self": 0.2279308999713976,
    "children": {
        "run_training.setup": {
            "total": 0.06666110001970083,
            "count": 1,
            "self": 0.06666110001970083
        },
        "TrainerController.start_learning": {
            "total": 323.3735039999883,
            "count": 1,
            "self": 0.4936267022276297,
            "children": {
                "TrainerController._reset_env": {
                    "total": 1.7715972999867518,
                    "count": 1,
                    "self": 1.7715972999867518
                },
                "TrainerController.advance": {
                    "total": 321.07496139776777,
                    "count": 44055,
                    "self": 0.464058599434793,
                    "children": {
                        "env_step": {
                            "total": 146.4840460003179,
                            "count": 44055,
                            "self": 125.41752579787862,
                            "children": {
                                "SubprocessEnvManager._take_step": {
                                    "total": 20.74708160231239,
                                    "count": 44055,
                                    "self": 1.5367772073077504,
                                    "children": {
                                        "TorchPolicy.evaluate": {
                                            "total": 19.21030439500464,
                                            "count": 41993,
                                            "self": 19.21030439500464
                                        }
                                    }
                                },
                                "workers": {
                                    "total": 0.31943860012688674,
                                    "count": 44055,
                                    "self": 0.0,
                                    "children": {
                                        "worker_root": {
                                            "total": 320.8534617999976,
                                            "count": 44055,
                                            "is_parallel": true,
                                            "self": 226.45842459829873,
                                            "children": {
                                                "steps_from_proto": {
                                                    "total": 0.0001942999952007085,
                                                    "count": 1,