{
    "name": "root",
    "gauges": {
        "3DBall.Policy.Entropy.mean": {
            "value": 1.4225877523422241,
            "min": 1.4189382791519165,
            "max": 1.4237797260284424,
            "count": 4
        },
        "3DBall.Policy.Entropy.sum": {
            "value": 16985.697265625,
            "min": 16985.697265625,
            "max": 17248.61328125,
            "count": 4
        },
        "3DBall.Environment.EpisodeLength.mean": {
            "value": 23.277327935222672,
            "min": 20.84153005464481,
            "max": 23.277327935222672,
            "count": 4
        },
        "3DBall.Environment.EpisodeLength.sum": {
            "value": 11499.0,
            "min": 11442.0,
            "max": 11499.0,
            "count": 4
        },
        "3DBall.Step.mean": {
            "value": 47988.0,
            "min": 11988.0,
            "max": 47988.0,
            "count": 4
        },
        "3DBall.Step.sum": {
            "value": 47988.0,
            "min": 11988.0,
            "max": 47988.0,
            "count": 4
        },
        "3DBall.Policy.ExtrinsicValueEstimate.mean": {
            "value": 0.1887180209159851,
            "min": 0.15899024903774261,
            "max": 0.4792928099632263,
            "count": 4
        },
        "3DBall.Policy.ExtrinsicValueEstimate.sum": {
            "value": 93.22669982910156,
            "min": 82.03897094726562,
            "max": 259.7767028808594,
            "count": 4
        },
        "3DBall.Environment.CumulativeReward.mean": {
            "value": 1.3305667624299826,
            "min": 1.0861566215482132,
            "max": 1.3305667624299826,
            "count": 4
        },
        "3DBall.Environment.CumulativeReward.sum": {
            "value": 657.2999806404114,
            "min": 596.299985229969,
            "max": 657.2999806404114,
            "count": 4
        },
        "3DBall.Policy.ExtrinsicReward.mean": {
            "value": 1.3305667624299826,
            "min": 1.0861566215482132,
            "max": 1.3305667624299826,
            "count": 4
        },
        "3DBall.Policy.ExtrinsicReward.sum": {
            "value": 657.2999806404114,
            "min": 596.299985229969,
            "max": 657.2999806404114,
            "count": 4
        },
        "3DBall.IsTraining.mean": {
            "value": 1.0,
            "min": 1.0,
            "max": 1.0,
            "count": 4
        },
        "3DBall.IsTraining.sum": {
            "value": 1.0,
            "min": 1.0,
            "max": 1.0,
            "count": 4
        },
        "3DBall.Losses.PolicyLoss.mean": {
            "value": 0.2161545637271352,
            "min": 0.2161545637271352,
            "max": 0.21648874816379757,
            "count": 2
        },
        "3DBall.Losses.PolicyLoss.sum": {
            "value": 0.2161545637271352,
            "min": 0.2161545637271352,
            "max": 0.21648874816379757,
            "count": 2
        },
        "3DBall.Losses.ValueLoss.mean": {
            "value": 0.16338081897847273,
            "min": 0.15783827709494738,
            "max": 0.16338081897847273,
            "count": 2
        },
        "3DBall.Losses.ValueLoss.sum": {
            "value": 0.16338081897847273,
            "min": 0.15783827709494738,
            "max": 0.16338081897847273,
            "count": 2
        },
        "3DBall.Policy.LearningRate.mean": {
            "value": 0.0004565900086819999,
            "min": 0.0004565900086819999,
            "max": 0.00047829100434179997,
            "count": 2
        },
        "3DBall.Policy.LearningRate.sum": {
            "value": 0.0004565900086819999,
            "min": 0.0004565900086819999,
            "max": 0.00047829100434179997,
            "count": 2
        },
        "3DBall.Policy.Epsilon.mean": {
            "value": 0.14565899999999998,
            "min": 0.14565899999999998,
            "max": 0.14782910000000002,
            "count": 2
        },
        "3DBall.Policy.Epsilon.sum": {
            "value": 0.14565899999999998,
            "min": 0.14565899999999998,
            "max": 0.14782910000000002,
            "count": 2
        },
        "3DBall.Policy.Beta.mean": {
            "value": 0.0011880022,
            "min": 0.0011880022,
            "max": 0.0012439907800000003,
            "count": 2
        },
        "3DBall.Policy.Beta.sum": {
            "value": 0.0011880022,
            "min": 0.0011880022,
            "max": 0.0012439907800000003,
            "count": 2
        }
    },
    "metadata": {
        "timer_format_version": "0.1.0",
        "start_time_seconds": "1765032612",
        "python_version": "3.10.11 (tags/v3.10.11:7d4cc5a, Apr  5 2023, 00:38:17) [MSC v.1929 64 bit (AMD64)]",
        "command_line_arguments": "C:\\Users\\moebn\\Documents\\University\\Project 2-1\\project_2_1_group_7\\venv\\Scripts\\mlagents-learn Config/training_config.yaml --run-id=run_batch_size14_buffer_size21700_learning_rate0.0005_beta0.0013_epsilon0.15 --time-scale=20 --env=3DBall_environment/UnityEnvironment.exe --no-graphics",
        "mlagents_version": "1.0.0",
        "mlagents_envs_version": "1.0.0",
        "communication_protocol_version": "1.5.0",
        "pytorch_version": "2.9.1+cpu",
        "numpy_version": "1.23.5",
        "end_time_seconds": "1765032653"
    },
    "total": 41.149018900003284,
    "count": 1,
    "self": 0.15951990000030492,
    "children": {
        "run_training.setup": {
            "total": 0.06613880000077188,
            "count": 1,
            "self": 0.06613880000077188
        },
        "TrainerController.start_learning": {
            "total": 40.92336020000221,
            "count": 1,
            "self": 0.05080900003667921,
            "children": {
                "TrainerController._reset_env": {
                    "total": 3.413823799986858,
                    "count": 1,
                    "self": 3.413823799986858
                },
                "TrainerController.advance": {
                    "total": 37.45245299997623,
                    "count": 5847,
                    "self": 0.048582799863652326,
                    "children": {
                        "env_step": {
                            "total": 13.957920400047442,
                            "count": 5847,
                            "self": 12.406392400807817,
                            "children": {
                                "SubprocessEnvManager._take_step": {
                                    "total": 1.517053999195923,
                                    "count": 5847,
                                    "self": 0.11987029915326275,
                                    "children": {
                                        "TorchPolicy.evaluate": {
                                            "total": 1.3971837000426603,
                                            "count": 4180,
                                            "self": 1.3971837000426603
                                        }
                                    }
                                },
                                "workers": {
                                    "total": 0.03447400004370138,
                                    "count": 5847,
                                    "self": 0.0,
                                    "children": {
                                        "worker_root": {
                                            "total": 38.02759939945827,
                                            "count": 5847,
                                            "is_parallel": true,
                                            "self": 28.556557999108918,
                                            "children": {
                                                "steps_from_proto": {
                                                    "total": 0.0002758000046014786,
                                                    "count": 1,