{
    "name": "root",
    "gauges": {
        "3DBall.Policy.Entropy.mean": {
            "value": 1.3656761646270752,
            "min": 1.3656761646270752,
            "max": 1.4256395101547241,
            "count": 4
        },
        "3DBall.Policy.Entropy.sum": {
            "value": 16388.11328125,
            "min": 16388.11328125,
            "max": 25460.2890625,
            "count": 4
        },
        "3DBall.Environment.EpisodeLength.mean": {
            "value": 870.7857142857143,
            "min": 23.95010395010395,
            "max": 870.7857142857143,
            "count": 4
        },
        "3DBall.Environment.EpisodeLength.sum": {
            "value": 12191.0,
            "min": 11520.0,
            "max": 12547.0,
            "count": 4
        },
        "3DBall.Step.mean": {
            "value": 47899.0,
            "min": 11982.0,
            "max": 47899.0,
            "count": 4
        },
        "3DBall.Step.sum": {
            "value": 47899.0,
            "min": 11982.0,
            "max": 47899.0,
            "count": 4
        },
        "3DBall.Policy.ExtrinsicValueEstimate.mean": {
            "value": 7.869277000427246,
            "min": 0.1930713802576065,
            "max": 7.869277000427246,
            "count": 4
        },
        "3DBall.Policy.ExtrinsicValueEstimate.sum": {
            "value": 110.16987609863281,
            "min": 92.67426300048828,
            "max": 217.34390258789062,
            "count": 4
        },
        "3DBall.Environment.CumulativeReward.mean": {
            "value": 86.94287071909223,
            "min": 1.3962499399979909,
            "max": 86.94287071909223,
            "count": 4
        },
        "3DBall.Environment.CumulativeReward.sum": {
            "value": 1217.2001900672913,
            "min": 670.1999711990356,
            "max": 1217.2001900672913,
            "count": 4
        },
        "3DBall.Policy.ExtrinsicReward.mean": {
            "value": 86.94287071909223,
            "min": 1.3962499399979909,
            "max": 86.94287071909223,
            "count": 4
        },
        "3DBall.Policy.ExtrinsicReward.sum": {
            "value": 1217.2001900672913,
            "min": 670.1999711990356,
            "max": 1217.2001900672913,
            "count": 4
        },
        "3DBall.Losses.PolicyLoss.mean": {
            "value": 0.14688666036998257,
            "min": 0.14688666036998257,
            "max": 0.1548945035017634,
            "count": 4
        },
        "3DBall.Losses.PolicyLoss.sum": {
            "value": 0.29377332073996515,
            "min": 0.29377332073996515,
            "max": 0.4646835105052902,
            "count": 4
        },
        "3DBall.Losses.ValueLoss.mean": {
            "value": 0.8459692159926064,
            "min": 0.34966013188822054,
            "max": 2.141267680330879,
            "count": 4
        },
        "3DBall.Losses.ValueLoss.sum": {
            "value": 1.6919384319852129,
            "min": 0.6993202637764411,
            "max": 6.423803040992638,
            "count": 4
        },
        "3DBall.Policy.LearningRate.mean": {
            "value": 0.0004577285084542999,
            "min": 0.0004577285084542999,
            "max": 0.0004926485014703,
            "count": 4
        },
        "3DBall.Policy.LearningRate.sum": {
            "value": 0.0009154570169085998,
            "min": 0.0009154570169085998,
            "max": 0.0014112630177474,
            "count": 4
        },
        "3DBall.Policy.Epsilon.mean": {
            "value": 0.2830914,
            "min": 0.2830914,
            "max": 0.2970594,
            "count": 4
        },
        "3DBall.Policy.Epsilon.sum": {
            "value": 0.5661828,
            "min": 0.5661828,
            "max": 0.8645052,
            "count": 4
        },
        "3DBall.Policy.Beta.mean": {
            "value": 0.00128248523,
            "min": 0.00128248523,
            "max": 0.0013795628300000001,
            "count": 4
        },
        "3DBall.Policy.Beta.sum": {
            "value": 0.00256497046,
            "min": 0.00256497046,
            "max": 0.00395331114,
            "count": 4
        },
        "3DBall.IsTraining.mean": {
            "value": 1.0,
            "min": 1.0,
            "max": 1.0,
            "count": 4
        },
        "3DBall.IsTraining.sum": {
            "value": 1.0,
            "min": 1.0,
            "max": 1.0,
            "count": 4
        }
    },
    "metadata": {
        "timer_format_version": "0.1.0",
        "start_time_seconds": "1765047206",
        "python_version": "3.10.11 (tags/v3.10.11:7d4cc5a, Apr  5 2023, 00:38:17) [MSC v.1929 64 bit (AMD64)]",
        "command_line_arguments": "C:\\Users\\moebn\\Documents\\University\\Project 2-1\\project_2_1_group_7\\venv\\Scripts\\mlagents-learn Config/training_config.yaml --run-id=run_batch_size27_buffer_size4900_learning_rate0.0005_beta0.0014_epsilon0.3 --time-scale=20 --env=3DBall_environment/UnityEnvironment.exe --no-graphics",
        "mlagents_version": "1.0.0",
        "mlagents_envs_version": "1.0.0",
        "communication_protocol_version": "1.5.0",
        "pytorch_version": "2.9.1+cpu",
        "numpy_version": "1.23.5",
        "end_time_seconds": "1765047242"
    },
    "total": 35.25078740000026,
    "count": 1,
    "self": 0.1530609000037657,
    "children": {
        "run_training.setup": {
            "total": 0.06587849999777973,
            "count": 1,
            "self": 0.06587849999777973
        },
        "TrainerController.start_learning": {
            "total": 35.03184799999872,
            "count": 1,
            "self": 0.043614099398837425,
            "children": {
                "TrainerController._reset_env": {
                    "total": 3.4323011999949813,
                    "count": 1,
                    "self": 3.4323011999949813
                },
                "TrainerController.advance": {
                    "total": 31.54932560060115,
                    "count": 5313,
                    "self": 0.045234099598019384,
                    "children": {
                        "env_step": {
                            "total": 14.767874900033348,
                            "count": 5313,
                            "self": 12.923009800448199,
                            "children": {
                                "SubprocessEnvManager._take_step": {
                                    "total": 1.8136846995039377,
                                    "count": 5313,
                                    "self": 0.1289264996739803,
                                    "children": {
                                        "TorchPolicy.evaluate": {
                                            "total": 1.6847581998299574,
                                            "count": 4668,
                                            "self": 1.6847581998299574
                                        }
                                    }
                                },
                                "workers": {
                                    "total": 0.0311804000812117,
                                    "count": 5313,
                                    "self": 0.0,
                                    "children": {
                                        "worker_root": {
                                            "total": 32.128101500085904,
                                            "count": 5313,
                                            "is_parallel": true,
                                            "self": 22.13008519988216,
                                            "children": {
                                                "steps_from_proto": {
                                                    "total": 0.00022649999300483614,
                                                    "count": 1,
                                                    "is_parallel": true,