{
    "name": "root",
    "gauges": {
        "3DBall.Policy.Entropy.mean": {
            "value": 1.421376347541809,
            "min": 1.418938159942627,
            "max": 1.4214305877685547,
            "count": 4
        },
        "3DBall.Policy.Entropy.sum": {
            "value": 17090.62890625,
            "min": 17040.109375,
            "max": 17146.44921875,
            "count": 4
        },
        "3DBall.Environment.EpisodeLength.mean": {
            "value": 22.75841584158416,
            "min": 21.72400756143667,
            "max": 22.75841584158416,
            "count": 4
        },
        "3DBall.Environment.EpisodeLength.sum": {
            "value": 11493.0,
            "min": 11469.0,
            "max": 11493.0,
            "count": 4
        },
        "3DBall.Step.mean": {
            "value": 47975.0,
            "min": 11988.0,
            "max": 47975.0,
            "count": 4
        },
        "3DBall.Step.sum": {
            "value": 47975.0,
            "min": 11988.0,
            "max": 47975.0,
            "count": 4
        },
        "3DBall.Policy.ExtrinsicValueEstimate.mean": {
            "value": 0.2303113490343094,
            "min": 0.2303113490343094,
            "max": 0.4630383551120758,
            "count": 4
        },
        "3DBall.Policy.ExtrinsicValueEstimate.sum": {
            "value": 116.3072280883789,
            "min": 116.3072280883789,
            "max": 244.4842529296875,
            "count": 4
        },
        "3DBall.Environment.CumulativeReward.mean": {
            "value": 1.274851444216058,
            "min": 1.170454522425478,
            "max": 1.274851444216058,
            "count": 4
        },
        "3DBall.Environment.CumulativeReward.sum": {
            "value": 643.7999793291092,
            "min": 617.9999878406525,
            "max": 643.7999793291092,
            "count": 4
        },
        "3DBall.Policy.ExtrinsicReward.mean": {
            "value": 1.274851444216058,
            "min": 1.170454522425478,
            "max": 1.274851444216058,
            "count": 4
        },
        "3DBall.Policy.ExtrinsicReward.sum": {
            "value": 643.7999793291092,
            "min": 617.9999878406525,
            "max": 643.7999793291092,
            "count": 4
        },
        "3DBall.IsTraining.mean": {
            "value": 1.0,
            "min": 1.0,
            "max": 1.0,
            "count": 4
        },
        "3DBall.IsTraining.sum": {
            "value": 1.0,
            "min": 1.0,
            "max": 1.0,
            "count": 4
        },
        "3DBall.Losses.PolicyLoss.mean": {
            "value": 0.21132538259656705,
            "min": 0.2103796688823426,
            "max": 0.21132538259656705,
            "count": 2
        },
        "3DBall.Losses.PolicyLoss.sum": {
            "value": 0.21132538259656705,
            "min": 0.2103796688823426,
            "max": 0.21132538259656705,
            "count": 2
        },
        "3DBall.Losses.ValueLoss.mean": {
            "value": 0.1669151855292179,
            "min": 0.1669151855292179,
            "max": 0.2480081258417778,
            "count": 2
        },
        "3DBall.Losses.ValueLoss.sum": {
            "value": 0.1669151855292179,
            "min": 0.1669151855292179,
            "max": 0.2480081258417778,
            "count": 2
        },
        "3DBall.Policy.LearningRate.mean": {
            "value": 9.131780868220001e-05,
            "min": 9.131780868220001e-05,
            "max": 9.565900434100001e-05,
            "count": 2
        },
        "3DBall.Policy.LearningRate.sum": {
            "value": 9.131780868220001e-05,
            "min": 9.131780868220001e-05,
            "max": 9.565900434100001e-05,
            "count": 2
        },
        "3DBall.Policy.Epsilon.mean": {
            "value": 0.14565889999999998,
            "min": 0.14565889999999998,
            "max": 0.14782950000000003,
            "count": 2
        },
        "3DBall.Policy.Epsilon.sum": {
            "value": 0.14565889999999998,
            "min": 0.14565889999999998,
            "max": 0.14782950000000003,
            "count": 2
        },
        "3DBall.Policy.Beta.mean": {
            "value": 0.0011879996199999998,
            "min": 0.0011879996199999998,
            "max": 0.0012440010999999998,
            "count": 2
        },
        "3DBall.Policy.Beta.sum": {
            "value": 0.0011879996199999998,
            "min": 0.0011879996199999998,
            "max": 0.0012440010999999998,
            "count": 2
        }
    },
    "metadata": {
        "timer_format_version": "0.1.0",
        "start_time_seconds": "1765028144",
        "python_version": "3.10.11 (tags/v3.10.11:7d4cc5a, Apr  5 2023, 00:38:17) [MSC v.1929 64 bit (AMD64)]",
        "command_line_arguments": "C:\\Users\\moebn\\Documents\\University\\Project 2-1\\project_2_1_group_7\\venv\\Scripts\\mlagents-learn Config/training_config.yaml --run-id=run_batch_size14_buffer_size21700_learning_rate0.0001_beta0.0013_epsilon0.15 --time-scale=20 --env=3DBall_environment/UnityEnvironment.exe --no-graphics",
        "mlagents_version": "1.0.0",
        "mlagents_envs_version": "1.0.0",
        "communication_protocol_version": "1.5.0",
        "pytorch_version": "2.9.1+cpu",
        "numpy_version": "1.23.5",
        "end_time_seconds": "1765028185"
    },
    "total": 41.068273800003226,
    "count": 1,
    "self": 0.14802189999318216,
    "children": {
        "run_training.setup": {
            "total": 0.06398550000449177,
            "count": 1,
            "self": 0.06398550000449177
        },
        "TrainerController.start_learning": {
            "total": 40.85626640000555,
            "count": 1,
            "self": 0.05085299914935604,
            "children": {
                "TrainerController._reset_env": {
                    "total": 3.417605499998899,
                    "count": 1,
                    "self": 3.417605499998899
                },
                "TrainerController.advance": {
                    "total": 37.38146720084478,
                    "count": 5840,
                    "self": 0.04888380094780587,
                    "children": {
                        "env_step": {
                            "total": 13.946592199295992,
                            "count": 5840,
                            "self": 12.497262300355942,
                            "children": {
                                "SubprocessEnvManager._take_step": {
                                    "total": 1.4143281997239683,
                                    "count": 5840,
                                    "self": 0.12100859956990462,
                                    "children": {
                                        "TorchPolicy.evaluate": {
                                            "total": 1.2933196001540637,
                                            "count": 4179,
                                            "self": 1.2933196001540637
                                        }
                                    }
                                },
                                "workers": {
                                    "total": 0.03500169921608176,
                                    "count": 5840,
                                    "self": 0.0,
                                    "children": {
                                        "worker_root": {
                                            "total": 37.95887550029147,
                                            "count": 5840,
                                            "is_parallel": true,
                                            "self": 28.532121300813742,
                                            "children": {
                                                "steps_from_proto": {
                                                    "total": 0.00025769999774638563,
                                                    "count": 1,