{
    "name": "root",
    "gauges": {
        "3DBall.Policy.Entropy.mean": {
            "value": 1.4135932922363281,
            "min": 1.4135932922363281,
            "max": 1.418938159942627,
            "count": 4
        },
        "3DBall.Policy.Entropy.sum": {
            "value": 17064.8984375,
            "min": 17015.333984375,
            "max": 17180.50390625,
            "count": 4
        },
        "3DBall.Environment.EpisodeLength.mean": {
            "value": 25.997752808988764,
            "min": 22.019157088122604,
            "max": 25.997752808988764,
            "count": 4
        },
        "3DBall.Environment.EpisodeLength.sum": {
            "value": 11569.0,
            "min": 11494.0,
            "max": 11569.0,
            "count": 4
        },
        "3DBall.Step.mean": {
            "value": 47994.0,
            "min": 11968.0,
            "max": 47994.0,
            "count": 4
        },
        "3DBall.Step.sum": {
            "value": 47994.0,
            "min": 11968.0,
            "max": 47994.0,
            "count": 4
        },
        "3DBall.Policy.ExtrinsicValueEstimate.mean": {
            "value": 0.32528072595596313,
            "min": -0.14519453048706055,
            "max": 0.32528072595596313,
            "count": 4
        },
        "3DBall.Policy.ExtrinsicValueEstimate.sum": {
            "value": 144.7499237060547,
            "min": -75.64634704589844,
            "max": 144.7499237060547,
            "count": 4
        },
        "3DBall.Environment.CumulativeReward.mean": {
            "value": 1.6031459765487843,
            "min": 1.1971208902787338,
            "max": 1.6031459765487843,
            "count": 4
        },
        "3DBall.Environment.CumulativeReward.sum": {
            "value": 713.399959564209,
            "min": 623.6999838352203,
            "max": 713.399959564209,
            "count": 4
        },
        "3DBall.Policy.ExtrinsicReward.mean": {
            "value": 1.6031459765487843,
            "min": 1.1971208902787338,
            "max": 1.6031459765487843,
            "count": 4
        },
        "3DBall.Policy.ExtrinsicReward.sum": {
            "value": 713.399959564209,
            "min": 623.6999838352203,
            "max": 713.399959564209,
            "count": 4
        },
        "3DBall.IsTraining.mean": {
            "value": 1.0,
            "min": 1.0,
            "max": 1.0,
            "count": 4
        },
        "3DBall.IsTraining.sum": {
            "value": 1.0,
            "min": 1.0,
            "max": 1.0,
            "count": 4
        },
        "3DBall.Losses.PolicyLoss.mean": {
            "value": 0.2162166415043729,
            "min": 0.2075418372513994,
            "max": 0.2162166415043729,
            "count": 2
        },
        "3DBall.Losses.PolicyLoss.sum": {
            "value": 0.2162166415043729,
            "min": 0.2075418372513994,
            "max": 0.2162166415043729,
            "count": 2
        },
        "3DBall.Losses.ValueLoss.mean": {
            "value": 0.24295390429690678,
            "min": 0.24295390429690678,
            "max": 0.3374656890858187,
            "count": 2
        },
        "3DBall.Losses.ValueLoss.sum": {
            "value": 0.24295390429690678,
            "min": 0.24295390429690678,
            "max": 0.3374656890858187,
            "count": 2
        },
        "3DBall.Policy.LearningRate.mean": {
            "value": 9.323220676780002e-05,
            "min": 9.323220676780002e-05,
            "max": 9.661660338340002e-05,
            "count": 2
        },
        "3DBall.Policy.LearningRate.sum": {
            "value": 9.323220676780002e-05,
            "min": 9.323220676780002e-05,
            "max": 9.661660338340002e-05,
            "count": 2
        },
        "3DBall.Policy.Epsilon.mean": {
            "value": 0.14661609999999997,
            "min": 0.14661609999999997,
            "max": 0.14830830000000003,
            "count": 2
        },
        "3DBall.Policy.Epsilon.sum": {
            "value": 0.14661609999999997,
            "min": 0.14661609999999997,
            "max": 0.14830830000000003,
            "count": 2
        },
        "3DBall.Policy.Beta.mean": {
            "value": 0.0013059275800000002,
            "min": 0.0013059275800000002,
            "max": 0.0013529707400000003,
            "count": 2
        },
        "3DBall.Policy.Beta.sum": {
            "value": 0.0013059275800000002,
            "min": 0.0013059275800000002,
            "max": 0.0013529707400000003,
            "count": 2
        }
    },
    "metadata": {
        "timer_format_version": "0.1.0",
        "start_time_seconds": "1764960116",
        "python_version": "3.10.11 (tags/v3.10.11:7d4cc5a, Apr  5 2023, 00:38:17) [MSC v.1929 64 bit (AMD64)]",
        "command_line_arguments": "C:\\Users\\moebn\\Documents\\University\\Project 2-1\\project_2_1_group_7\\venv\\Scripts\\mlagents-learn Config/training_config.yaml --run-id=run_batch_size14_buffer_size16900_learning_rate0.0001_beta0.0014_epsilon0.15 --time-scale=20 --env=3DBall_environment/UnityEnvironment.exe --no-graphics",
        "mlagents_version": "1.0.0",
        "mlagents_envs_version": "1.0.0",
        "communication_protocol_version": "1.5.0",
        "pytorch_version": "2.9.1+cpu",
        "numpy_version": "1.23.5",
        "end_time_seconds": "1764960152"
    },
    "total": 35.85565950000091,
    "count": 1,
    "self": 0.16568610000103945,
    "children": {
        "run_training.setup": {
            "total": 0.06414520000180346,
            "count": 1,
            "self": 0.06414520000180346
        },
        "TrainerController.start_learning": {
            "total": 35.62582819999807,
            "count": 1,
            "self": 0.05093269999633776,
            "children": {
                "TrainerController._reset_env": {
                    "total": 3.3945082999998704,
                    "count": 1,
                    "self": 3.3945082999998704
                },
                "TrainerController.advance": {
                    "total": 32.173592400002235,
                    "count": 5755,
                    "self": 0.04820149975057575,
                    "children": {
                        "env_step": {
                            "total": 14.148686000127782,
                            "count": 5755,
                            "self": 12.613089700280398,
                            "children": {
                                "SubprocessEnvManager._take_step": {
                                    "total": 1.5012202998696011,
                                    "count": 5755,
                                    "self": 0.12101959989013267,
                                    "children": {
                                        "TorchPolicy.evaluate": {
                                            "total": 1.3802006999794685,
                                            "count": 4176,
                                            "self": 1.3802006999794685
                                        }
                                    }
                                },
                                "workers": {
                                    "total": 0.03437599997778307,
                                    "count": 5755,
                                    "self": 0.0,
                                    "children": {
                                        "worker_root": {
                                            "total": 32.76062170012301,
                                            "count": 5755,
                                            "is_parallel": true,
                                            "self": 23.22331480001594,
                                            "children": {
                                                "steps_from_proto": {
                                                    "total": 0.00023660000078962184,
                                                    "count": 1,